stock,date,open_price,high_price,low_price,close_price,wap,no_of_shares,no_of_trades,total_turnover,deliverable_qty,pct_deli_qty,spread_high_low,spread_close_open,adj_close,ma20,ma50,signal
Bajaj Auto,2015-01-01,2430.0,2462.0,2430.0,2454.1,2448.6256665160413,11065,1591,27094043.0,2656.0,24.0,32.0,24.1,2454.1,,,Hold
Bajaj Auto,2015-01-02,2452.8,2475.2,2434.0,2453.5,2453.2584625118634,12644,2205,31019000.0,3078.0,24.34,41.2,0.7,2453.5,,,Hold
Bajaj Auto,2015-01-05,2451.0,2479.6,2450.7,2460.15,2464.740144447788,19938,2573,49141989.0,5012.0,25.14,28.9,9.15,2460.15,,,Hold
Bajaj Auto,2015-01-06,2460.15,2466.0,2429.15,2440.35,2442.209238143656,13769,2405,33626779.0,4643.0,33.72,36.85,-19.8,2440.35,,,Hold
Bajaj Auto,2015-01-07,2433.35,2474.5,2433.35,2447.2,2453.4338145896654,13160,2404,32287189.0,3166.0,24.06,41.15,13.85,2447.2,,,Hold
Bajaj Auto,2015-01-08,2437.05,2464.6,2437.05,2450.05,2448.770428374021,21710,2603,53162806.0,6662.0,30.69,27.55,13.0,2450.05,,,Hold
Bajaj Auto,2015-01-09,2462.7,2466.0,2350.4,2381.5,2390.9089361144765,30539,4474,73015968.0,11802.0,38.65,115.6,-81.2,2381.5,,,Hold
Bajaj Auto,2015-01-12,2383.0,2383.0,2323.3,2333.25,2343.6662698243967,23519,3558,55120687.0,7649.0,32.52,59.7,-49.75,2333.25,,,Hold
Bajaj Auto,2015-01-13,2340.9,2356.85,2319.0,2326.25,2333.9222355547354,21668,3076,50571427.0,6324.0,29.19,37.85,-14.65,2326.25,,,Hold
Bajaj Auto,2015-01-14,2325.5,2370.0,2325.5,2363.65,2357.876332961961,12566,2431,29629074.0,3352.0,26.68,44.5,38.15,2363.65,,,Hold
Bajaj Auto,2015-01-15,2370.0,2435.0,2359.25,2417.95,2411.0856147431746,105052,13183,253289366.0,19836.0,18.88,75.75,47.95,2417.95,,,Hold
Bajaj Auto,2015-01-16,2406.55,2439.9,2395.2,2420.05,2419.9687116735536,1183093,3230,2863048043.0,1164284.0,98.41,44.7,13.5,2420.05,,,Hold
Bajaj Auto,2015-01-19,2418.0,2429.2,2399.95,2411.3,2407.564473153008,12385,1599,29817686.0,4330.0,34.96,29.25,-6.7,2411.3,,,Hold
Bajaj Auto,2015-01-20,2413.85,2420.0,2377.9,2411.05,2401.4388208453406,16656,2228,39998365.0,5411.0,32.49,42.1,-2.8,2411.05,,,Hold
Bajaj Auto,2015-01-21,2401.3,2458.95,2401.25,2442.0,2441.2280298859614,254300,3508,620804288.0,4988.0,1.96,57.7,40.7,2442.0,,,Hold
Bajaj Auto,2015-01-22,2476.95,2489.0,2434.0,2438.9,2457.0535230352302,25092,3798,61652387.0,6987.0,27.85,55.0,-38.05,2438.9,,,Hold
Bajaj Auto,2015-01-23,2450.0,2474.0,2421.0,2442.2,2444.7792030567684,25648,4119,62703697.0,10107.0,39.41,53.0,-7.8,2442.2,,,Hold
Bajaj Auto,2015-01-27,2441.5,2441.5,2386.4,2417.55,2405.6001212541137,34638,5165,83325177.0,13938.0,40.24,55.1,-23.95,2417.55,,,Hold
Bajaj Auto,2015-01-28,2436.05,2436.05,2381.0,2396.9,2397.8513871301943,17374,2395,41660270.0,5664.0,32.6,55.05,-39.15,2396.9,,,Hold
Bajaj Auto,2015-01-29,2396.0,2415.0,2377.0,2402.7,2395.026617447056,15441,2202,36981606.0,4378.0,28.35,38.0,6.7,2402.7,2415.5299999999997,,Hold
Bajaj Auto,2015-01-30,2406.45,2414.0,2375.0,2389.35,2387.314834279308,14271,2562,34069370.0,4255.0,29.82,39.0,-17.1,2389.35,2412.2925,,Hold
Bajaj Auto,2015-02-02,2390.0,2420.05,2325.0,2347.8,2351.541097312788,24077,4569,56618055.0,6876.0,28.56,95.05,-42.2,2347.8,2407.0075,,Hold
Bajaj Auto,2015-02-03,2356.0,2356.0,2257.0,2260.1,2273.6496159754224,45570,7684,103610213.0,17211.0,37.77,99.0,-95.9,2260.1,2397.005,,Hold
Bajaj Auto,2015-02-04,2272.0,2272.0,2231.5,2247.55,2247.446500054095,18486,2735,41546296.0,3497.0,18.92,40.5,-24.45,2247.55,2387.3650000000002,,Hold
Bajaj Auto,2015-02-05,2255.55,2270.0,2238.0,2243.05,2251.383599306676,16731,2560,37667899.0,3250.0,19.43,32.0,-12.5,2243.05,2377.1575,,Hold
Bajaj Auto,2015-02-06,2245.3,2255.15,2216.8,2228.25,2230.7064730335255,18523,3148,41319376.0,3771.0,20.36,38.35,-17.05,2228.25,2366.0675,,Hold
Bajaj Auto,2015-02-09,2217.7,2273.2,2197.55,2267.55,2255.6372417268603,23812,4376,53711234.0,8734.0,36.68,75.65,49.85,2267.55,2360.37,,Hold
Bajaj Auto,2015-02-10,2258.7,2276.4,2239.0,2266.5,2264.27646914489,16302,2397,36912235.0,1983.0,12.16,37.4,7.8,2266.5,2357.0325000000003,,Hold
Bajaj Auto,2015-02-11,2266.5,2303.0,2255.0,2291.95,2282.7501082208487,25411,2735,58006963.0,7713.0,30.35,48.0,25.45,2291.95,2355.3175,,Hold
Bajaj Auto,2015-02-12,2292.0,2313.0,2253.0,2260.65,2281.369776698856,56023,5901,127809179.0,26810.0,47.86,60.0,-31.35,2260.65,2350.1675,,Hold
Bajaj Auto,2015-02-13,2279.75,2280.0,2248.9,2261.75,2260.8095964183753,30824,2618,69687195.0,16103.0,52.24,31.1,-18.0,2261.75,2342.3575,,Hold
Bajaj Auto,2015-02-16,2256.0,2274.0,2256.0,2261.7,2264.4022856045326,20826,1840,47158442.0,11328.0,54.39,18.0,5.7,2261.7,2334.44,,Hold
Bajaj Auto,2015-02-18,2265.0,2265.0,2230.4,2240.65,2240.9181217155447,23596,2527,52876704.0,8168.0,34.62,34.6,-24.35,2240.65,2325.9075,,Hold
Bajaj Auto,2015-02-19,2246.0,2247.0,2200.1,2223.4,2217.114979355904,30275,3849,67123156.0,8601.0,28.41,46.9,-22.6,2223.4,2316.525,,Hold
Bajaj Auto,2015-02-20,2231.3,2240.0,2202.35,2209.3,2221.1054974635053,28977,2840,64360974.0,12756.0,44.02,37.65,-22.0,2209.3,2304.8900000000003,,Hold
Bajaj Auto,2015-02-23,2220.5,2224.0,2171.0,2184.75,2190.7878036929055,20580,3408,45086413.0,8039.0,39.06,53.0,-35.75,2184.75,2292.1825,,Hold
Bajaj Auto,2015-02-24,2185.0,2202.65,2171.45,2191.95,2191.5862841945286,26320,2977,57682551.0,11825.0,44.93,31.2,6.95,2191.95,2279.67,,Hold
Bajaj Auto,2015-02-25,2218.0,2218.0,2174.35,2180.8,2182.929486263867,21003,1598,45848068.0,12626.0,60.12,43.65,-37.2,2180.8,2267.8325,,Hold
Bajaj Auto,2015-02-26,2175.6,2177.55,2127.5,2134.95,2139.007100282143,53519,5446,114477521.0,32358.0,60.46,50.05,-40.65,2134.95,2254.7349999999997,,Hold
Bajaj Auto,2015-02-27,2145.9,2159.0,2105.0,2150.45,2105.9815425066604,2011920,6907,4237066385.0,1971610.0,98.0,54.0,4.55,2150.45,2242.1225000000004,,Hold
Bajaj Auto,2015-02-28,2173.0,2190.0,2126.7,2161.8,2157.904585969612,64959,6140,140175324.0,15324.0,23.59,63.3,-11.2,2161.8,2230.745,,Hold
Bajaj Auto,2015-03-02,2161.4,2204.0,2051.0,2074.75,2096.2398714473675,139087,14268,291559715.0,45244.0,32.53,153.0,-86.65,2074.75,2217.0924999999997,,Hold
Bajaj Auto,2015-03-03,2069.8,2122.5,2053.0,2116.15,2099.6992006540104,22018,3177,46231177.0,5440.0,24.71,69.5,46.35,2116.15,2209.895,,Hold
Bajaj Auto,2015-03-04,2126.7,2140.0,2112.0,2122.1,2123.150921213953,59541,3909,126414529.0,39565.0,66.45,28.0,-4.6,2122.1,2203.6225,,Hold
Bajaj Auto,2015-03-05,2130.0,2137.8,2108.0,2120.35,2120.3435631229236,24080,1589,51057873.0,14969.0,62.16,29.8,-9.65,2120.35,2197.4875,,Hold
Bajaj Auto,2015-03-09,2123.0,2150.5,2093.8,2113.1,2130.9792966322852,40235,3735,85739952.0,18410.0,45.76,56.7,-9.9,2113.1,2191.73,,Hold
Bajaj Auto,2015-03-10,2120.0,2155.0,2110.45,2128.95,2140.058682413729,27095,4957,57984890.0,10255.0,37.85,44.55,8.95,2128.95,2184.8,,Hold
Bajaj Auto,2015-03-11,2144.95,2148.0,2090.0,2099.0,2119.4069477001117,26023,3333,55153327.0,11823.0,45.43,58.0,-45.95,2099.0,2176.425,,Hold
Bajaj Auto,2015-03-12,2106.0,2113.1,2073.0,2077.85,2081.4454495750283,20119,2678,41876601.0,7926.0,39.4,40.1,-28.15,2077.85,2165.7200000000003,,Hold
Bajaj Auto,2015-03-13,2081.6,2084.15,2011.8,2022.9,2035.1168384879725,63147,6917,128511523.0,34831.0,55.16,72.35,-58.7,2022.9,2153.8325,2283.8,Hold
Bajaj Auto,2015-03-16,2035.0,2059.9,2011.0,2030.25,2038.3374600796435,25363,3089,51698353.0,7863.0,31.0,48.9,-4.75,2030.25,2142.2575,2275.323,Hold
Bajaj Auto,2015-03-17,2035.0,2056.0,2030.0,2045.65,2043.7394654761176,16351,1876,33417184.0,5622.0,34.38,26.0,10.65,2045.65,2131.455,2267.1659999999997,Hold
Bajaj Auto,2015-03-18,2042.0,2050.8,2025.1,2034.55,2046.7239314400456,55776,2031,114158074.0,44851.0,80.41,25.7,-7.45,2034.55,2121.1499999999996,2258.654,Hold
Bajaj Auto,2015-03-19,2036.0,2047.35,2021.35,2024.4,2032.0947097821677,51737,5095,105134484.0,34249.0,66.2,26.0,-11.6,2024.4,2111.2,2250.335,Hold
Bajaj Auto,2015-03-20,2024.0,2033.75,2008.5,2021.35,2021.323477447516,19244,2477,38898349.0,7190.0,37.36,25.25,-2.65,2021.35,2101.8025,2241.8179999999998,Hold
Bajaj Auto,2015-03-23,2016.2,2041.7,2014.6,2032.75,2033.1931957917748,36595,4820,74404705.0,18267.0,49.92,27.1,16.55,2032.75,2094.2025,2233.4719999999998,Hold
Bajaj Auto,2015-03-24,2036.55,2042.55,2020.5,2027.9,2027.9988557417244,12235,1781,24812566.0,3486.0,28.49,22.05,-8.65,2027.9,2086.0,2226.4,Hold
Bajaj Auto,2015-03-25,2034.0,2034.0,2010.85,2017.85,2017.8544518730764,18846,2246,38028485.0,4935.0,26.19,23.15,-16.15,2017.85,2077.8525,2220.0919999999996,Hold
Bajaj Auto,2015-03-26,2018.0,2031.0,1976.2,2001.75,2005.9546671150908,71361,3879,143146931.0,48786.0,68.37,54.8,-16.25,2001.75,2071.1925,2213.602,Hold
Bajaj Auto,2015-03-27,2010.0,2022.45,1978.0,2017.15,2003.3477418521547,46454,6804,93063516.0,27729.0,59.69,44.45,7.15,2017.15,2064.5274999999997,2206.672,Hold
Bajaj Auto,2015-03-30,2023.0,2043.25,1998.45,2023.75,2021.7145689528563,13618,2415,27531709.0,3569.0,26.21,44.8,0.75,2023.75,2057.625,2198.788,Hold
Bajaj Auto,2015-03-31,2032.45,2032.95,2007.0,2017.35,2014.2865288078167,48407,2206,97505568.0,35824.0,74.01,25.95,-15.1,2017.35,2054.755,2190.734,Hold
Bajaj Auto,2015-04-01,2016.0,2029.65,2005.0,2018.65,2018.3676877812393,11556,1725,23324257.0,2185.0,18.91,24.65,2.65,2018.65,2049.88,2182.881,Hold
Bajaj Auto,2015-04-06,2021.0,2039.05,1994.0,2031.35,2013.8970208845208,32560,4016,65572487.0,9402.0,28.88,45.05,10.35,2031.35,2045.3425,2175.287,Hold
Bajaj Auto,2015-04-07,2034.8,2100.0,2027.2,2093.0,2080.1505409060173,29580,4094,61530853.0,11080.0,37.46,72.8,58.2,2093.0,2043.975,2168.307,Hold
Bajaj Auto,2015-04-08,2090.8,2128.35,2084.25,2104.75,2105.9560413047675,20724,2942,43643833.0,3951.0,19.06,44.1,13.95,2104.75,2043.5574999999997,2161.624,Hold
Bajaj Auto,2015-04-09,2125.0,2125.0,2080.3,2097.25,2095.808587479936,9968,1607,20891020.0,2661.0,26.7,44.7,-27.75,2097.25,2041.9724999999999,2154.725,Hold
Bajaj Auto,2015-04-10,2100.0,2104.95,2080.0,2100.6,2094.5580322828596,13010,1845,27250200.0,2127.0,16.35,24.95,0.6,2100.6,2042.0525000000002,2148.386,Hold
Bajaj Auto,2015-04-13,2102.0,2141.0,2083.1,2100.45,2095.2846196972528,16053,2648,33635604.0,3003.0,18.71,57.9,-1.55,2100.45,2043.1825000000001,2142.4570000000003,Hold
Bajaj Auto,2015-04-15,2100.0,2103.0,2061.2,2077.8,2083.283816162056,22955,2503,47821780.0,11178.0,48.7,41.8,-22.2,2077.8,2045.9275000000002,2135.959,Hold
Bajaj Auto,2015-04-16,2070.0,2093.7,2051.15,2086.7,2074.7810097385955,15608,2618,32383182.0,3127.0,20.03,42.55,16.7,2086.7,2048.75,2129.906,Hold
Bajaj Auto,2015-04-17,2066.75,2078.9,2040.05,2065.7,2059.7092362875505,13382,2479,27563029.0,3892.0,29.08,38.85,-1.05,2065.7,2049.7524999999996,2124.264,Hold
Bajaj Auto,2015-04-20,2070.0,2082.75,2002.9,2018.5,2046.5182009160724,29037,4629,59424749.0,11288.0,38.87,79.85,-51.5,2018.5,2048.95,2119.432,Hold
Bajaj Auto,2015-04-21,2020.5,2055.3,1985.0,1992.95,2010.3947908887228,21424,3148,43070698.0,4482.0,20.92,70.3,-27.55,1992.95,2047.3775,2114.34,Hold
Bajaj Auto,2015-04-22,1992.0,2019.2,1948.4,1988.5,1981.9189265803648,31749,4107,62923944.0,8896.0,28.02,70.8,-3.5,1988.5,2045.7350000000001,2109.249,Hold
Bajaj Auto,2015-04-23,1997.0,2016.6,1974.0,1991.4,1991.5796350794585,16990,2975,33836938.0,5400.0,31.78,42.6,-5.6,1991.4,2043.6675000000002,2104.512,Hold
Bajaj Auto,2015-04-24,1992.0,2006.7,1965.0,1996.85,1988.7312835529528,20490,2512,40749104.0,5944.0,29.01,41.7,4.85,1996.85,2042.1150000000002,2099.098,Hold
Bajaj Auto,2015-04-27,1998.4,2015.0,1972.0,1990.55,1991.4803188839064,14049,2411,27978307.0,2205.0,15.7,43.0,-7.85,1990.55,2040.75,2093.5789999999997,Hold
Bajaj Auto,2015-04-28,1984.45,2000.85,1947.85,1990.55,1986.6355433130695,10528,1586,20915299.0,2257.0,21.44,53.0,6.1,1990.55,2040.19,2087.551,Hold
Bajaj Auto,2015-04-29,1998.85,1998.9,1971.05,1978.1,1982.5142564452792,5857,1093,11611586.0,1592.0,27.18,27.85,-20.75,1978.1,2038.2375,2081.9,Hold
Bajaj Auto,2015-04-30,1980.0,1980.0,1913.8,1949.4,1942.4243057629144,36839,5107,71556969.0,6135.0,16.65,66.2,-30.6,1949.4,2034.52,2075.653,Hold
Bajaj Auto,2015-05-04,1955.0,2102.05,1938.25,2093.7,2044.7398600764247,88191,10223,180327653.0,21259.0,24.11,163.8,138.7,2093.7,2038.3375,2072.2929999999997,Hold
Bajaj Auto,2015-05-05,2100.0,2100.0,2031.0,2063.35,2058.0765639144315,20989,3109,43196969.0,4083.0,19.45,69.0,-36.65,2063.35,2040.5725000000002,2068.7470000000003,Hold
Bajaj Auto,2015-05-06,2059.85,2059.85,2016.8,2020.25,2033.754100275688,42802,5887,87048743.0,15413.0,36.01,43.05,-39.6,2020.25,2040.0175000000004,2064.6839999999997,Hold
Bajaj Auto,2015-05-07,2013.4,2089.0,2010.0,2067.0,2067.157113701616,28909,4162,59759445.0,4799.0,16.6,79.0,53.6,2067.0,2038.7175000000002,2061.838,Hold
Bajaj Auto,2015-05-08,2063.0,2150.4,2054.95,2129.35,2125.6313917296575,49478,8599,105171990.0,15354.0,31.03,95.45,66.35,2129.35,2039.9475000000002,2060.73,Hold
Bajaj Auto,2015-05-11,2137.0,2190.45,2137.0,2182.1,2174.393786211456,25717,2439,55918885.0,5645.0,21.95,53.45,45.1,2182.1,2044.1899999999998,2060.533,Hold
Bajaj Auto,2015-05-12,2165.65,2182.15,2126.6,2128.95,2144.2446870898375,35809,1845,76783258.0,12525.0,34.98,55.55,-36.7,2128.95,2045.6074999999996,2059.496,Hold
Bajaj Auto,2015-05-13,2147.0,2171.2,2093.95,2125.2,2123.399602738268,28193,2176,59865005.0,7279.0,25.82,77.25,-21.8,2125.2,2046.845,2059.301,Hold
Bajaj Auto,2015-05-14,2130.0,2178.45,2108.1,2165.0,2160.295573274677,21822,2191,47141970.0,3713.0,17.01,70.35,35.0,2165.0,2051.205,2059.5919999999996,Hold
Bajaj Auto,2015-05-15,2180.0,2187.0,2155.55,2181.85,2176.662144833637,14817,1343,32251603.0,2761.0,18.63,31.45,1.85,2181.85,2055.9625,2059.993,Hold
Bajaj Auto,2015-05-18,2187.0,2232.0,2178.95,2221.95,2207.9933760813014,33062,3196,73000677.0,10977.0,33.2,53.05,34.95,2221.95,2063.775,2062.937,Buy
Bajaj Auto,2015-05-19,2220.0,2241.85,2194.05,2199.25,2218.124404252719,16366,1176,36301824.0,3053.0,18.65,47.8,-20.75,2199.25,2072.8125,2064.599,Hold
Bajaj Auto,2015-05-20,2198.0,2221.95,2137.4,2150.5,2162.246785058175,26128,1898,56495184.0,4926.0,18.85,84.55,-47.5,2150.5,2080.6899999999996,2065.167,Hold
Bajaj Auto,2015-05-21,2150.0,2313.3,2124.0,2299.75,2226.603166774821,308200,18231,686239096.0,17350.0,5.63,189.3,149.75,2299.75,2096.2524999999996,2068.755,Hold
Bajaj Auto,2015-05-22,2278.0,2342.55,2255.85,2310.5,2291.284091293322,88725,5800,203294181.0,11002.0,12.4,86.7,32.5,2310.5,2112.2074999999995,2072.703,Hold
Bajaj Auto,2015-05-25,2305.0,2323.7,2280.15,2301.85,2300.0654326168383,64341,2741,147988510.0,34335.0,53.36,43.55,-3.15,2301.85,2127.4574999999995,2076.161,Hold
Bajaj Auto,2015-05-26,2299.95,2325.85,2287.4,2315.5,2297.5980858399716,50466,1617,115950585.0,1963.0,3.89,38.45,15.55,2315.5,2143.705,2080.491,Hold
Bajaj Auto,2015-05-27,2319.0,2334.95,2305.5,2306.4,2311.1474849312804,193613,2341,447468198.0,165101.0,85.27,29.45,-12.6,2306.4,2159.4975,2085.062,Hold
Bajaj Auto,2015-05-28,2310.0,2332.95,2277.0,2302.65,2303.229637314476,47231,2067,108783839.0,25120.0,53.19,55.95,-7.35,2302.65,2175.725,2090.657,Hold
Bajaj Auto,2015-05-29,2301.1,2329.95,2287.9,2315.0,2314.30566675236,27229,2013,63016229.0,3998.0,14.68,42.05,13.9,2315.0,2194.005,2096.3520000000003,Hold
Bajaj Auto,2015-06-01,2305.0,2352.25,2305.0,2336.3,2325.8489743625446,71809,1525,167016889.0,48953.0,68.17,47.25,31.3,2336.3,2206.135,2102.165,Hold
Bajaj Auto,2015-06-02,2338.0,2345.0,2260.6,2269.1,2305.5990712864213,39194,2675,90365650.0,4633.0,11.82,84.4,-68.9,2269.1,2216.4224999999997,2106.856,Hold
Bajaj Auto,2015-06-03,2266.85,2290.9,2230.0,2240.8,2254.22084623323,25194,1927,56792840.0,4303.0,17.08,60.9,-26.05,2240.8,2227.45,2111.1839999999997,Hold
Bajaj Auto,2015-06-04,2280.0,2280.0,2190.45,2216.2,2222.7460127262207,24202,2187,53794899.0,6811.0,28.14,89.55,-63.8,2216.2,2234.91,2115.081,Hold
Bajaj Auto,2015-06-05,2214.95,2234.45,2191.0,2199.35,2215.1834822042047,36385,1706,80599451.0,6847.0,18.82,43.45,-15.6,2199.35,2238.41,2118.413,Hold
Bajaj Auto,2015-06-08,2200.45,2240.0,2200.45,2221.3,2220.379636815148,12886,1703,28611812.0,2890.0,22.43,39.55,20.85,2221.3,2240.37,2122.281,Hold
Bajaj Auto,2015-06-09,2220.0,2230.0,2175.25,2185.85,2206.7459594926354,19552,1783,43146297.0,2307.0,11.8,54.75,-34.15,2185.85,2243.215,2125.641,Hold
Bajaj Auto,2015-06-10,2183.0,2267.05,2182.15,2253.1,2232.4479021874317,109352,2238,244122643.0,91521.0,83.69,84.9,70.1,2253.1,2249.6099999999997,2130.668,Hold
Bajaj Auto,2015-06-11,2261.0,2277.7,2202.0,2207.55,2232.9842404409233,23224,1574,51858826.0,4957.0,21.34,75.7,-53.45,2207.55,2251.7375,2134.4759999999997,Hold
Bajaj Auto,2015-06-12,2211.0,2297.95,2210.0,2285.55,2271.1498684705,26610,2353,60435298.0,8000.0,30.06,87.95,74.55,2285.55,2256.9224999999997,2139.712,Hold
Bajaj Auto,2015-06-15,2271.3,2339.0,2265.0,2334.3,2303.024282826338,41552,2650,95695265.0,9709.0,23.37,74.0,63.0,2334.3,2262.54,2146.051,Hold
Bajaj Auto,2015-06-16,2334.0,2401.95,2315.95,2391.35,2352.1749759569147,51990,2549,122289577.0,25274.0,48.61,86.0,57.35,2391.35,2272.145,2153.505,Hold
Bajaj Auto,2015-06-17,2391.0,2407.8,2360.0,2368.05,2381.9247839583854,23838,1901,56780323.0,4364.0,18.31,47.8,-22.95,2368.05,2283.0225,2160.239,Hold
Bajaj Auto,2015-06-18,2380.0,2414.0,2375.0,2397.35,2394.935103983964,23946,2024,57349116.0,4080.0,17.04,39.0,17.35,2397.35,2287.9025,2166.326,Hold
Bajaj Auto,2015-06-19,2402.15,2425.0,2391.1,2405.6,2408.5594205114485,26161,1765,63010323.0,2992.0,11.44,33.9,3.45,2405.6,2292.6575000000003,2172.3430000000003,Hold
Bajaj Auto,2015-06-22,2410.0,2436.0,2400.0,2425.4,2420.3555982700623,16648,1549,40294080.0,4301.0,25.83,36.0,15.4,2425.4,2298.835,2178.906,Hold
Bajaj Auto,2015-06-23,2424.0,2437.7,2401.25,2412.45,2419.4597331187556,14913,1147,36081403.0,3656.0,24.52,36.45,-11.55,2412.45,2303.6825,2185.143,Hold
Bajaj Auto,2015-06-24,2415.0,2415.0,2388.05,2395.0,2398.8691202703967,10651,797,25550355.0,3157.0,29.64,26.95,-20.0,2395.0,2308.1125,2191.034,Hold
Bajaj Auto,2015-06-25,2395.0,2524.9,2395.0,2506.25,2474.0852426632346,66821,5449,165320850.0,21556.0,32.26,129.9,111.25,2506.25,2318.2925,2199.603,Hold
Bajaj Auto,2015-06-26,2490.0,2553.95,2472.6,2540.15,2522.6824479688694,50883,4380,128361651.0,7010.0,13.78,81.35,50.15,2540.15,2329.55,2208.672,Hold
Bajaj Auto,2015-06-29,2500.0,2565.0,2483.15,2550.6,2538.709834944819,51195,4287,129969250.0,4618.0,9.02,81.85,50.6,2550.6,2340.265,2218.37,Hold
Bajaj Auto,2015-06-30,2554.9,2581.0,2527.1,2535.65,2551.3318322680607,41304,3684,105380210.0,8339.0,20.19,53.9,-19.25,2535.65,2353.5924999999997,2228.713,Hold
Bajaj Auto,2015-07-01,2536.1,2554.8,2520.0,2523.6,2529.8909204807956,25541,1650,64615944.0,7505.0,29.38,34.8,-12.5,2523.6,2367.7325,2239.326,Hold
Bajaj Auto,2015-07-02,2559.0,2585.0,2529.35,2565.8,2567.7121807151975,62640,4143,160841491.0,25613.0,40.89,55.65,6.8,2565.8,2385.2125,2250.8720000000003,Hold
Bajaj Auto,2015-07-03,2575.0,2605.95,2575.0,2586.15,2591.634379075994,29134,2696,75504676.0,5890.0,20.22,30.95,11.15,2586.15,2404.5525000000002,2262.767,Hold
Bajaj Auto,2015-07-06,2589.7,2603.0,2570.1,2595.35,2592.793796972584,28341,1782,73482369.0,10847.0,38.27,32.9,5.65,2595.35,2423.255,2274.737,Hold
Bajaj Auto,2015-07-07,2596.25,2618.0,2587.0,2606.25,2602.2073987356594,21355,1434,55570139.0,4216.0,19.74,31.0,10.0,2606.25,2444.275,2287.051,Hold
Bajaj Auto,2015-07-08,2590.0,2607.75,2562.1,2573.9,2582.517271727173,22725,1772,58687705.0,3224.0,14.19,45.65,-16.1,2573.9,2460.315,2298.718,Hold
Bajaj Auto,2015-07-09,2550.0,2558.45,2502.65,2513.95,2532.681436154526,13564,1208,34353291.0,2050.0,15.11,55.8,-36.05,2513.95,2475.6349999999998,2309.435,Hold
Bajaj Auto,2015-07-10,2520.0,2523.0,2456.05,2470.9,2479.6482708760086,24897,2046,61735803.0,3284.0,13.19,66.95,-49.1,2470.9,2484.9025,2319.865,Hold
Bajaj Auto,2015-07-13,2481.0,2508.0,2440.0,2497.45,2481.520555193748,24568,1387,60965997.0,8252.0,33.59,68.0,16.45,2497.45,2493.06,2327.94,Hold
Bajaj Auto,2015-07-14,2498.0,2519.5,2487.75,2499.05,2504.420249355116,18608,1329,46602252.0,5033.0,27.05,31.75,1.05,2499.05,2498.445,2336.654,Hold
Bajaj Auto,2015-07-15,2500.0,2539.0,2500.0,2532.45,2528.2033402413754,24609,1535,62216556.0,7417.0,30.14,39.0,32.45,2532.45,2506.665,2346.8979999999997,Hold
Bajaj Auto,2015-07-16,2532.0,2562.3,2532.0,2544.25,2547.0956704306873,17623,1153,44887467.0,3730.0,21.17,30.3,12.25,2544.25,2514.0099999999998,2356.4429999999998,Hold
Bajaj Auto,2015-07-17,2550.0,2566.45,2498.0,2527.25,2541.112816593423,47103,2603,119694037.0,19620.0,41.65,68.45,-22.75,2527.25,2520.0924999999997,2364.401,Hold
Bajaj Auto,2015-07-20,2531.0,2548.25,2514.0,2519.55,2525.0846870047544,20192,1237,50986510.0,6760.0,33.48,34.25,-11.45,2519.55,2524.8,2371.15,Hold
Bajaj Auto,2015-07-21,2518.9,2571.0,2510.55,2544.6,2541.4798731555784,15452,1161,39270947.0,2518.0,16.3,60.45,25.7,2544.6,2531.4075000000003,2379.463,Hold
Bajaj Auto,2015-07-22,2544.6,2629.7,2535.0,2619.1,2605.0137489189715,56659,3687,147597474.0,28296.0,49.94,94.7,74.5,2619.1,2542.6125,2389.341,Hold
Bajaj Auto,2015-07-23,2629.95,2655.0,2478.9,2487.75,2538.235789824105,258336,19775,655717681.0,50677.0,19.62,176.1,-142.2,2487.75,2541.6875,2395.7960000000003,Hold
Bajaj Auto,2015-07-24,2496.9,2517.6,2478.05,2497.45,2498.5136997387226,43249,3311,108058219.0,8884.0,20.54,39.55,0.55,2497.45,2539.5525000000002,2402.1079999999997,Hold
Bajaj Auto,2015-07-27,2500.1,2527.0,2465.0,2507.7,2508.844877644131,53042,2916,133074150.0,27575.0,51.99,62.0,7.6,2507.7,2537.4075000000003,2407.8230000000003,Hold
Bajaj Auto,2015-07-28,2509.05,2520.95,2457.55,2476.05,2492.604058742455,21041,1536,52446882.0,5628.0,26.75,63.4,-33.0,2476.05,2534.4275000000002,2413.359,Hold
Bajaj Auto,2015-07-29,2484.9,2512.0,2478.0,2495.15,2499.4098563262783,19419,1418,48536040.0,5132.0,26.43,34.0,10.25,2495.15,2533.005,2420.252,Hold
Bajaj Auto,2015-07-30,2507.4,2530.0,2507.4,2523.8,2521.928801084641,25815,2348,65103592.0,7196.0,27.88,22.6,16.4,2523.8,2530.9049999999997,2424.733,Hold
Bajaj Auto,2015-07-31,2527.25,2554.0,2514.6,2519.15,2529.6554209316896,28722,2076,72656763.0,4702.0,16.37,39.4,-8.1,2519.15,2527.555,2428.906,Hold
Bajaj Auto,2015-08-03,2541.0,2562.25,2487.5,2504.4,2511.9880102294997,30109,2312,75633447.0,6965.0,23.13,74.75,-36.6,2504.4,2523.0075,2432.957,Hold
Bajaj Auto,2015-08-04,2500.0,2524.0,2477.0,2510.55,2508.794897774561,27635,2895,69330547.0,7735.0,27.99,47.0,10.55,2510.55,2518.2225,2436.8579999999997,Hold
Bajaj Auto,2015-08-05,2522.0,2584.0,2521.95,2569.7,2565.8327205416235,39437,4020,101188745.0,11756.0,29.81,62.05,47.7,2569.7,2518.0125,2442.124,Hold
Bajaj Auto,2015-08-06,2570.0,2606.0,2564.0,2575.45,2583.136928654668,15446,1215,39899133.0,2752.0,17.82,42.0,5.45,2575.45,2521.0875,2447.58,Hold
Bajaj Auto,2015-08-07,2578.0,2581.0,2529.0,2537.85,2549.471762123329,20044,1653,51101612.0,4409.0,22.0,52.0,-40.15,2537.85,2524.435,2452.037,Hold
Bajaj Auto,2015-08-10,2550.0,2572.5,2544.0,2556.3,2560.9513416920554,34136,1932,87420635.0,17134.0,50.19,28.5,6.3,2556.3,2527.3775,2456.437,Hold
Bajaj Auto,2015-08-11,2560.0,2565.0,2529.2,2541.75,2542.23436678928,9515,667,24189360.0,1569.0,16.49,35.8,-18.25,2541.75,2529.5125,2461.89,Hold
Bajaj Auto,2015-08-12,2549.7,2549.7,2454.15,2462.1,2482.6726555419314,18757,1548,46567491.0,4800.0,25.59,95.55,-87.6,2462.1,2525.995,2466.3160000000003,Hold
Bajaj Auto,2015-08-13,2472.4,2515.0,2437.8,2489.05,2477.74310273118,28852,2680,71487844.0,4917.0,17.04,77.2,16.65,2489.05,2523.235,2471.7729999999997,Hold
Bajaj Auto,2015-08-14,2501.2,2570.4,2478.5,2558.8,2541.7695036874625,25085,2013,63760288.0,6035.0,24.06,91.9,57.6,2558.8,2524.8125,2478.962,Hold
Bajaj Auto,2015-08-17,2559.0,2565.0,2525.0,2529.95,2538.576027957469,13449,1208,34141309.0,2439.0,18.14,40.0,-29.05,2529.95,2525.3325,2485.135,Hold
Bajaj Auto,2015-08-18,2550.6,2557.9,2512.8,2522.0,2527.1321222130473,21798,1907,55086426.0,7079.0,32.48,45.1,-28.6,2522.0,2524.2025000000003,2491.8579999999997,Hold
Bajaj Auto,2015-08-19,2522.1,2554.8,2499.95,2541.25,2527.221255544183,11724,1018,29629142.0,1275.0,10.88,54.85,19.15,2541.25,2520.3100000000004,2497.6209999999996,Hold
Bajaj Auto,2015-08-20,2513.0,2537.35,2480.4,2492.1,2503.7339670178653,17464,1564,43725210.0,4851.0,27.78,56.95,-20.9,2492.1,2520.5275,2503.312,Hold
Bajaj Auto,2015-08-21,2492.0,2512.8,2379.0,2407.35,2411.2830422154957,97784,5253,235784901.0,36125.0,36.94,133.8,-84.65,2407.35,2516.0225,2505.748,Hold
Bajaj Auto,2015-08-24,2357.1,2357.1,2170.0,2188.45,2243.6422918226804,68103,4676,152798771.0,23406.0,34.37,187.1,-168.65,2188.45,2500.06,2502.831,Sell
Bajaj Auto,2015-08-25,2240.0,2246.85,2142.7,2204.65,2191.413953488372,64715,5243,141817354.0,20831.0,32.19,104.15,-35.35,2204.65,2486.49,2499.0969999999998,Hold
Bajaj Auto,2015-08-26,2204.65,2270.0,2133.15,2244.15,2231.450765411668,33838,3482,75507831.0,7931.0,23.44,136.85,39.5,2244.15,2473.9399999999996,2496.619,Hold
Bajaj Auto,2015-08-27,2251.3,2305.0,2177.5,2189.3,2200.557668752276,60414,3760,132944491.0,30516.0,50.51,127.5,-62.0,2189.3,2457.215,2492.458,Hold
Bajaj Auto,2015-08-28,2215.0,2290.0,2202.05,2269.2,2260.9788099422544,39830,3116,90054786.0,15687.0,39.38,87.95,54.2,2269.2,2444.7174999999997,2489.73,Hold
Bajaj Auto,2015-08-31,2280.0,2397.0,2222.85,2254.9,2246.2861945786926,23795,1922,53450380.0,5513.0,23.17,174.15,-25.1,2254.9,2432.2425,2486.32,Hold
Bajaj Auto,2015-09-01,2225.0,2259.9,2217.1,2251.75,2238.526144146103,27597,2402,61776606.0,9083.0,32.91,42.8,26.75,2251.75,2419.3025000000002,2483.106,Hold
Bajaj Auto,2015-09-02,2251.75,2281.95,2200.0,2207.35,2244.851704740639,46576,2819,104556213.0,18028.0,38.71,81.95,-44.4,2207.35,2401.185,2479.353,Hold
Bajaj Auto,2015-09-03,2250.0,2265.6,2214.15,2246.85,2244.433289478123,29643,2087,66531736.0,14673.0,49.5,51.45,-3.15,2246.85,2384.755,2474.165,Hold
Bajaj Auto,2015-09-04,2233.0,2234.0,2186.2,2207.85,2200.73969110076,20395,1740,44884086.0,5311.0,26.04,47.8,-25.15,2207.85,2368.255,2467.519,Hold
Bajaj Auto,2015-09-07,2215.1,2221.45,2177.7,2192.75,2193.1446762608853,38009,2075,83359236.0,18571.0,48.86,43.75,-22.35,2192.75,2350.0775000000003,2460.362,Hold
Bajaj Auto,2015-09-08,2222.0,2222.0,2175.05,2209.8,2205.768734891217,14892,1253,32848308.0,1674.0,11.24,46.95,-12.2,2209.8,2333.48,2453.845,Hold
Bajaj Auto,2015-09-09,2220.0,2276.95,2220.0,2269.05,2253.7447404663526,21057,1846,47457103.0,6539.0,31.05,56.95,49.05,2269.05,2323.8275000000003,2448.754,Hold
Bajaj Auto,2015-09-10,2250.0,2316.0,2220.0,2302.45,2277.015232058884,19564,1690,44547526.0,1930.0,9.87,96.0,52.45,2302.45,2314.4975,2443.487,Hold
Bajaj Auto,2015-09-11,2313.7,2331.8,2277.0,2318.5,2300.821684926332,31764,2166,73083300.0,11819.0,37.21,54.8,4.8,2318.5,2302.4825,2438.134,Hold
Bajaj Auto,2015-09-14,2339.2,2339.2,2299.25,2310.5,2311.1374208925786,12167,1029,28119609.0,2045.0,16.81,39.95,-28.7,2310.5,2291.5099999999998,2432.437,Hold
Bajaj Auto,2015-09-15,2316.0,2316.0,2282.05,2295.2,2296.347767032489,18406,777,42266577.0,10905.0,59.25,33.95,-20.8,2295.2,2280.1699999999996,2426.216,Hold
Bajaj Auto,2015-09-16,2302.2,2369.0,2299.05,2345.65,2340.572625856504,35318,1564,82664344.0,23058.0,65.29,69.95,43.45,2345.65,2270.39,2421.651,Hold
Bajaj Auto,2015-09-18,2350.15,2374.0,2267.0,2294.15,2309.455209049912,52332,3096,120858410.0,27913.0,53.34,107.0,-56.0,2294.15,2260.4925,2417.255,Hold
Bajaj Auto,2015-09-21,2292.7,2311.0,2267.6,2303.05,2295.344475233807,11548,1127,26506638.0,2060.0,17.84,43.4,10.35,2303.05,2255.2775,2413.8979999999997,Hold
Bajaj Auto,2015-09-22,2311.7,2316.45,2241.0,2258.15,2278.2104045287383,24201,1222,55134970.0,12774.0,52.78,75.45,-53.55,2258.15,2258.7625000000003,2409.112,Hold
Bajaj Auto,2015-09-23,2258.15,2258.15,2213.05,2240.25,2234.7042232353087,19961,1707,44606931.0,2938.0,14.72,45.1,-17.9,2240.25,2260.5425000000005,2403.936,Hold
Bajaj Auto,2015-09-24,2245.0,2292.3,2235.8,2283.1,2271.85385828151,22834,1890,51875511.0,2189.0,9.59,56.5,38.1,2283.1,2262.4900000000002,2398.949,Hold
Bajaj Auto,2015-09-28,2290.0,2303.95,2264.4,2275.9,2277.713338600529,29111,1563,66306513.0,13858.0,47.6,39.55,-14.1,2275.9,2266.82,2393.5820000000003,Hold
Bajaj Auto,2015-09-29,2274.0,2293.3,2206.6,2251.75,2249.078596963888,19301,1651,43409466.0,5694.0,29.5,86.7,-22.25,2251.75,2265.9475,2388.072,Hold
Bajaj Auto,2015-09-30,2260.0,2320.0,2252.5,2309.75,2289.5706687940437,15042,1323,34439722.0,2298.0,15.28,67.5,49.75,2309.75,2268.69,2383.876,Hold
Bajaj Auto,2015-10-01,2329.7,2329.7,2285.95,2313.85,2309.0862612210926,16821,1239,38841140.0,5364.0,31.89,43.75,-15.85,2313.85,2271.795,2379.261,Hold
Bajaj Auto,2015-10-05,2315.3,2399.0,2311.75,2384.4,2363.1376616481475,26369,2393,62313577.0,3822.0,14.49,87.25,69.1,2384.4,2280.6475,2374.567,Hold
Bajaj Auto,2015-10-06,2390.0,2390.0,2345.75,2377.6,2367.0548393697563,19548,1862,46271188.0,4217.0,21.57,44.25,-12.4,2377.6,2287.1850000000004,2372.364,Hold
Bajaj Auto,2015-10-07,2377.0,2467.0,2362.0,2452.3,2427.140599660569,26515,2350,64355633.0,4993.0,18.83,105.0,75.3,2452.3,2299.4075000000003,2371.4610000000002,Hold
Bajaj Auto,2015-10-08,2465.0,2472.3,2407.65,2435.2,2437.5829298766203,12806,1457,31215687.0,1128.0,8.81,64.65,-29.8,2435.2,2311.5299999999997,2370.011,Hold
Bajaj Auto,2015-10-09,2435.0,2498.0,2432.9,2444.15,2463.945787384208,22670,1790,55857651.0,1799.0,7.94,65.1,9.15,2444.15,2323.2475000000004,2369.373,Hold
Bajaj Auto,2015-10-12,2444.15,2455.0,2408.0,2425.35,2433.957667650351,9827,902,23918502.0,1255.0,12.77,47.0,-18.8,2425.35,2331.0625,2367.977,Hold
Bajaj Auto,2015-10-13,2436.2,2475.95,2431.5,2460.75,2456.6519838601207,14870,1557,36530415.0,2081.0,13.99,44.45,24.55,2460.75,2338.9775,2366.716,Hold
Bajaj Auto,2015-10-14,2460.9,2478.8,2432.05,2439.6,2445.229980879541,13075,1097,31971382.0,2755.0,21.07,46.75,-21.3,2439.6,2345.0325000000003,2365.125,Hold
Bajaj Auto,2015-10-15,2458.35,2459.95,2441.8,2451.8,2452.473530042152,13997,1098,34327272.0,6800.0,48.58,18.15,-6.55,2451.8,2352.0975000000003,2364.0730000000003,Hold
Bajaj Auto,2015-10-16,2449.8,2488.4,2438.0,2458.45,2466.1178198562975,25191,1952,62123974.0,5823.0,23.12,50.4,8.65,2458.45,2360.2599999999998,2363.031,Hold
Bajaj Auto,2015-10-19,2458.45,2470.75,2433.3,2459.75,2450.3538178164767,11944,1226,29267026.0,1655.0,13.86,37.45,1.3,2459.75,2365.965,2360.8320000000003,Buy
Bajaj Auto,2015-10-20,2463.0,2465.55,2403.75,2438.3,2439.897682397877,30894,2562,75378199.0,9318.0,30.16,61.8,-24.7,2438.3,2373.1725,2358.089,Hold
Bajaj Auto,2015-10-21,2459.7,2535.0,2435.0,2518.25,2505.344589409056,118573,9650,297066224.0,20193.0,17.03,100.0,58.55,2518.25,2383.9325,2357.697,Hold
Bajaj Auto,2015-10-23,2535.0,2564.0,2505.0,2513.85,2534.6366449719244,31344,2510,79445651.0,6876.0,21.94,59.0,-21.15,2513.85,2396.7174999999997,2356.848,Hold
Bajaj Auto,2015-10-26,2520.0,2575.0,2520.0,2567.55,2561.2939860390193,33522,3035,85859697.0,9962.0,29.72,55.0,47.55,2567.55,2413.0824999999995,2357.364,Hold
Bajaj Auto,2015-10-27,2550.1,2594.45,2550.1,2582.25,2582.1706014444376,16477,1438,42546425.0,2193.0,13.31,44.35,32.15,2582.25,2428.04,2359.767,Hold
Bajaj Auto,2015-10-28,2570.0,2584.0,2560.0,2568.8,2570.522790197942,24199,1142,62204081.0,12838.0,53.05,24.0,-1.2,2568.8,2442.685,2361.362,Hold
Bajaj Auto,2015-10-29,2574.7,2599.0,2565.1,2575.15,2580.4999233246435,13042,1191,33654880.0,3849.0,29.51,33.9,0.45,2575.15,2458.855,2361.689,Hold
Bajaj Auto,2015-10-30,2597.7,2597.7,2538.35,2549.6,2556.836559399952,8266,957,21134811.0,1175.0,14.21,59.35,-48.1,2549.6,2470.8475,2362.0820000000003,Hold
Bajaj Auto,2015-11-02,2530.3,2555.0,2394.0,2432.15,2437.9435127205847,45674,4324,111350632.0,8881.0,19.44,161.0,-98.15,2432.15,2476.7625,2360.285,Hold
Bajaj Auto,2015-11-03,2432.4,2449.9,2412.15,2421.35,2429.602042273636,14004,1107,34024147.0,4968.0,35.48,37.75,-11.05,2421.35,2478.6099999999997,2357.887,Hold
Bajaj Auto,2015-11-04,2449.95,2472.95,2435.0,2448.75,2456.9877153484726,20432,1580,50201173.0,3945.0,19.31,37.95,-1.2,2448.75,2482.1675,2357.02,Hold
Bajaj Auto,2015-11-05,2449.05,2468.55,2405.55,2414.25,2446.469681397739,23352,1037,57129960.0,2757.0,11.81,63.0,-34.8,2414.25,2480.2650000000003,2357.158,Hold
Bajaj Auto,2015-11-06,2415.0,2447.0,2415.0,2422.9,2429.12755058482,11713,1514,28452371.0,1478.0,12.62,32.0,7.9,2422.9,2479.65,2361.8469999999998,Hold
Bajaj Auto,2015-11-09,2404.7,2428.0,2384.1,2409.0,2406.978332387975,17630,1464,42435028.0,4886.0,27.71,43.9,4.3,2409.0,2477.8925,2365.9339999999997,Hold
Bajaj Auto,2015-11-10,2409.0,2470.0,2386.0,2453.2,2445.8172622760894,22442,1866,54889031.0,1922.0,8.56,84.0,44.2,2453.2,2479.285,2370.115,Hold
Bajaj Auto,2015-11-11,2484.7,2484.7,2435.8,2451.05,2447.7961548590993,7594,926,18588564.0,1446.0,19.04,48.9,-33.65,2451.05,2478.8,2375.35,Hold
Bajaj Auto,2015-11-13,2451.0,2469.5,2362.35,2377.0,2401.769221392656,32815,2399,78814057.0,12872.0,39.23,107.15,-74.0,2377.0,2475.67,2377.506,Hold
Bajaj Auto,2015-11-16,2377.0,2410.0,2346.1,2383.5,2377.6098481671,23842,2367,56686974.0,6538.0,27.42,63.9,6.5,2383.5,2472.255,2380.078,Hold
Bajaj Auto,2015-11-17,2395.0,2417.35,2355.1,2363.85,2373.940844582901,28890,2332,68583151.0,11115.0,38.47,62.25,-31.15,2363.85,2467.525,2382.32,Hold
Bajaj Auto,2015-11-18,2368.1,2384.35,2341.0,2345.65,2359.8483559273145,13868,1099,32726377.0,3420.0,24.66,43.35,-22.45,2345.65,2461.82,2385.086,Hold
Bajaj Auto,2015-11-19,2371.9,2430.0,2363.6,2423.65,2409.732513661202,21960,2097,52917726.0,4221.0,19.22,66.4,51.75,2423.65,2461.0875,2388.6220000000003,Hold
Bajaj Auto,2015-11-20,2428.25,2504.1,2427.05,2468.5,2472.0165527168047,36127,2854,89306542.0,3571.0,9.88,77.05,40.25,2468.5,2458.6,2393.835,Hold
Bajaj Auto,2015-11-23,2477.0,2529.5,2477.0,2523.2,2519.260723359737,26764,2391,67425494.0,9542.0,35.65,52.5,46.2,2523.2,2459.0675,2400.444,Hold
Bajaj Auto,2015-11-24,2520.0,2544.3,2472.1,2478.85,2506.857891491985,19464,1800,48793482.0,3255.0,16.72,72.2,-41.15,2478.85,2454.6325,2405.825,Hold
Bajaj Auto,2015-11-26,2488.0,2520.0,2451.0,2462.4,2477.453248054985,20951,2075,51905123.0,5763.0,27.51,69.0,-25.6,2462.4,2448.6400000000003,2409.692,Hold
Bajaj Auto,2015-11-27,2442.7,2463.05,2427.1,2448.85,2444.618621973929,13425,1263,32819005.0,2364.0,17.61,35.95,6.15,2448.85,2442.6425,2412.62,Hold
Bajaj Auto,2015-11-30,2460.0,2510.0,2460.0,2481.55,2494.324157435776,21215,2217,52917087.0,4134.0,19.49,50.0,21.55,2481.55,2437.9625,2415.881,Hold
Bajaj Auto,2015-12-01,2481.55,2499.0,2455.65,2461.2,2470.4320520480646,15063,1735,37212118.0,3476.0,23.08,43.35,-20.35,2461.2,2433.5425,2418.895,Hold
Bajaj Auto,2015-12-02,2498.0,2513.0,2427.5,2499.4,2473.2053134567514,139796,4116,345744210.0,93380.0,66.8,85.5,1.4,2499.4,2436.9049999999997,2422.979,Hold
Bajaj Auto,2015-12-03,2467.0,2506.0,2467.0,2481.1,2489.0087487411884,15888,1661,39545371.0,6064.0,38.17,39.0,14.1,2481.1,2439.8925,2425.688,Hold
Bajaj Auto,2015-12-04,2480.0,2486.0,2455.0,2469.15,2466.94108570627,14258,1331,35173646.0,2046.0,14.35,31.0,-10.85,2469.15,2440.9125,2429.188,Hold
Bajaj Auto,2015-12-07,2480.0,2483.9,2443.0,2449.0,2458.0897101449277,20700,1760,50882457.0,8841.0,42.71,40.9,-31.0,2449.0,2442.65,2432.107,Hold
Bajaj Auto,2015-12-08,2449.0,2481.45,2440.0,2462.45,2461.2329629629626,10800,1336,26581316.0,2098.0,19.43,41.45,13.45,2462.45,2444.6274999999996,2436.1929999999998,Hold
Bajaj Auto,2015-12-09,2459.1,2471.3,2383.2,2390.45,2416.400500221873,24789,1707,59900152.0,8936.0,36.05,88.1,-68.65,2390.45,2443.7,2439.1969999999997,Hold
Bajaj Auto,2015-12-10,2404.05,2449.0,2400.3,2441.45,2420.970932380835,8119,1038,19655863.0,1470.0,18.11,48.7,37.4,2441.45,2443.1125,2442.364,Hold
Bajaj Auto,2015-12-11,2443.5,2450.0,2400.0,2411.9,2420.5545403691963,10726,1021,25962868.0,1066.0,9.94,50.0,-31.6,2411.9,2441.1549999999997,2445.084,Sell
Bajaj Auto,2015-12-14,2411.9,2426.95,2375.05,2409.75,2403.6984576907043,11995,1512,28832363.0,1334.0,11.12,51.9,-2.15,2409.75,2442.7925,2448.244,Hold
Bajaj Auto,2015-12-15,2410.0,2449.0,2391.05,2435.45,2416.17250565063,12388,1464,29931545.0,2013.0,16.25,57.95,25.45,2435.45,2445.39,2450.758,Hold
Bajaj Auto,2015-12-16,2437.3,2465.8,2430.5,2451.65,2447.7641139804095,11230,1240,27488391.0,2702.0,24.06,35.3,14.35,2451.65,2449.7799999999997,2453.514,Hold
Bajaj Auto,2015-12-17,2452.7,2534.0,2452.7,2524.2,2497.0896891379,22132,2052,55265589.0,8197.0,37.04,81.3,71.5,2524.2,2458.7074999999995,2456.31,Buy
Bajaj Auto,2015-12-18,2483.1,2502.85,2466.0,2481.95,2484.053957798797,26113,2723,64866101.0,5860.0,22.44,36.85,-1.15,2481.95,2461.6225,2458.397,Hold
Bajaj Auto,2015-12-21,2483.95,2506.0,2475.35,2489.25,2493.7995307917886,8525,833,21259641.0,1674.0,19.64,30.65,5.3,2489.25,2462.66,2459.136,Hold
Bajaj Auto,2015-12-22,2485.05,2501.85,2466.75,2476.1,2483.827458659704,13788,1043,34247013.0,1540.0,11.17,35.1,-8.95,2476.1,2460.305,2459.954,Hold
Bajaj Auto,2015-12-23,2480.0,2500.8,2472.0,2475.6,2485.3368066519315,9501,1030,23613185.0,1621.0,17.06,28.8,-4.4,2475.6,2460.1425,2460.583,Sell
Bajaj Auto,2015-12-24,2497.0,2497.0,2469.0,2484.8,2480.170155465785,8169,731,20260510.0,639.0,7.82,28.0,-12.2,2484.8,2461.2625,2461.772,Hold
Bajaj Auto,2015-12-28,2488.0,2496.6,2484.0,2487.45,2489.1341976173794,2854,336,7103989.0,557.0,19.52,12.6,-0.55,2487.45,2463.1925,2462.306,Buy
Bajaj Auto,2015-12-29,2500.0,2539.9,2496.9,2531.15,2520.5654804913293,11072,1334,27907701.0,2487.0,22.46,43.0,31.15,2531.15,2465.6724999999997,2464.137,Hold
Bajaj Auto,2015-12-30,2540.0,2550.65,2512.0,2515.5,2527.918325197146,15978,1558,40391079.0,2114.0,13.23,38.65,-24.5,2515.5,2468.3875,2465.411,Hold
Bajaj Auto,2015-12-31,2516.0,2550.0,2505.0,2533.5,2524.0845369960125,11285,1037,28484294.0,3428.0,30.38,45.0,17.5,2533.5,2470.0924999999997,2466.9120000000003,Hold
Bajaj Auto,2016-01-01,2530.0,2530.0,2512.15,2520.05,2519.52545554942,9055,995,22814303.0,1124.0,12.41,17.85,-9.95,2520.05,2472.04,2468.118,Hold
Bajaj Auto,2016-01-04,2507.9,2545.85,2480.65,2488.15,2515.733977553408,23077,1726,58055593.0,8304.0,35.98,65.2,-19.75,2488.15,2472.9900000000002,2469.115,Hold
Bajaj Auto,2016-01-05,2518.0,2520.0,2480.0,2497.05,2505.3865630483833,11967,1405,29981961.0,1682.0,14.06,40.0,-20.95,2497.05,2475.3925,2468.6910000000003,Hold
Bajaj Auto,2016-01-06,2495.0,2513.7,2475.0,2485.5,2495.412025052192,11975,1582,29882559.0,2247.0,18.76,38.7,-9.5,2485.5,2476.545,2468.1240000000003,Hold
Bajaj Auto,2016-01-07,2470.0,2481.8,2407.25,2419.25,2446.5554441799277,15962,1761,39051918.0,1545.0,9.68,74.55,-50.75,2419.25,2477.9849999999997,2465.1580000000004,Hold
Bajaj Auto,2016-01-08,2430.0,2444.0,2361.0,2376.85,2384.3410918154045,24876,3264,59312869.0,8275.0,33.26,83.0,-53.15,2376.85,2474.755,2461.05,Hold
Bajaj Auto,2016-01-11,2361.0,2369.8,2331.05,2359.8,2353.483113541332,15545,1708,36584895.0,2659.0,17.11,38.75,-1.2,2359.8,2472.15,2456.87,Hold
Bajaj Auto,2016-01-12,2359.8,2378.0,2337.0,2342.45,2349.9981571066573,13023,1430,30604026.0,5472.0,42.02,41.0,-17.35,2342.45,2468.785,2452.216,Hold
Bajaj Auto,2016-01-13,2364.0,2383.75,2331.05,2364.0,2356.683282208589,14344,1612,33804265.0,1627.0,11.34,52.7,0.0,2364.0,2465.2125,2448.504,Hold
Bajaj Auto,2016-01-14,2350.0,2375.9,2321.45,2362.15,2346.419998203216,11131,1285,26118001.0,1440.0,12.94,54.45,12.15,2362.15,2460.7375,2447.1040000000003,Hold
Bajaj Auto,2016-01-15,2356.0,2380.0,2315.5,2335.2,2328.936027846305,29591,3762,68915546.0,15507.0,52.4,64.5,-20.8,2335.2,2451.2875,2445.381,Hold
Bajaj Auto,2016-01-18,2335.0,2335.0,2241.0,2249.6,2258.4327333123847,22277,2807,50311106.0,3639.0,16.34,94.0,-85.4,2249.6,2439.67,2441.3979999999997,Sell
Bajaj Auto,2016-01-19,2246.0,2290.0,2235.0,2266.6,2266.7796411023282,9362,1395,21221591.0,2100.0,22.43,55.0,20.6,2266.6,2428.5375,2438.445,Hold
Bajaj Auto,2016-01-20,2254.0,2284.95,2230.1,2276.25,2261.1764140977625,10413,1544,23545630.0,2020.0,19.4,54.85,22.25,2276.25,2418.545,2435.512,Hold
Bajaj Auto,2016-01-21,2278.35,2296.4,2258.2,2274.0,2273.9123621273343,18314,2087,41644431.0,4288.0,23.41,38.2,-4.35,2274.0,2408.465,2432.812,Hold
Bajaj Auto,2016-01-22,2290.0,2334.4,2276.2,2317.6,2315.9911370120803,16473,2505,38151322.0,3909.0,23.73,58.2,27.6,2317.6,2400.105,2430.1,Hold
Bajaj Auto,2016-01-25,2320.1,2347.45,2311.5,2323.15,2328.1215078687324,8197,1184,19083612.0,801.0,9.77,35.95,3.05,2323.15,2391.8900000000003,2427.542,Hold
Bajaj Auto,2016-01-27,2347.0,2347.0,2287.0,2301.7,2304.637071438328,14642,1939,33744496.0,4762.0,32.52,60.0,-45.3,2301.7,2380.4175,2426.036,Hold
Bajaj Auto,2016-01-28,2303.0,2309.35,2250.0,2269.75,2284.476726478183,15103,1721,34502452.0,3555.0,23.54,59.35,-33.25,2269.75,2368.13,2423.761,Hold
Bajaj Auto,2016-01-29,2270.0,2360.0,2264.6,2341.9,2302.667118886112,14005,1592,32248853.0,2570.0,18.35,95.4,71.9,2341.9,2358.55,2423.322,Hold
Bajaj Auto,2016-02-01,2380.0,2380.0,2312.5,2328.1,2330.7050021076298,14234,1982,33175255.0,4005.0,28.14,67.5,-51.9,2328.1,2348.9525,2422.971,Hold
Bajaj Auto,2016-02-02,2322.55,2382.75,2300.0,2362.55,2355.342749103132,30941,3964,72876660.0,6695.0,21.64,82.75,40.0,2362.55,2342.6724999999997,2421.749,Hold
Bajaj Auto,2016-02-03,2368.0,2396.85,2332.1,2348.05,2366.91253968254,18900,2202,44734647.0,1715.0,9.07,64.75,-19.95,2348.05,2335.2225,2419.34,Hold
Bajaj Auto,2016-02-04,2364.0,2392.75,2292.25,2310.05,2337.133778037939,155459,14365,363328480.0,26025.0,16.74,100.5,-53.95,2310.05,2326.45,2415.077,Hold
Bajaj Auto,2016-02-05,2310.5,2378.0,2310.0,2361.1,2347.826008360637,26553,3004,62341824.0,5452.0,20.53,68.0,50.6,2361.1,2323.5425,2412.7219999999998,Hold
Bajaj Auto,2016-02-08,2356.7,2389.0,2343.45,2348.7,2365.4056433408578,8860,1006,20957494.0,1246.0,14.06,45.55,-8.0,2348.7,2322.135,2410.448,Hold
Bajaj Auto,2016-02-09,2348.7,2386.0,2340.0,2377.65,2365.564377121964,15316,1405,36230984.0,2933.0,19.15,46.0,28.95,2377.65,2323.0275,2409.024,Hold
Bajaj Auto,2016-02-10,2381.0,2384.0,2341.7,2371.05,2363.0187859907487,10593,903,25031458.0,2491.0,23.52,42.3,-9.95,2371.05,2324.4575,2406.8140000000003,Hold
Bajaj Auto,2016-02-11,2380.65,2386.85,2289.6,2331.15,2355.7308463080008,12974,1706,30563252.0,3343.0,25.77,97.25,-49.5,2331.15,2322.815,2404.2129999999997,Hold
Bajaj Auto,2016-02-12,2315.0,2331.0,2251.55,2302.95,2282.1223628691982,16116,1772,36778684.0,3726.0,23.12,79.45,-12.05,2302.95,2319.855,2400.284,Hold
Bajaj Auto,2016-02-15,2328.75,2363.7,2306.35,2343.25,2328.642611683849,22407,2801,52177895.0,4828.0,21.55,57.35,14.5,2343.25,2320.2574999999997,2397.527,Hold
Bajaj Auto,2016-02-16,2353.1,2367.0,2322.1,2334.75,2342.452675982072,18965,2191,44424615.0,2715.0,14.32,44.9,-18.35,2334.75,2324.515,2394.839,Hold
Bajaj Auto,2016-02-17,2336.0,2375.0,2266.4,2356.9,2302.1506942092783,23624,3097,54386008.0,3108.0,13.16,108.6,20.9,2356.9,2329.0299999999997,2392.9970000000003,Hold
Bajaj Auto,2016-02-18,2370.0,2416.5,2363.2,2405.5,2392.9613445378154,13685,1820,32747676.0,1713.0,12.52,53.3,35.5,2405.5,2335.4925,2391.858,Hold
Bajaj Auto,2016-02-19,2410.0,2466.8,2406.6,2457.0,2441.7587708385167,16076,2051,39253714.0,2513.0,15.63,60.2,47.0,2457.0,2344.6425,2393.1890000000003,Hold
Bajaj Auto,2016-02-22,2465.0,2488.0,2450.0,2475.3,2471.202942706398,13457,2340,33254978.0,5535.0,41.13,38.0,10.3,2475.3,2352.5275,2393.866,Hold
Bajaj Auto,2016-02-23,2476.75,2476.75,2387.1,2396.25,2416.554002541296,14953,1863,36134732.0,1308.0,8.75,89.65,-80.5,2396.25,2356.1825,2393.553,Hold
Bajaj Auto,2016-02-24,2396.0,2409.0,2334.2,2344.65,2365.718143100511,11740,1688,27773531.0,1695.0,14.44,74.8,-51.35,2344.65,2358.3300000000004,2392.251,Hold
Bajaj Auto,2016-02-25,2349.9,2351.5,2293.0,2317.8,2309.167064593147,61988,2634,143140648.0,41539.0,67.01,58.5,-32.1,2317.8,2360.7325,2389.898,Hold
Bajaj Auto,2016-02-26,2340.0,2349.0,2227.9,2236.85,2251.9094653545703,49285,4705,110985358.0,18984.0,38.52,121.1,-103.15,2236.85,2355.48,2385.602,Hold
Bajaj Auto,2016-02-29,2240.0,2263.9,2173.4,2200.4,2213.7574278438033,61256,6739,135605925.0,13248.0,21.63,90.5,-39.6,2200.4,2349.0950000000003,2379.126,Hold
Bajaj Auto,2016-03-01,2206.5,2266.5,2206.5,2260.0,2245.7867587580117,16071,1694,36092039.0,2445.0,15.21,60.0,53.5,2260.0,2343.9674999999997,2374.687,Hold
Bajaj Auto,2016-03-02,2262.0,2315.35,2216.95,2233.6,2251.716199425332,77262,6025,173972097.0,30105.0,38.96,98.4,-28.4,2233.6,2338.245,2369.574,Hold
Bajaj Auto,2016-03-03,2264.0,2285.3,2238.95,2279.25,2268.636446577009,29594,2326,67138027.0,7318.0,24.73,46.35,15.25,2279.25,2336.705,2365.6369999999997,Hold
Bajaj Auto,2016-03-04,2283.0,2321.0,2263.55,2304.7,2289.551842939954,18286,2275,41866745.0,3490.0,19.09,57.45,21.7,2304.7,2333.885,2362.219,Hold
Bajaj Auto,2016-03-08,2306.25,2340.0,2285.45,2316.85,2321.5777801246168,18938,1832,43966040.0,3563.0,18.81,54.55,10.6,2316.85,2332.2925,2358.86,Hold
Bajaj Auto,2016-03-09,2323.3,2333.2,2297.75,2313.85,2318.7248376623374,19712,1874,45706704.0,4548.0,23.07,35.45,-9.45,2313.85,2329.1025,2355.3880000000004,Hold
Bajaj Auto,2016-03-10,2325.0,2337.45,2305.3,2319.9,2320.82163599848,18423,2378,42756497.0,4076.0,22.12,32.15,-5.1,2319.9,2326.545,2351.163,Hold
Bajaj Auto,2016-03-11,2314.55,2346.8,2312.05,2325.8,2327.689933427476,9914,1180,23076718.0,1438.0,14.5,34.75,11.25,2325.8,2326.2775,2347.369,Hold
Bajaj Auto,2016-03-14,2331.95,2331.95,2303.0,2313.05,2314.220637154555,15632,1578,36175897.0,3731.0,23.87,28.95,-18.9,2313.05,2326.7825000000003,2342.96,Hold
Bajaj Auto,2016-03-15,2314.0,2325.8,2268.6,2278.45,2293.2661039230607,14453,1658,33144575.0,5023.0,34.75,57.2,-35.55,2278.45,2323.5425000000005,2338.128,Hold
Bajaj Auto,2016-03-16,2244.0,2258.7,2213.2,2249.65,2242.033087492423,19796,1987,44383287.0,3449.0,17.42,45.5,5.65,2249.65,2319.2875,2333.3579999999997,Hold
Bajaj Auto,2016-03-17,2268.0,2282.0,2251.55,2269.8,2268.43416346536,15098,1929,34248819.0,5005.0,33.15,30.45,1.8,2269.8,2314.9325,2328.813,Hold
Bajaj Auto,2016-03-18,2275.0,2308.8,2271.8,2301.85,2293.332679738562,10710,1262,24561593.0,3026.0,28.25,37.0,26.85,2301.85,2309.75,2325.14,Hold
Bajaj Auto,2016-03-21,2301.85,2317.0,2289.55,2311.8,2306.3099626401,8030,1014,18519669.0,2049.0,25.52,27.45,9.95,2311.8,2302.4900000000002,2322.991,Hold
Bajaj Auto,2016-03-22,2315.0,2324.7,2299.5,2309.65,2310.2697848957982,14923,1165,34476156.0,5917.0,39.65,25.2,-5.35,2309.65,2294.2075,2321.647,Hold
Bajaj Auto,2016-03-23,2317.85,2363.0,2305.2,2354.45,2337.944303016277,12963,1301,30306772.0,3066.0,23.65,57.8,36.6,2354.45,2292.1175,2321.54,Hold
Bajaj Auto,2016-03-28,2367.0,2370.05,2334.0,2355.5,2349.5587899543375,7008,852,16465708.0,1434.0,20.46,36.05,-11.5,2355.5,2292.66,2321.801,Hold
Bajaj Auto,2016-03-29,2361.5,2374.5,2333.85,2347.3,2351.6449941948736,11197,781,26331369.0,2809.0,25.09,40.65,-14.2,2347.3,2294.135,2321.467,Hold
Bajaj Auto,2016-03-30,2360.0,2434.0,2360.0,2417.2,2412.3127414766695,23553,2886,56817202.0,4699.0,19.95,74.0,57.2,2417.2,2303.1525,2322.5679999999998,Hold
Bajaj Auto,2016-03-31,2420.95,2455.0,2392.45,2406.1,2430.94061226121,12511,1319,30413498.0,3839.0,30.68,62.55,-14.85,2406.1,2313.4375,2323.986,Hold
Bajaj Auto,2016-04-01,2407.0,2424.95,2380.0,2417.15,2403.884600716955,13111,2280,31517331.0,2538.0,19.36,44.95,10.15,2417.15,2321.295,2327.337,Hold
Bajaj Auto,2016-04-04,2420.0,2477.4,2420.0,2449.7,2453.019143413368,21574,2625,52921435.0,1743.0,8.08,57.4,29.7,2449.7,2332.1,2330.999,Buy
Bajaj Auto,2016-04-05,2450.0,2460.0,2387.0,2396.45,2407.9308534270367,24759,2876,59617960.0,9696.0,39.16,73.0,-53.55,2396.45,2337.96,2333.403,Hold
Bajaj Auto,2016-04-06,2397.2,2425.0,2391.05,2396.75,2400.4669666114137,4223,691,10137172.0,1138.0,26.95,33.95,-0.45,2396.75,2342.5625,2335.8579999999997,Hold
Bajaj Auto,2016-04-07,2386.0,2390.3,2356.0,2374.8,2371.9162626130255,7631,1078,18100093.0,1324.0,17.35,34.3,-11.2,2374.8,2345.46,2337.002,Hold
Bajaj Auto,2016-04-08,2375.0,2404.75,2350.15,2390.65,2381.9520102483248,10148,1270,24172049.0,1164.0,11.47,54.6,15.65,2390.65,2349.3,2338.3520000000003,Hold
Bajaj Auto,2016-04-11,2402.6,2437.5,2375.05,2431.8,2403.566536627655,9228,1182,22180112.0,1661.0,18.0,62.45,29.2,2431.8,2354.895,2340.9539999999997,Hold
Bajaj Auto,2016-04-12,2431.8,2469.0,2431.8,2459.1,2451.522098733523,7738,1222,18969878.0,1436.0,18.56,37.2,27.3,2459.1,2361.56,2344.741,Hold
Bajaj Auto,2016-04-13,2460.0,2611.7,2460.0,2580.8,2554.172893338696,47243,4869,120666790.0,9107.0,19.28,151.7,120.8,2580.8,2374.9475,2349.519,Hold
Bajaj Auto,2016-04-18,2610.0,2610.0,2532.7,2540.3,2551.926947446888,18781,2127,47927740.0,5363.0,28.56,77.3,-69.7,2540.3,2388.04,2353.7630000000004,Hold
Bajaj Auto,2016-04-20,2541.3,2573.55,2517.5,2536.3,2546.5411169744943,13644,1694,34745007.0,3183.0,23.33,56.05,-5.0,2536.3,2402.3725000000004,2357.238,Hold
Bajaj Auto,2016-04-21,2533.05,2549.1,2481.55,2496.1,2506.726650366748,14315,1373,35883792.0,2273.0,15.88,67.55,-36.95,2496.1,2413.6875,2360.199,Hold
Bajaj Auto,2016-04-22,2501.0,2553.5,2483.95,2521.1,2525.7645489411366,17991,2585,45441030.0,3833.0,21.31,69.55,20.1,2521.1,2424.65,2364.42,Hold
Bajaj Auto,2016-04-25,2521.8,2560.0,2520.0,2543.25,2547.310623098293,22677,1953,57765363.0,7290.0,32.15,40.0,21.45,2543.25,2436.2225,2368.063,Hold
Bajaj Auto,2016-04-26,2535.0,2560.0,2509.0,2549.65,2539.9555992141454,17815,2025,45249309.0,4715.0,26.47,51.0,14.65,2549.65,2448.2225,2372.0820000000003,Hold
Bajaj Auto,2016-04-27,2556.0,2581.3,2540.0,2549.1,2554.6730941704036,11150,1234,28484605.0,2013.0,18.05,41.3,-6.9,2549.1,2457.955,2375.511,Hold
Bajaj Auto,2016-04-28,2548.9,2557.0,2481.75,2488.45,2519.517071260768,12770,1424,32174233.0,1741.0,13.63,75.25,-60.45,2488.45,2464.6025,2377.859,Hold
Bajaj Auto,2016-04-29,2490.0,2502.0,2465.55,2484.6,2484.427366972408,132247,2693,328558066.0,111587.0,84.38,36.45,-5.4,2484.6,2471.4674999999997,2380.928,Hold
Bajaj Auto,2016-05-02,2486.0,2520.0,2450.0,2477.55,2476.100261344737,12627,1257,31265718.0,2784.0,22.05,70.0,-8.45,2477.55,2474.4849999999997,2384.42,Hold
Bajaj Auto,2016-05-03,2480.0,2500.0,2453.0,2463.2,2467.848778004073,15712,2003,38774840.0,2276.0,14.49,47.0,-16.8,2463.2,2477.34,2386.819,Hold
Bajaj Auto,2016-05-04,2469.0,2474.9,2450.45,2459.2,2460.757324345346,7714,900,18982282.0,1239.0,16.06,24.45,-9.8,2459.2,2479.4425,2389.308,Hold
Bajaj Auto,2016-05-05,2473.4,2486.0,2448.0,2453.0,2463.3112151248165,10896,964,26840239.0,1518.0,13.93,38.0,-20.4,2453.0,2479.6075,2391.23,Hold
Bajaj Auto,2016-05-06,2453.0,2453.0,2430.0,2435.85,2438.8011393746688,7548,1033,18408071.0,1765.0,23.38,23.0,-17.15,2435.85,2481.5775,2391.837,Hold
Bajaj Auto,2016-05-09,2453.0,2539.65,2450.5,2527.95,2507.269691499836,24376,2015,61117206.0,9497.0,38.96,89.15,74.95,2527.95,2488.1375,2393.256,Hold
Bajaj Auto,2016-05-10,2526.15,2544.7,2500.6,2532.8,2522.8137233579814,9196,995,23199795.0,1593.0,17.32,44.1,6.65,2532.8,2496.0375,2394.406,Hold
Bajaj Auto,2016-05-11,2521.8,2554.35,2499.35,2517.75,2526.088403604552,15203,1679,38404122.0,3344.0,22.0,55.0,-4.05,2517.75,2502.3925,2396.8360000000002,Hold
Bajaj Auto,2016-05-12,2518.0,2554.8,2517.35,2550.45,2544.2788999444847,23417,1878,59579379.0,10782.0,46.04,37.45,32.45,2550.45,2508.325,2400.9519999999998,Hold
Bajaj Auto,2016-05-13,2554.8,2554.8,2506.0,2514.3,2518.7160714285715,8400,970,21157215.0,1394.0,16.6,48.8,-40.5,2514.3,2511.085,2404.8819999999996,Hold
Bajaj Auto,2016-05-16,2526.75,2526.75,2457.7,2518.6,2498.035062399185,11779,1868,29424355.0,1544.0,13.11,69.05,-8.15,2518.6,2507.975,2410.5170000000003,Hold
Bajaj Auto,2016-05-17,2520.0,2535.75,2503.85,2513.0,2519.0236514145363,10993,1518,27691627.0,3027.0,27.54,31.9,-7.0,2513.0,2506.61,2416.769,Hold
Bajaj Auto,2016-05-18,2503.8,2503.8,2456.8,2466.45,2470.982723918148,11924,1687,29463998.0,3291.0,27.6,47.0,-37.35,2466.45,2503.1175,2420.8979999999997,Hold
Bajaj Auto,2016-05-19,2470.0,2470.0,2430.0,2440.7,2447.652503052503,20475,1957,50115685.0,5174.0,25.27,40.0,-29.3,2440.7,2500.3475,2425.04,Hold
Bajaj Auto,2016-05-20,2440.3,2466.0,2429.5,2461.0,2454.1449777469816,37523,2860,92086882.0,15913.0,42.41,36.5,20.7,2461.0,2497.3424999999997,2428.675,Hold
Bajaj Auto,2016-05-23,2466.0,2466.0,2405.0,2416.75,2429.3443468770156,20157,1974,48968294.0,5168.0,25.64,61.0,-49.25,2416.75,2491.0175,2430.916,Hold
Bajaj Auto,2016-05-24,2421.0,2421.0,2366.0,2384.5,2388.9202162811653,16645,2133,39763577.0,4051.0,24.34,55.0,-36.5,2384.5,2482.7599999999998,2432.269,Hold
Bajaj Auto,2016-05-25,2395.35,2505.0,2381.0,2478.85,2460.819603063701,95179,10427,234218349.0,10426.0,10.95,124.0,83.5,2478.85,2479.2475,2435.569,Hold
Bajaj Auto,2016-05-26,2488.0,2517.35,2478.5,2505.15,2499.114912451633,35923,3449,89775705.0,9287.0,25.85,38.85,17.15,2505.15,2480.0824999999995,2439.274,Hold
Bajaj Auto,2016-05-27,2501.4,2581.1,2490.0,2567.45,2551.992326384448,39095,3766,99770140.0,14981.0,38.32,91.1,66.05,2567.45,2484.225,2444.107,Hold
Bajaj Auto,2016-05-30,2567.45,2614.95,2567.45,2608.75,2595.8609749610546,26319,2475,68320465.0,10030.0,38.11,47.5,41.3,2608.75,2490.7850000000003,2450.0209999999997,Hold
Bajaj Auto,2016-05-31,2610.0,2642.0,2606.2,2618.9,2625.7851470046808,19013,2281,49924053.0,6723.0,35.36,35.8,8.9,2618.9,2498.5699999999997,2456.83,Hold
Bajaj Auto,2016-06-01,2625.0,2633.0,2594.75,2602.7,2613.2715570085816,14682,1530,38368053.0,2658.0,18.1,38.25,-22.3,2602.7,2505.745,2463.891,Hold
Bajaj Auto,2016-06-02,2602.0,2602.0,2558.0,2594.85,2584.7969286064367,24484,2280,63286168.0,3297.0,13.47,44.0,-7.15,2594.85,2512.8375,2470.3920000000003,Hold
Bajaj Auto,2016-06-03,2599.0,2658.0,2594.85,2635.0,2639.8284621808116,22753,2509,60064017.0,5397.0,23.72,63.15,36.0,2635.0,2522.795,2477.055,Hold
Bajaj Auto,2016-06-06,2635.0,2647.0,2620.45,2633.25,2633.9115168539324,13528,1639,35631555.0,4309.0,31.85,26.55,-1.75,2633.25,2528.06,2483.4840000000004,Hold
Bajaj Auto,2016-06-07,2645.0,2657.65,2627.4,2642.25,2644.3029593191222,12807,1571,33865588.0,3713.0,28.99,30.25,-2.75,2642.25,2533.5325000000003,2490.136,Hold
Bajaj Auto,2016-06-08,2637.1,2655.05,2624.6,2631.55,2638.171608236674,30692,2652,80970763.0,16019.0,52.19,30.45,-5.55,2631.55,2539.2225000000003,2495.678,Hold
Bajaj Auto,2016-06-09,2655.0,2655.0,2580.0,2593.25,2604.1714285714284,15540,2127,40468824.0,4641.0,29.86,75.0,-61.75,2593.25,2541.3625,2500.433,Hold
Bajaj Auto,2016-06-10,2593.5,2620.85,2570.0,2585.05,2586.2981886865555,20648,1850,53401885.0,8965.0,43.42,50.85,-8.45,2585.05,2544.9,2505.188,Hold
Bajaj Auto,2016-06-13,2579.95,2593.85,2555.2,2587.2,2573.8093471066086,9971,1070,25663453.0,1213.0,12.17,38.65,7.25,2587.2,2548.33,2508.5879999999997,Hold
Bajaj Auto,2016-06-14,2572.9,2579.5,2549.25,2561.2,2560.5142743221686,12540,1481,32108849.0,2868.0,22.87,30.25,-11.7,2561.2,2550.74,2511.69,Hold
Bajaj Auto,2016-06-15,2573.95,2610.85,2564.15,2602.1,2596.1617862026687,21207,1415,55056803.0,7547.0,35.59,46.7,28.15,2602.1,2557.5225,2515.389,Hold
Bajaj Auto,2016-06-16,2585.0,2588.9,2551.5,2566.4,2568.1123522895123,21664,2220,55635586.0,5952.0,27.47,37.4,-18.6,2566.4,2563.8075,2517.723,Hold
Bajaj Auto,2016-06-17,2579.6,2590.0,2557.45,2577.1,2571.53748027354,7604,810,19553971.0,1221.0,16.06,32.55,-2.5,2577.1,2569.6125,2521.3360000000002,Hold
Bajaj Auto,2016-06-20,2550.0,2619.0,2549.0,2612.05,2604.876026654269,12906,1700,33618530.0,2970.0,23.01,70.0,62.05,2612.05,2579.3775,2525.6420000000003,Hold
Bajaj Auto,2016-06-21,2610.1,2649.85,2610.1,2625.2,2632.117320390048,22869,2546,60193891.0,3741.0,16.36,39.75,15.1,2625.2,2591.4125,2530.65,Hold
Bajaj Auto,2016-06-22,2626.2,2639.5,2615.0,2626.65,2625.925892696932,5573,767,14634285.0,976.0,17.51,24.5,0.45,2626.65,2598.8025,2535.37,Hold
Bajaj Auto,2016-06-23,2631.9,2666.95,2600.0,2651.25,2631.869864661654,33250,2323,87509673.0,13386.0,40.26,66.95,19.35,2651.25,2606.1075,2539.759,Hold
Bajaj Auto,2016-06-24,2592.0,2687.4,2562.0,2679.0,2633.802952359651,31297,2754,82430131.0,6847.0,21.88,125.4,87.0,2679.0,2611.685,2544.157,Hold
Bajaj Auto,2016-06-27,2680.0,2702.55,2642.0,2651.6,2667.606384729307,24308,2489,64844176.0,3674.0,15.11,60.55,-28.4,2651.6,2613.8275,2545.573,Hold
Bajaj Auto,2016-06-28,2651.6,2671.05,2614.0,2626.2,2638.34236482757,41669,3500,109937088.0,7443.0,17.86,57.05,-25.4,2626.2,2614.1925,2547.2909999999997,Hold
Bajaj Auto,2016-06-29,2636.5,2650.55,2632.5,2644.75,2643.362401560581,27682,1955,73173558.0,12188.0,44.03,18.05,8.25,2644.75,2616.295,2549.46,Hold
Bajaj Auto,2016-06-30,2650.0,2695.0,2650.0,2686.25,2675.6233653202407,44810,3733,119894683.0,10627.0,23.72,45.0,36.25,2686.25,2620.8650000000002,2553.263,Hold
Bajaj Auto,2016-07-01,2689.95,2719.0,2661.95,2668.9,2692.898055157022,25092,2498,67570198.0,6161.0,24.55,57.05,-21.05,2668.9,2622.56,2556.219,Hold
Bajaj Auto,2016-07-04,2684.4,2689.1,2640.0,2650.85,2656.970663436953,14862,1372,39487898.0,2873.0,19.33,49.1,-33.55,2650.85,2623.44,2558.3709999999996,Hold
Bajaj Auto,2016-07-05,2650.0,2650.0,2604.0,2613.95,2615.9759965709386,16331,2041,42721504.0,5941.0,36.38,46.0,-36.05,2613.95,2622.025,2559.657,Hold
Bajaj Auto,2016-07-07,2634.7,2634.7,2590.55,2610.4,2606.98364081868,13876,1273,36174505.0,5072.0,36.55,44.15,-24.3,2610.4,2620.9674999999997,2560.883,Hold
Bajaj Auto,2016-07-08,2616.3,2635.95,2597.0,2606.45,2611.0851546638005,16746,1147,43725232.0,10089.0,60.25,38.95,-9.85,2606.45,2621.6274999999996,2563.243,Hold
Bajaj Auto,2016-07-11,2625.0,2661.15,2623.1,2649.2,2629.1524074364784,89182,2258,234473070.0,68939.0,77.3,38.05,24.2,2649.2,2624.835,2566.535,Hold
Bajaj Auto,2016-07-12,2649.2,2674.95,2638.0,2652.15,2655.784827975184,10638,1155,28252239.0,2456.0,23.09,36.95,2.95,2652.15,2628.0824999999995,2570.027,Hold
Bajaj Auto,2016-07-13,2643.15,2663.0,2631.0,2655.65,2647.8952359783652,13497,1696,35738642.0,4601.0,34.09,32.0,12.5,2655.65,2632.805,2573.876,Hold
Bajaj Auto,2016-07-14,2620.1,2673.05,2620.1,2661.55,2659.7721893491125,6760,879,17980060.0,1411.0,20.87,52.95,41.45,2661.55,2635.7775,2577.923,Hold
Bajaj Auto,2016-07-15,2675.9,2698.1,2666.05,2688.4,2686.233917245545,13244,1664,35576482.0,3910.0,29.52,32.05,12.5,2688.4,2641.8775,2582.631,Hold
Bajaj Auto,2016-07-18,2715.0,2761.15,2705.55,2755.8,2747.6419155509784,38840,3324,106718412.0,15735.0,40.51,55.6,40.8,2755.8,2650.8125,2589.03,Hold
Bajaj Auto,2016-07-19,2756.0,2766.0,2741.9,2750.25,2750.6176479181886,34225,2395,94139889.0,17709.0,51.74,24.1,-5.75,2750.25,2657.7225,2593.476,Hold
Bajaj Auto,2016-07-20,2758.0,2790.5,2746.5,2769.0,2774.124371779375,15719,2012,43606461.0,3786.0,24.09,44.0,11.0,2769.0,2664.9125,2598.2,Hold
Bajaj Auto,2016-07-21,2792.0,2801.05,2758.0,2764.9,2780.92489626556,12050,1922,33510145.0,3450.0,28.63,43.05,-27.1,2764.9,2671.825,2603.143,Hold
Bajaj Auto,2016-07-22,2765.0,2765.0,2715.0,2720.75,2728.116204756345,16273,1955,44394635.0,7628.0,46.88,50.0,-44.25,2720.75,2675.3,2606.5490000000004,Hold
Bajaj Auto,2016-07-25,2725.0,2754.0,2680.9,2700.0,2707.12001180928,20323,1965,55016800.0,4006.0,19.71,73.1,-25.0,2700.0,2676.35,2610.2630000000004,Hold
Bajaj Auto,2016-07-26,2700.0,2714.0,2660.6,2670.15,2687.112320916905,12215,1149,32823077.0,4140.0,33.89,53.4,-29.85,2670.15,2677.2775,2613.294,Hold
Bajaj Auto,2016-07-27,2680.0,2724.0,2625.0,2668.75,2665.374272916304,109169,10243,290976244.0,16928.0,15.51,99.0,-11.25,2668.75,2679.4049999999997,2616.409,Hold
Bajaj Auto,2016-07-28,2670.0,2709.95,2650.0,2660.6,2682.81359223301,14935,1630,40067821.0,2658.0,17.8,59.95,-9.4,2660.6,2680.1974999999998,2620.292,Hold
Bajaj Auto,2016-07-29,2661.9,2724.0,2661.0,2702.0,2704.996646891927,19385,1869,52436360.0,5315.0,27.42,63.0,40.1,2702.0,2680.9849999999997,2625.518,Hold
Bajaj Auto,2016-08-01,2710.5,2779.0,2710.5,2735.4,2749.033163863903,25570,3136,70292778.0,6713.0,26.25,68.5,24.9,2735.4,2684.3100000000004,2631.006,Hold
Bajaj Auto,2016-08-02,2731.55,2777.0,2727.0,2748.45,2755.858065741972,21052,2015,58016324.0,4666.0,22.16,50.0,16.9,2748.45,2689.1899999999996,2637.64,Hold
Bajaj Auto,2016-08-03,2750.0,2756.1,2708.0,2716.3,2730.5036337209303,11008,1205,30057384.0,1176.0,10.68,48.1,-33.7,2716.3,2694.3075,2644.276,Hold
Bajaj Auto,2016-08-04,2738.0,2773.2,2725.0,2739.8,2748.5422015641134,13554,1465,37253741.0,2260.0,16.67,48.2,1.8,2739.8,2700.7775,2649.495,Hold
Bajaj Auto,2016-08-05,2764.0,2880.0,2757.5,2859.85,2825.2019397298236,34644,3440,97876296.0,8450.0,24.39,122.5,95.85,2859.85,2713.4475,2656.5890000000004,Hold
Bajaj Auto,2016-08-08,2877.9,2917.4,2860.05,2873.0,2887.613980043205,19442,1875,56140991.0,4661.0,23.97,57.35,-4.9,2873.0,2724.6375,2662.7,Hold
Bajaj Auto,2016-08-09,2863.1,2893.5,2827.3,2864.15,2869.734193789749,10692,1585,30683198.0,1089.0,10.19,66.2,1.05,2864.15,2735.2375,2667.808,Hold
Bajaj Auto,2016-08-10,2864.15,2902.0,2843.35,2849.0,2872.2402743289585,16914,1441,48581072.0,2728.0,16.13,58.65,-15.15,2849.0,2744.905,2672.41,Hold
Bajaj Auto,2016-08-11,2856.95,2886.15,2827.05,2844.7,2853.378457343202,10268,914,29298490.0,932.0,9.08,59.1,-12.25,2844.7,2754.0625,2677.25,Hold
Bajaj Auto,2016-08-12,2869.6,2901.6,2840.5,2867.45,2874.027896081772,14088,1349,40489305.0,2497.0,17.72,61.1,-2.15,2867.45,2763.015,2682.702,Hold
Bajaj Auto,2016-08-16,2870.0,2892.4,2840.4,2875.65,2868.191671624033,8405,980,24107151.0,1643.0,19.55,52.0,5.65,2875.65,2769.0075,2687.515,Hold
Bajaj Auto,2016-08-17,2878.0,2948.0,2878.0,2932.9,2929.5436299292214,19780,2033,57946373.0,3195.0,16.15,70.0,54.9,2932.9,2778.1400000000003,2693.508,Hold
Bajaj Auto,2016-08-18,2932.0,2957.4,2920.6,2942.75,2947.3034671532846,10960,1044,32302446.0,2090.0,19.07,36.8,10.75,2942.75,2786.8275000000003,2699.518,Hold
Bajaj Auto,2016-08-19,2938.0,2944.0,2922.25,2931.5,2933.267049808429,5220,569,15311654.0,1357.0,26.0,21.75,-6.5,2931.5,2795.1575000000003,2705.5170000000003,Hold
Bajaj Auto,2016-08-22,2931.5,2948.0,2908.2,2931.45,2928.0759791769956,8068,767,23623717.0,2223.0,27.55,39.8,-0.05,2931.45,2805.6925,2712.2810000000004,Hold
Bajaj Auto,2016-08-23,2910.5,2918.0,2870.0,2875.25,2875.43774634009,56832,1373,163416878.0,46309.0,81.48,48.0,-35.25,2875.25,2814.455,2718.085,Hold
Bajaj Auto,2016-08-24,2888.9,2899.0,2851.5,2872.25,2873.771007417144,10651,959,30608535.0,3004.0,28.2,47.5,-16.65,2872.25,2824.56,2723.7860000000005,Hold
Bajaj Auto,2016-08-25,2874.15,2901.95,2851.0,2863.0,2873.5148107080627,12626,1293,36280998.0,3422.0,27.1,50.95,-11.15,2863.0,2834.2725,2729.822,Hold
Bajaj Auto,2016-08-26,2870.0,2880.95,2847.0,2857.25,2858.692509635257,17903,1266,51179172.0,8540.0,47.7,33.95,-12.75,2857.25,2844.105,2734.925,Hold
Bajaj Auto,2016-08-29,2857.3,2899.9,2812.95,2884.3,2858.0841563205418,14176,1327,40516201.0,3336.0,23.53,86.95,27.0,2884.3,2853.2200000000003,2741.283,Hold
Bajaj Auto,2016-08-30,2880.0,3011.85,2880.0,2982.15,2976.281230631499,58084,4020,172874319.0,15959.0,27.48,131.85,102.15,2982.15,2865.5575,2749.3839999999996,Hold
Bajaj Auto,2016-08-31,2982.15,3038.0,2970.05,2980.95,3002.312421468318,22284,2164,66903530.0,5252.0,23.57,67.95,-1.2,2980.95,2877.1825,2756.762,Hold
Bajaj Auto,2016-09-01,2980.0,3017.05,2970.05,2996.55,3001.658402378091,15811,1617,47459221.0,3390.0,21.44,47.0,16.55,2996.55,2891.195,2764.189,Hold
Bajaj Auto,2016-09-02,2990.0,3010.45,2922.7,2999.85,2974.353107249689,29753,3652,88495928.0,5294.0,17.79,87.75,9.85,2999.85,2904.1975,2771.653,Hold
Bajaj Auto,2016-09-06,2999.85,3034.5,2993.0,3006.65,3010.590154383921,17165,1648,51676780.0,5266.0,30.68,41.5,6.8,3006.65,2911.5375,2778.761,Hold
Bajaj Auto,2016-09-07,3020.0,3020.0,2976.55,2985.85,2997.8405187521903,17118,1445,51317034.0,4869.0,28.44,43.45,-34.15,2985.85,2917.18,2784.8979999999997,Hold
Bajaj Auto,2016-09-08,2995.0,3115.6,2995.0,3090.55,3084.182240565455,40463,3462,124795266.0,7528.0,18.6,120.6,95.55,3090.55,2928.5,2793.6769999999997,Hold
Bajaj Auto,2016-09-09,3122.0,3122.0,3020.0,3034.1,3047.9091365182003,17939,1679,54676442.0,3288.0,18.33,102.0,-87.9,3034.1,2937.755,2801.835,Hold
Bajaj Auto,2016-09-12,3000.0,3000.0,2929.0,2955.3,2950.588153463172,13658,1831,40299133.0,3157.0,23.11,71.0,-44.7,2955.3,2943.285,2808.0460000000003,Hold
Bajaj Auto,2016-09-14,2959.9,2993.95,2940.6,2980.05,2968.1379381656498,9671,1118,28704862.0,1393.0,14.4,53.35,20.15,2980.05,2948.915,2813.922,Hold
Bajaj Auto,2016-09-15,2980.05,2980.05,2921.55,2931.95,2937.2663835778194,44038,1224,129351337.0,33714.0,76.56,58.5,-48.1,2931.95,2951.73,2819.1830000000004,Hold
Bajaj Auto,2016-09-16,2954.45,3029.5,2952.8,2980.0,2991.744816886841,21271,2352,63637404.0,3087.0,14.51,76.7,25.55,2980.0,2954.085,2825.7660000000005,Hold
Bajaj Auto,2016-09-19,2985.0,3009.25,2940.05,2945.75,2956.343948105558,13566,1175,40105762.0,4094.0,30.18,69.2,-39.25,2945.75,2954.2349999999997,2832.402,Hold
Bajaj Auto,2016-09-20,2933.0,2941.45,2878.0,2888.1,2899.31458566004,22385,1945,64901157.0,7402.0,33.07,63.45,-44.9,2888.1,2952.065,2837.9559999999997,Hold
Bajaj Auto,2016-09-21,2893.0,2961.5,2858.0,2902.9,2919.7231497073208,62355,3235,182059337.0,36088.0,57.88,103.5,9.9,2902.9,2950.6375,2843.885,Hold
Bajaj Auto,2016-09-22,2930.0,2964.0,2914.0,2925.5,2933.72641274583,44187,1776,129632569.0,29222.0,66.13,50.0,-4.5,2925.5,2953.15,2849.4110000000005,Hold
Bajaj Auto,2016-09-23,2925.5,2954.4,2917.05,2926.6,2934.5020536769257,17773,1666,52154905.0,2075.0,11.68,37.35,1.1,2926.6,2955.8675000000003,2854.9,Hold
Bajaj Auto,2016-09-26,2926.6,2926.6,2881.05,2890.75,2896.6229165109494,13379,1242,38753918.0,3394.0,25.37,45.55,-35.85,2890.75,2957.255,2859.6019999999994,Hold
Bajaj Auto,2016-09-27,2928.0,2928.0,2865.1,2871.05,2889.091719398517,14697,1338,42460981.0,4238.0,28.84,62.9,-56.95,2871.05,2957.945,2863.792,Hold
Bajaj Auto,2016-09-28,2889.85,2928.8,2874.9,2913.9,2906.3480408454047,21055,1103,61193158.0,12990.0,61.7,53.9,24.05,2913.9,2959.425,2868.302,Hold
Bajaj Auto,2016-09-29,2960.55,2990.0,2839.0,2844.55,2886.6580234421117,23718,2245,68465755.0,5828.0,24.57,151.0,-116.0,2844.55,2952.545,2870.0769999999993,Hold
Bajaj Auto,2016-09-30,2888.8,2888.8,2820.6,2832.15,2836.0729797080808,22472,2178,63732232.0,4876.0,21.7,68.2,-56.65,2832.15,2945.105,2871.715,Hold
Bajaj Auto,2016-10-03,2829.0,2905.8,2829.0,2882.55,2880.871996919918,77920,1847,224477546.0,61305.0,78.68,76.8,53.55,2882.55,2939.4049999999997,2873.986,Hold
Bajaj Auto,2016-10-04,2890.0,2916.05,2878.65,2894.35,2893.9016413140125,41613,1612,120423929.0,26536.0,63.77,37.4,4.35,2894.35,2934.13,2876.575,Hold
Bajaj Auto,2016-10-05,2900.9,2900.9,2847.95,2857.2,2863.605921454032,31141,1894,89175552.0,16627.0,53.39,52.95,-43.7,2857.2,2926.6575000000003,2879.3039999999996,Hold
Bajaj Auto,2016-10-06,2885.8,2885.8,2816.7,2825.9,2836.6521292970756,23388,1126,66343620.0,12936.0,55.31,69.1,-59.9,2825.9,2918.66,2881.822,Hold
Bajaj Auto,2016-10-07,2826.1,2893.0,2785.5,2883.9,2834.2109594975086,27702,3277,78513312.0,4091.0,14.77,107.5,57.8,2883.9,2908.3275,2886.097,Hold
Bajaj Auto,2016-10-10,2883.9,2910.0,2860.0,2874.85,2879.777582818641,14248,850,41031071.0,4369.0,30.66,50.0,-9.05,2874.85,2900.365,2890.219,Hold
Bajaj Auto,2016-10-13,2899.9,2899.9,2815.0,2823.75,2826.561013289655,53726,1856,151859817.0,38694.0,72.02,84.9,-76.15,2823.75,2893.7875,2893.482,Hold
Bajaj Auto,2016-10-14,2842.45,2847.4,2797.5,2804.8,2811.246545696687,12014,1201,33774316.0,3852.0,32.06,49.9,-37.65,2804.8,2885.025,2895.538,Sell
Bajaj Auto,2016-10-17,2816.0,2816.0,2749.0,2754.3,2772.0398487289026,14279,1652,39581957.0,5122.0,35.87,67.0,-61.7,2754.3,2876.1425000000004,2895.9159999999997,Hold
Bajaj Auto,2016-10-18,2763.05,2810.0,2757.5,2790.85,2786.2776835116197,13555,1900,37767994.0,5063.0,37.35,52.5,27.8,2790.85,2866.6850000000004,2896.7639999999997,Hold
Bajaj Auto,2016-10-19,2800.0,2818.3,2770.0,2787.15,2795.980330290011,14896,1389,41648923.0,2956.0,19.84,48.3,-12.85,2787.15,2858.755,2898.1809999999996,Hold
Bajaj Auto,2016-10-20,2799.0,2826.0,2782.35,2788.25,2801.328573080481,17296,1621,48451779.0,7113.0,41.13,43.65,-10.75,2788.25,2853.7625,2899.15,Hold
Bajaj Auto,2016-10-21,2810.0,2812.5,2780.55,2798.95,2796.7500795924866,6282,874,17569184.0,1213.0,19.31,31.95,-11.05,2798.95,2848.565,2897.9320000000002,Hold
Bajaj Auto,2016-10-24,2813.8,2813.8,2785.0,2789.3,2794.75831702544,6132,824,17137458.0,2204.0,35.94,28.8,-24.5,2789.3,2841.755,2896.258,Hold
Bajaj Auto,2016-10-25,2795.35,2811.5,2787.15,2799.95,2800.604023383769,5816,1084,16288313.0,1215.0,20.89,24.35,4.6,2799.95,2835.4224999999997,2894.974,Hold
Bajaj Auto,2016-10-26,2796.0,2842.95,2792.75,2818.65,2816.81365675614,65755,2105,185219582.0,25895.0,39.38,50.2,22.65,2818.65,2831.8175,2894.367,Hold
Bajaj Auto,2016-10-27,2844.0,2844.0,2751.0,2764.35,2786.9897951637954,13523,1790,37688463.0,3155.0,23.33,93.0,-79.65,2764.35,2826.4825,2892.76,Hold
Bajaj Auto,2016-10-28,2788.0,2858.95,2767.5,2834.65,2823.308324945701,151016,8466,426364730.0,22499.0,14.9,91.45,46.65,2834.65,2822.52,2892.104,Hold
Bajaj Auto,2016-10-30,2860.0,2874.25,2820.0,2833.45,2842.0,2935,270,8341270.0,861.0,29.34,54.25,-26.55,2833.45,2821.9649999999997,2891.26,Hold
Bajaj Auto,2016-11-01,2830.0,2910.0,2811.2,2824.7,2840.640051562026,39564,3385,112387083.0,15045.0,38.03,98.8,-5.3,2824.7,2821.5925,2889.0959999999995,Hold
Bajaj Auto,2016-11-02,2802.35,2839.8,2771.0,2817.65,2802.0955362003265,18370,1946,51474495.0,3081.0,16.77,68.8,15.3,2817.65,2818.3475,2886.594,Hold
Bajaj Auto,2016-11-03,2820.0,2852.2,2792.55,2831.45,2828.2498310810806,17760,2372,50229717.0,4533.0,25.52,59.65,11.45,2831.45,2815.2025000000003,2884.593,Hold
Bajaj Auto,2016-11-04,2829.9,2849.0,2805.0,2813.35,2824.0864900372235,18268,2028,51590412.0,4438.0,24.29,44.0,-16.55,2813.35,2813.0099999999998,2882.2309999999998,Hold
Bajaj Auto,2016-11-07,2814.35,2848.05,2787.05,2828.1,2822.749452261551,20539,2111,57976451.0,3086.0,15.03,61.0,13.75,2828.1,2813.12,2881.288,Hold
Bajaj Auto,2016-11-08,2828.0,2875.0,2824.95,2865.7,2860.9189015577326,18681,1942,53444826.0,5039.0,26.97,50.05,37.7,2865.7,2812.21,2881.1569999999997,Hold
Bajaj Auto,2016-11-09,2775.0,2824.65,2666.1,2781.6,2752.594164915317,40445,6010,111328671.0,6657.0,16.46,158.55,6.6,2781.6,2807.5475,2879.5289999999995,Hold
Bajaj Auto,2016-11-10,2800.95,2849.0,2715.6,2735.3,2775.3399829892523,25866,2701,71786944.0,6138.0,23.73,133.4,-65.65,2735.3,2803.125,2877.09,Hold
Bajaj Auto,2016-11-11,2735.3,2857.0,2635.05,2648.05,2671.186851338873,27075,2757,72322384.0,5375.0,19.85,221.95,-87.25,2648.05,2795.2875,2872.365,Hold
Bajaj Auto,2016-11-15,2644.0,2656.55,2510.0,2575.75,2571.6377261535167,28023,3255,72065004.0,4541.0,16.2,146.55,-68.25,2575.75,2786.3599999999997,2864.237,Hold
Bajaj Auto,2016-11-16,2576.0,2660.0,2572.0,2610.85,2618.1482864602267,30259,2812,79222549.0,1877.0,6.2,88.0,34.85,2610.85,2777.3599999999997,2856.835,Hold
Bajaj Auto,2016-11-17,2588.0,2653.0,2524.9,2544.35,2574.0397564587793,30385,3701,78212198.0,3583.0,11.79,128.1,-43.65,2544.35,2765.22,2847.791,Hold
Bajaj Auto,2016-11-18,2550.0,2580.0,2547.0,2574.6,2568.435152951633,13501,1197,34676443.0,2146.0,15.9,33.0,24.6,2574.6,2754.5375,2839.2859999999996,Hold
Bajaj Auto,2016-11-21,2571.6,2584.1,2512.5,2527.6,2540.518186379029,15946,1635,40511103.0,3393.0,21.28,71.6,-44.0,2527.6,2740.9700000000003,2829.705,Hold
Bajaj Auto,2016-11-22,2565.0,2610.9,2518.55,2600.6,2570.5325075930145,21072,1990,54166261.0,6280.0,29.8,92.35,35.6,2600.6,2731.535,2822.0,Hold
Bajaj Auto,2016-11-23,2600.0,2622.35,2567.5,2595.75,2594.9530994051206,23198,1907,60197722.0,5067.0,21.84,54.85,-4.25,2595.75,2721.325,2812.1040000000003,Hold
Bajaj Auto,2016-11-24,2596.0,2651.2,2558.05,2632.3,2625.271648614815,18373,1917,48234116.0,1970.0,10.72,93.15,36.3,2632.3,2712.0074999999997,2804.0679999999998,Hold
Bajaj Auto,2016-11-25,2630.0,2641.95,2603.7,2612.85,2615.0635607778463,14553,1381,38057020.0,4280.0,29.41,38.25,-17.15,2612.85,2704.4325,2797.2189999999996,Hold
Bajaj Auto,2016-11-28,2622.8,2662.0,2615.05,2637.45,2639.829185574397,20935,1935,55264824.0,1848.0,8.83,46.95,14.65,2637.45,2694.5724999999998,2790.367,Hold
Bajaj Auto,2016-11-29,2637.45,2690.0,2637.45,2661.8,2668.490092690237,18017,1522,48078186.0,2621.0,14.55,52.55,24.35,2661.8,2685.9900000000002,2784.9639999999995,Hold
Bajaj Auto,2016-11-30,2687.0,2690.0,2664.9,2683.75,2681.314618951029,13804,1154,37012867.0,2453.0,17.77,25.1,-3.25,2683.75,2678.9425,2779.0389999999998,Hold
Bajaj Auto,2016-12-01,2680.55,2714.0,2666.7,2685.15,2681.9824749938,12097,1255,32443942.0,1799.0,14.87,47.3,4.6,2685.15,2672.3175,2773.8269999999993,Hold
Bajaj Auto,2016-12-02,2666.7,2723.45,2653.55,2702.45,2685.8602777021506,18365,1793,49325824.0,1364.0,7.43,69.9,35.75,2702.45,2665.8675,2770.114,Hold
Bajaj Auto,2016-12-05,2700.0,2757.45,2689.55,2737.5,2727.963017553263,22389,1912,61076364.0,5226.0,23.34,67.9,37.5,2737.5,2662.075,2766.8059999999996,Hold
Bajaj Auto,2016-12-06,2750.9,2752.45,2720.55,2728.05,2734.002248688265,12007,1236,32827165.0,2917.0,24.29,31.9,-22.85,2728.05,2657.0724999999998,2762.8569999999995,Hold
Bajaj Auto,2016-12-07,2755.0,2755.0,2685.55,2701.7,2714.0519059205194,9864,1000,26771408.0,1668.0,16.91,69.45,-53.3,2701.7,2648.8725000000004,2758.3590000000004,Hold
Bajaj Auto,2016-12-08,2721.0,2787.9,2721.0,2773.75,2761.8375024145257,20708,1884,57192131.0,4992.0,24.11,66.9,52.75,2773.75,2648.48,2756.0190000000002,Hold
Bajaj Auto,2016-12-09,2778.5,2778.5,2712.6,2719.55,2729.2693090097773,15239,1603,41591335.0,4186.0,27.47,65.9,-58.95,2719.55,2647.6925,2752.9889999999996,Hold
Bajaj Auto,2016-12-12,2725.0,2725.0,2646.05,2652.75,2663.8683604069474,17791,1817,47392882.0,6231.0,35.02,78.95,-72.25,2652.75,2647.9275000000002,2747.7659999999996,Hold
Bajaj Auto,2016-12-13,2656.0,2667.15,2646.0,2659.4,2658.77906538534,10614,1028,28220281.0,3290.0,31.0,21.15,3.4,2659.4,2652.1099999999997,2744.0630000000006,Hold
Bajaj Auto,2016-12-14,2665.0,2665.7,2633.0,2649.45,2647.8883681295274,7041,877,18643782.0,1560.0,22.16,32.7,-15.55,2649.45,2654.04,2740.4089999999997,Hold
Bajaj Auto,2016-12-15,2649.0,2697.5,2632.5,2674.65,2675.1031282450676,15408,1684,41217989.0,2957.0,19.19,65.0,25.65,2674.65,2660.5550000000003,2736.2509999999997,Hold
Bajaj Auto,2016-12-16,2697.0,2697.0,2653.15,2658.9,2664.3593073593074,8778,1032,23387746.0,2116.0,24.11,43.85,-38.1,2658.9,2664.7699999999995,2731.542,Hold
Bajaj Auto,2016-12-19,2659.0,2659.0,2635.0,2646.3,2647.0730960581704,5226,709,13833604.0,1210.0,23.15,24.0,-12.7,2646.3,2670.705,2727.324,Hold
Bajaj Auto,2016-12-20,2657.95,2664.85,2572.0,2585.4,2589.3272004398764,23643,2588,61219463.0,8169.0,34.55,92.85,-72.55,2585.4,2669.945,2722.5139999999997,Hold
Bajaj Auto,2016-12-21,2597.5,2631.25,2580.75,2585.65,2602.6437508061395,7753,965,20178297.0,1752.0,22.6,50.5,-11.85,2585.65,2669.44,2716.5489999999995,Hold
Bajaj Auto,2016-12-22,2586.0,2589.0,2555.6,2566.55,2570.6811856906756,18757,1921,48218267.0,6209.0,33.1,33.4,-19.45,2566.55,2666.1524999999997,2710.383,Hold
Bajaj Auto,2016-12-23,2564.15,2635.0,2554.55,2621.35,2607.3756036636137,12010,1289,31314581.0,2888.0,24.05,80.45,57.2,2621.35,2666.5775,2706.335,Hold
Bajaj Auto,2016-12-26,2618.0,2618.35,2578.0,2596.7,2597.001249132547,7205,922,18711394.0,2181.0,30.27,40.35,-21.3,2596.7,2664.54,2702.173,Hold
Bajaj Auto,2016-12-27,2563.0,2642.0,2563.0,2633.6,2604.4694984184366,15491,1552,40345837.0,1423.0,9.19,79.0,70.6,2633.6,2663.13,2699.759,Hold
Bajaj Auto,2016-12-28,2629.35,2653.0,2624.55,2631.6,2641.3070270270273,6475,806,17102463.0,2009.0,31.03,28.45,2.25,2631.6,2660.5225,2696.574,Hold
Bajaj Auto,2016-12-29,2621.0,2665.65,2611.5,2655.45,2638.2514935661766,8704,1079,22963341.0,1523.0,17.5,54.15,34.45,2655.45,2659.0375,2693.94,Hold
Bajaj Auto,2016-12-30,2655.55,2667.0,2627.25,2633.85,2642.002120073239,10377,1231,27416056.0,2068.0,19.93,39.75,-21.7,2633.85,2655.6075,2690.8520000000003,Hold
Bajaj Auto,2017-01-02,2640.0,2658.3,2556.0,2596.8,2587.110088606513,35099,3376,90804977.0,8595.0,24.49,102.3,-43.2,2596.8,2648.5724999999998,2686.809,Hold
Bajaj Auto,2017-01-03,2590.0,2630.6,2566.0,2620.1,2594.789026362303,26591,2571,68998035.0,7602.0,28.59,64.6,30.1,2620.1,2643.175,2683.425,Hold
Bajaj Auto,2017-01-04,2626.0,2705.8,2619.0,2688.55,2661.2660287081335,16720,2605,44496368.0,4771.0,28.53,86.8,62.55,2688.55,2642.5175,2681.197,Hold
Bajaj Auto,2017-01-05,2688.55,2727.0,2685.0,2720.95,2708.1193271295638,13970,1856,37832427.0,2741.0,19.62,42.0,32.4,2720.95,2639.8775,2679.243,Hold
Bajaj Auto,2017-01-06,2718.45,2740.0,2697.6,2708.4,2719.1705376620043,7793,1055,21190496.0,1379.0,17.7,42.4,-10.05,2708.4,2639.3199999999997,2678.1240000000003,Hold
Bajaj Auto,2017-01-09,2726.0,2744.0,2708.5,2721.05,2724.779129540781,5836,711,15901811.0,1067.0,18.28,35.5,-4.95,2721.05,2642.7349999999997,2675.8520000000003,Hold
Bajaj Auto,2017-01-10,2723.55,2746.1,2713.05,2740.8,2729.7517997069504,15697,2370,42848914.0,7781.0,49.57,33.05,17.25,2740.8,2646.8050000000003,2673.999,Hold
Bajaj Auto,2017-01-11,2700.1,2750.45,2700.1,2717.55,2720.1211794802743,14854,1391,40404680.0,8429.0,56.75,50.35,17.45,2717.55,2650.21,2671.8559999999998,Hold
Bajaj Auto,2017-01-12,2720.0,2740.0,2710.0,2731.5,2723.32894457422,14127,1462,38472468.0,7784.0,55.1,30.0,11.5,2731.5,2653.0525000000002,2670.133,Hold
Bajaj Auto,2017-01-13,2730.0,2751.5,2692.7,2708.05,2722.5310110974106,16220,1312,44159453.0,8029.0,49.5,58.8,-21.95,2708.05,2655.51,2667.665,Hold
Bajaj Auto,2017-01-16,2708.05,2726.55,2688.05,2722.0,2713.123637071651,5136,576,13934603.0,1453.0,28.29,38.5,13.95,2722.0,2659.295,2665.8379999999997,Hold
Bajaj Auto,2017-01-17,2722.0,2742.25,2708.15,2729.9,2723.525068631701,13842,1374,37699034.0,3881.0,28.04,34.1,7.9,2729.9,2666.52,2663.874,Buy
Bajaj Auto,2017-01-18,2730.05,2740.0,2693.65,2704.3,2710.5746961576206,13247,1425,35906983.0,3898.0,29.43,46.35,-25.75,2704.3,2672.4525,2660.6459999999997,Hold
Bajaj Auto,2017-01-19,2705.0,2711.5,2683.55,2695.95,2698.406582900847,7322,956,19757733.0,1676.0,22.89,27.95,-9.05,2695.95,2678.9225,2658.933,Hold
Bajaj Auto,2017-01-20,2695.95,2718.0,2688.0,2698.35,2706.754749299284,12844,749,34765558.0,4509.0,35.11,30.0,2.4,2698.35,2682.7725,2658.1940000000004,Hold
Bajaj Auto,2017-01-23,2700.0,2715.9,2688.0,2707.4,2705.025970010821,6469,725,17498813.0,1593.0,24.63,27.9,7.4,2707.4,2688.3075,2659.381,Hold
Bajaj Auto,2017-01-24,2707.4,2811.0,2702.0,2796.1,2763.2710211397543,37938,3213,104832976.0,9929.0,26.17,109.0,88.7,2796.1,2696.4325,2663.788,Hold
Bajaj Auto,2017-01-25,2798.0,2868.5,2773.05,2851.0,2821.4913932450445,35263,3417,99494251.0,6004.0,17.03,95.45,53.0,2851.0,2707.4025,2668.591,Hold
Bajaj Auto,2017-01-27,2850.0,2871.5,2827.2,2853.5,2845.5635351553587,21917,2380,62366216.0,5026.0,22.93,44.3,3.5,2853.5,2717.3050000000003,2674.7740000000003,Hold
Bajaj Auto,2017-01-30,2853.5,2854.0,2813.0,2825.35,2827.8268845897264,5996,834,16955650.0,1137.0,18.96,41.0,-28.15,2825.35,2726.88,2679.789,Hold
Bajaj Auto,2017-01-31,2825.35,2917.05,2792.3,2837.75,2869.5664115107916,86875,7428,249293582.0,5569.0,6.41,124.75,12.4,2837.75,2738.9275000000002,2685.9919999999997,Hold
Bajaj Auto,2017-02-01,2845.05,2873.0,2810.7,2856.65,2847.74094949057,23065,2558,65683145.0,5884.0,25.51,62.3,11.6,2856.65,2750.755,2691.1130000000003,Hold
Bajaj Auto,2017-02-02,2856.65,2856.65,2801.35,2808.8,2821.649127743388,24878,1980,70196987.0,7192.0,28.91,55.3,-47.85,2808.8,2756.7675,2695.3740000000003,Hold
Bajaj Auto,2017-02-03,2809.0,2816.8,2790.0,2809.95,2805.018488591854,36509,1779,102408420.0,24104.0,66.02,26.8,0.95,2809.95,2761.2174999999997,2698.927,Hold
Bajaj Auto,2017-02-06,2819.0,2825.85,2785.0,2798.6,2801.3034442384624,10249,922,28710559.0,3417.0,33.34,40.85,-20.4,2798.6,2765.7275,2702.6419999999994,Hold
Bajaj Auto,2017-02-07,2802.0,2802.0,2756.8,2775.0,2768.310108604845,17955,1519,49705008.0,6045.0,33.67,45.2,-27.0,2775.0,2768.425,2705.3930000000005,Hold
Bajaj Auto,2017-02-08,2780.0,2792.6,2761.55,2786.2,2780.5925635239873,10193,1051,28342580.0,2206.0,21.64,31.05,6.2,2786.2,2770.6949999999997,2707.881,Hold
Bajaj Auto,2017-02-09,2795.0,2805.95,2752.15,2785.25,2774.361249544184,16454,1550,45649340.0,1164.0,7.07,53.8,-9.75,2785.25,2774.08,2709.9109999999996,Hold
Bajaj Auto,2017-02-10,2785.25,2812.5,2774.25,2795.8,2796.134914429676,11511,1031,32186309.0,2943.0,25.57,38.25,10.55,2795.8,2777.295,2712.1240000000003,Hold
Bajaj Auto,2017-02-13,2802.1,2818.0,2784.6,2806.4,2798.728830313015,6070,648,16988284.0,1681.0,27.69,33.4,4.3,2806.4,2782.2125,2714.2030000000004,Hold
Bajaj Auto,2017-02-14,2803.45,2803.45,2759.0,2779.4,2778.008555310644,26767,1742,74358955.0,18779.0,70.16,44.45,-24.05,2779.4,2785.0825,2715.041,Hold
Bajaj Auto,2017-02-15,2779.4,2803.0,2764.55,2790.0,2787.3279479326184,26120,721,72805006.0,19783.0,75.74,38.45,10.6,2790.0,2788.0875,2716.28,Hold
Bajaj Auto,2017-02-16,2798.55,2798.55,2766.0,2788.5,2779.629988262911,10224,1465,28418937.0,2556.0,25.0,32.55,-10.05,2788.5,2792.2975,2718.0160000000005,Hold
Bajaj Auto,2017-02-17,2788.5,2790.0,2753.0,2781.5,2774.677717536219,11251,990,31217899.0,3530.0,31.37,37.0,-7.0,2781.5,2796.575,2718.1710000000003,Hold
Bajaj Auto,2017-02-20,2771.5,2818.35,2767.45,2793.1,2800.237938901564,17971,1533,50323076.0,3814.0,21.22,50.9,21.6,2793.1,2801.3125,2719.6420000000003,Hold
Bajaj Auto,2017-02-21,2795.0,2811.45,2775.0,2806.1,2796.40104879161,13158,1129,36795045.0,4472.0,33.99,36.45,11.1,2806.1,2806.2475,2722.7090000000003,Hold
Bajaj Auto,2017-02-22,2803.0,2807.45,2780.0,2799.8,2796.702895220588,17408,967,48685004.0,9492.0,54.53,27.45,-3.2,2799.8,2806.4325,2725.5170000000003,Hold
Bajaj Auto,2017-02-23,2799.8,2823.95,2789.0,2812.05,2810.688626037913,12766,930,35881251.0,4452.0,34.87,34.95,12.25,2812.05,2804.4849999999997,2728.769,Hold
Bajaj Auto,2017-02-27,2812.0,2843.2,2790.0,2801.85,2820.724050008225,12158,1040,34294363.0,4361.0,35.87,53.2,-10.15,2801.85,2801.9024999999997,2731.313,Hold
Bajaj Auto,2017-02-28,2794.0,2801.65,2747.2,2758.25,2771.6460913312694,15504,1378,42971601.0,4215.0,27.19,54.45,-35.75,2758.25,2798.5474999999997,2733.3,Hold
Bajaj Auto,2017-03-01,2780.0,2792.6,2758.25,2773.0,2777.18584258539,14141,1011,39272185.0,4534.0,32.06,34.35,-7.0,2773.0,2795.31,2735.8340000000003,Hold
Bajaj Auto,2017-03-02,2790.0,2844.95,2790.0,2831.8,2824.325963053129,34915,2305,98611341.0,12500.0,35.8,54.95,41.8,2831.8,2794.0675,2740.762,Hold
Bajaj Auto,2017-03-03,2845.9,2845.9,2807.0,2831.1,2822.4671260942446,5369,611,15153826.0,952.0,17.73,38.9,-14.8,2831.1,2795.1825,2745.671,Hold
Bajaj Auto,2017-03-06,2831.1,2895.0,2831.1,2878.75,2869.9886883371446,24488,1920,70280283.0,9556.0,39.02,63.9,47.65,2878.75,2798.6225,2751.915,Hold
Bajaj Auto,2017-03-07,2870.15,2893.5,2870.0,2876.55,2879.7336300063566,6292,729,18119284.0,2382.0,37.86,23.5,6.4,2876.55,2802.52,2757.0190000000002,Hold
Bajaj Auto,2017-03-08,2880.0,2886.15,2855.0,2865.5,2874.325010817828,46220,751,132851302.0,41631.0,90.07,31.15,-14.5,2865.5,2807.045,2762.395,Hold
Bajaj Auto,2017-03-09,2865.5,2884.0,2854.95,2872.7,2870.3304538124858,8682,979,24920209.0,1230.0,14.17,29.05,7.2,2872.7,2811.37,2767.177,Hold
Bajaj Auto,2017-03-10,2888.0,2891.95,2850.0,2866.15,2875.1009006258582,6551,672,18834786.0,1159.0,17.69,41.95,-21.85,2866.15,2815.415,2771.8680000000004,Hold
Bajaj Auto,2017-03-14,2900.0,2909.0,2854.05,2867.25,2868.5800172723043,45159,935,129542205.0,36816.0,81.53,54.95,-32.75,2867.25,2818.9875,2776.1040000000003,Hold
Bajaj Auto,2017-03-15,2867.25,2890.0,2856.3,2870.35,2878.6286942542083,141199,775,406459493.0,135426.0,95.91,33.7,3.1,2870.35,2822.185,2780.834,Hold
Bajaj Auto,2017-03-16,2890.0,2943.85,2865.4,2936.7,2907.1186413219566,18518,1548,53834023.0,6787.0,36.65,78.45,46.7,2936.7,2830.05,2787.632,Hold
Bajaj Auto,2017-03-17,2940.0,2945.35,2892.65,2913.8,2913.5336474088767,20165,1802,58751406.0,7348.0,36.44,52.7,-26.2,2913.8,2836.24,2793.506,Hold
Bajaj Auto,2017-03-20,2913.8,2934.45,2900.0,2920.75,2919.0277433501765,10489,854,30617682.0,3555.0,33.89,34.45,6.95,2920.75,2842.8525,2798.15,Hold
Bajaj Auto,2017-03-21,2920.0,2929.0,2891.55,2908.6,2905.6637975334015,7784,737,22617687.0,2492.0,32.01,37.45,-11.4,2908.6,2849.2074999999995,2801.903,Hold
Bajaj Auto,2017-03-22,2900.0,2900.0,2843.85,2853.2,2868.192180471024,15116,1347,43355593.0,2979.0,19.71,56.15,-46.8,2853.2,2852.2125,2804.7990000000004,Hold
Bajaj Auto,2017-03-23,2853.2,2873.05,2853.0,2864.65,2864.879020889401,7803,569,22354651.0,1834.0,23.5,20.05,11.45,2864.65,2855.1400000000003,2807.6710000000003,Hold
Bajaj Auto,2017-03-24,2865.0,2878.0,2832.3,2846.35,2850.9205340699814,10860,1008,30960997.0,4233.0,38.98,45.7,-18.65,2846.35,2857.4674999999997,2809.782,Hold
Bajaj Auto,2017-03-27,2846.35,2852.2,2800.0,2813.35,2826.687123287671,18250,1861,51587040.0,7213.0,39.52,52.2,-33.0,2813.35,2857.5325000000003,2811.6980000000003,Hold
Bajaj Auto,2017-03-28,2819.0,2835.95,2810.3,2822.95,2818.9872245289043,12524,995,35304996.0,2985.0,23.83,25.65,3.95,2822.95,2858.5875,2813.527,Hold
Bajaj Auto,2017-03-29,2821.5,2850.0,2798.1,2831.0,2827.1898722925125,33749,3277,95414831.0,9234.0,27.36,51.9,9.5,2831.0,2862.225,2815.986,Hold
Bajaj Auto,2017-03-30,2845.0,2846.0,2811.9,2820.65,2833.548251660609,15958,1266,45217763.0,5139.0,32.2,34.1,-24.35,2820.65,2864.6075,2817.959,Hold
Bajaj Auto,2017-03-31,2820.75,2832.1,2801.0,2807.5,2818.282820784729,18860,1362,53152814.0,3191.0,16.92,31.1,-13.25,2807.5,2863.3925,2819.511,Hold
Bajaj Auto,2017-04-03,2800.0,2832.05,2777.2,2783.9,2793.315500685871,23328,1874,65162464.0,4694.0,20.12,54.85,-16.1,2783.9,2861.0325000000003,2821.1030000000005,Hold
Bajaj Auto,2017-04-05,2795.45,2797.95,2755.0,2760.7,2771.0444902319905,13104,1024,36311767.0,6619.0,50.51,42.95,-34.75,2760.7,2855.13,2822.3979999999997,Hold
Bajaj Auto,2017-04-06,2788.0,2813.0,2783.0,2801.0,2794.026381302716,80739,1962,225586896.0,61721.0,76.45,30.0,13.0,2801.0,2851.3525,2824.4509999999996,Hold
Bajaj Auto,2017-04-07,2801.0,2844.0,2799.05,2832.7,2831.22468915218,68281,1646,193318853.0,55865.0,81.82,44.95,31.7,2832.7,2849.7125,2826.9570000000003,Hold
Bajaj Auto,2017-04-10,2833.1,2854.8,2820.0,2837.7,2838.317558076715,9255,799,26268629.0,3202.0,34.6,34.8,4.6,2837.7,2847.9625,2827.7889999999998,Hold
Bajaj Auto,2017-04-11,2820.0,2832.0,2808.2,2822.45,2820.2453154702634,11047,1268,31155250.0,2978.0,26.96,23.8,2.45,2822.45,2845.7775,2827.218,Hold
Bajaj Auto,2017-04-12,2822.45,2848.0,2807.1,2835.75,2829.182958441341,11959,1228,33834199.0,2692.0,22.51,40.9,13.3,2835.75,2844.2025000000003,2826.863,Hold
Bajaj Auto,2017-04-13,2810.0,2866.0,2810.0,2837.35,2849.7191472775244,33352,1314,95043833.0,24179.0,72.5,56.0,27.35,2837.35,2842.5525000000002,2827.103,Hold
Bajaj Auto,2017-04-17,2865.0,2865.0,2824.3,2850.5,2848.2967812329516,9165,884,26104640.0,2220.0,24.22,40.7,-14.5,2850.5,2838.2425,2827.3580000000006,Hold
Bajaj Auto,2017-04-18,2850.5,2861.5,2809.95,2822.55,2841.6983682415976,8212,964,23336027.0,1527.0,18.59,51.55,-27.95,2822.55,2833.68,2826.676,Hold
Bajaj Auto,2017-04-19,2822.55,2837.0,2791.7,2810.45,2804.3127235336196,22368,873,62726867.0,17305.0,77.36,45.3,-12.1,2810.45,2828.165,2826.7090000000003,Hold
Bajaj Auto,2017-04-20,2810.45,2848.9,2800.15,2832.3,2827.369338959212,10665,958,30153894.0,3279.0,30.75,48.75,21.85,2832.3,2824.35,2827.156,Sell
Bajaj Auto,2017-04-21,2832.3,2844.8,2817.0,2823.9,2830.7759439859965,7998,705,22640546.0,1998.0,24.98,27.8,-8.4,2823.9,2822.8849999999998,2827.6620000000003,Hold
Bajaj Auto,2017-04-24,2825.0,2864.9,2812.35,2859.3,2850.466187520418,33671,970,95978047.0,26441.0,78.53,52.55,34.3,2859.3,2822.6175,2829.348,Hold
Bajaj Auto,2017-04-25,2859.3,2900.0,2852.85,2896.4,2883.0064814814814,14040,1266,40477411.0,5284.0,37.64,47.15,37.1,2896.4,2825.12,2831.552,Hold
Bajaj Auto,2017-04-26,2900.0,2908.6,2861.1,2888.05,2885.475269751611,13809,1392,39845528.0,2703.0,19.57,47.5,-11.95,2888.05,2828.855,2833.6079999999997,Hold
Bajaj Auto,2017-04-27,2888.05,2904.0,2850.75,2860.6,2881.3828327716305,33529,2231,96609885.0,14802.0,44.15,53.25,-27.45,2860.6,2830.7375,2834.9039999999995,Hold
Bajaj Auto,2017-04-28,2888.0,2900.0,2861.55,2868.35,2879.9733059548253,10227,879,29453487.0,2568.0,25.11,38.45,-19.65,2868.35,2832.6050000000005,2836.143,Hold
Bajaj Auto,2017-05-02,2876.25,2917.75,2875.65,2904.95,2902.68785899313,17758,1652,51545931.0,6420.0,36.15,42.1,28.7,2904.95,2836.82,2838.6539999999995,Hold
Bajaj Auto,2017-05-03,2904.95,2945.4,2904.95,2923.6,2925.101299199386,20859,1636,61014688.0,5213.0,24.99,40.45,18.65,2923.6,2842.625,2841.3259999999996,Buy
Bajaj Auto,2017-05-04,2940.95,2945.0,2919.7,2934.8,2932.6272791854126,8446,828,24768970.0,2899.0,34.32,25.3,-6.15,2934.8,2850.17,2844.252,Hold
Bajaj Auto,2017-05-05,2934.0,2940.0,2890.0,2890.15,2892.1776983625746,64919,824,187757284.0,59965.0,92.37,50.0,-43.85,2890.15,2856.6425000000004,2846.425,Hold
Bajaj Auto,2017-05-08,2900.0,2906.05,2853.85,2854.85,2860.102831631701,80413,795,229989449.0,74029.0,92.06,52.2,-45.15,2854.85,2859.335,2847.66,Hold
Bajaj Auto,2017-05-09,2862.15,2886.65,2838.15,2861.2,2861.366627979645,168015,1990,480752514.0,146868.0,87.41,48.5,-0.95,2861.2,2860.7599999999998,2848.762,Hold
Bajaj Auto,2017-05-10,2874.0,2910.95,2863.6,2899.4,2893.853234520017,14438,989,41781453.0,3100.0,21.47,47.35,25.4,2899.4,2863.8450000000003,2850.7539999999995,Hold
Bajaj Auto,2017-05-11,2910.9,3005.0,2899.65,2998.25,2970.142022271336,47056,4133,139763003.0,18556.0,39.43,105.35,87.35,2998.25,2872.6349999999998,2854.478,Hold
Bajaj Auto,2017-05-12,3005.05,3017.6,2975.35,3001.0,3003.7526678197305,30643,1857,92043993.0,9000.0,29.37,42.25,-4.05,3001.0,2880.8975,2858.461,Hold
Bajaj Auto,2017-05-15,3017.5,3022.75,2985.0,2992.3,3002.2896713615023,17040,1020,51159016.0,5328.0,31.27,37.75,-25.2,2992.3,2888.645,2863.1420000000003,Hold
Bajaj Auto,2017-05-16,3022.0,3027.75,2969.95,3023.9,3010.006094943772,23298,1333,70127122.0,8534.0,36.63,57.8,1.9,3023.9,2897.3149999999996,2868.16,Hold
Bajaj Auto,2017-05-17,3018.0,3046.15,3010.05,3032.6,3031.3620163434084,10157,675,30789544.0,2161.0,21.28,36.1,14.6,3032.6,2907.8175,2872.176,Hold
Bajaj Auto,2017-05-18,3022.0,3030.95,2955.5,2973.85,2999.848459863428,47301,2905,141895832.0,8394.0,17.75,75.45,-48.15,2973.85,2915.9875,2875.0310000000004,Hold
Bajaj Auto,2017-05-19,2980.0,3017.6,2947.55,2971.45,2981.7753623188405,13938,988,41559985.0,3523.0,25.28,70.05,-8.55,2971.45,2922.945,2876.885,Hold
Bajaj Auto,2017-05-22,2977.0,3008.25,2903.0,2912.5,2934.8110135295515,21065,1413,61821794.0,3464.0,16.44,105.25,-64.5,2912.5,2927.375,2877.604,Hold
Bajaj Auto,2017-05-23,2914.0,2926.0,2805.0,2824.4,2855.283838214316,23834,1697,68052835.0,6658.0,27.93,121.0,-89.6,2824.4,2925.63,2876.7819999999997,Hold
Bajaj Auto,2017-05-24,2818.0,2864.95,2757.0,2771.55,2809.0569396716305,20952,1646,58855361.0,4433.0,21.16,107.95,-46.45,2771.55,2919.3875,2874.759,Hold
Bajaj Auto,2017-05-25,2782.25,2837.5,2761.0,2821.6,2797.2147108611366,18313,1040,51225393.0,4278.0,23.36,76.5,39.35,2821.6,2916.065,2873.868,Hold
Bajaj Auto,2017-05-26,2816.5,2839.15,2796.8,2816.3,2818.53679264838,14473,1138,40792683.0,3639.0,25.14,42.35,-0.2,2816.3,2913.85,2872.8489999999997,Hold
Bajaj Auto,2017-05-29,2820.0,2840.0,2790.0,2834.4,2821.394403420132,12865,772,36297239.0,2861.0,22.24,50.0,14.4,2834.4,2912.1524999999997,2872.13,Hold
Bajaj Auto,2017-05-30,2847.1,2860.0,2820.0,2846.25,2843.534302129098,11836,946,33656072.0,2004.0,16.93,40.0,-0.85,2846.25,2909.2174999999997,2870.321,Hold
Bajaj Auto,2017-05-31,2845.9,2866.05,2835.45,2843.95,2851.540597725469,7562,515,21563350.0,2231.0,29.5,30.6,-1.95,2843.95,2905.235,2868.9240000000004,Hold
Bajaj Auto,2017-06-01,2843.95,2885.1,2830.1,2840.75,2857.878835929484,10721,768,30639319.0,1795.0,16.74,55.0,-3.2,2840.75,2900.5325000000003,2867.324,Hold
Bajaj Auto,2017-06-02,2801.0,2864.0,2772.2,2846.1,2816.521467879109,33981,1910,95708216.0,5854.0,17.23,91.8,45.1,2846.1,2898.33,2866.074,Hold
Bajaj Auto,2017-06-05,2863.0,2927.2,2861.75,2900.7,2902.0101530771635,32010,1982,92893345.0,4929.0,15.4,65.45,37.7,2900.7,2900.6225,2867.0239999999994,Hold
Bajaj Auto,2017-06-06,2900.7,2908.65,2864.35,2875.25,2879.8460598081624,10634,725,30624283.0,1811.0,17.03,44.3,-25.45,2875.25,2901.325,2867.236,Hold
Bajaj Auto,2017-06-07,2864.65,2895.0,2860.05,2873.4,2878.4652497672973,12892,908,37109174.0,2231.0,17.31,34.95,8.75,2873.4,2900.025,2867.7769999999996,Hold
Bajaj Auto,2017-06-08,2873.35,2895.05,2863.35,2869.25,2874.025598587664,9063,605,26047294.0,3090.0,34.09,31.7,-4.1,2869.25,2893.575,2868.895,Hold
Bajaj Auto,2017-06-09,2870.25,2873.05,2838.0,2866.1,2860.931963658889,9686,592,27710987.0,1722.0,17.78,35.05,-4.15,2866.1,2886.83,2869.758,Hold
Bajaj Auto,2017-06-12,2866.1,2870.0,2818.35,2826.9,2839.33802048609,16499,2074,46846238.0,5167.0,31.32,51.65,-39.2,2826.9,2878.56,2869.676,Hold
Bajaj Auto,2017-06-13,2832.65,2857.05,2821.55,2828.1,2840.3307106598986,3940,343,11190903.0,1108.0,28.12,35.5,-4.55,2828.1,2868.77,2869.825,Sell
Bajaj Auto,2017-06-14,2828.0,2837.7,2812.5,2831.1,2826.398892534865,14628,565,41344563.0,3746.0,25.61,25.2,3.1,2831.1,2858.6949999999997,2870.297,Hold
Bajaj Auto,2017-06-15,2831.0,2847.0,2803.05,2815.45,2813.918755595345,22340,1442,62862945.0,8536.0,38.21,43.95,-15.55,2815.45,2850.775,2870.9280000000003,Hold
Bajaj Auto,2017-06-16,2826.65,2826.65,2801.0,2808.95,2813.332508250825,6060,463,17048795.0,2067.0,34.11,25.65,-17.7,2808.95,2842.65,2871.893,Hold
Bajaj Auto,2017-06-19,2848.0,2889.5,2814.6,2834.5,2849.672605006513,28403,2094,80939251.0,7600.0,26.76,74.9,-13.5,2834.5,2838.75,2872.563,Hold
Bajaj Auto,2017-06-20,2815.0,2822.4,2808.5,2816.45,2816.49823061044,6782,735,19101491.0,2435.0,35.9,13.9,1.45,2816.45,2838.3525,2872.238,Hold
Bajaj Auto,2017-06-21,2816.45,2828.05,2791.35,2821.1,2811.4129175946546,6735,499,18934866.0,1528.0,22.69,36.7,4.65,2821.1,2840.83,2871.9060000000004,Hold
Bajaj Auto,2017-06-22,2820.0,2850.0,2809.05,2840.45,2838.9785471128525,15569,911,44200057.0,5345.0,34.33,40.95,20.45,2840.45,2841.7725,2872.2659999999996,Hold
Bajaj Auto,2017-06-23,2841.65,2850.0,2810.65,2824.6,2827.434698502183,18093,897,51156776.0,9409.0,52.0,39.35,-17.05,2824.6,2842.1875,2872.0429999999997,Hold
Bajaj Auto,2017-06-27,2824.65,2831.0,2765.0,2779.2,2782.49556418076,14428,996,40145846.0,5335.0,36.98,66.0,-45.45,2779.2,2839.4275000000002,2870.88,Hold
Bajaj Auto,2017-06-28,2780.0,2800.35,2772.0,2781.4,2780.894588613961,9942,649,27647654.0,2617.0,26.32,28.35,1.4,2781.4,2836.185,2869.498,Hold
Bajaj Auto,2017-06-29,2779.1,2812.0,2779.0,2802.9,2799.918424283004,8961,705,25090069.0,3294.0,36.76,33.0,23.8,2802.9,2834.1324999999997,2869.105,Hold
Bajaj Auto,2017-06-30,2802.9,2802.9,2768.0,2790.5,2783.045165950652,26303,2197,73202437.0,14523.0,55.21,34.9,-12.4,2790.5,2831.62,2868.7059999999997,Hold
Bajaj Auto,2017-07-03,2775.0,2802.0,2752.0,2790.7,2774.155983580676,22169,1345,61500264.0,7742.0,34.92,50.0,15.7,2790.7,2828.85,2867.8740000000003,Hold
Bajaj Auto,2017-07-04,2790.7,2790.7,2759.0,2771.25,2769.7003840590555,20049,1460,55529723.0,7939.0,39.6,31.7,-19.45,2771.25,2822.3775,2866.8210000000004,Hold
Bajaj Auto,2017-07-05,2771.25,2815.0,2755.45,2771.8,2765.4753323924833,134630,1415,372315944.0,121259.0,90.07,59.55,0.55,2771.8,2817.205,2865.071,Hold
Bajaj Auto,2017-07-06,2747.0,2747.0,2725.05,2729.6,2731.25925220109,26237,1424,71660049.0,17116.0,65.24,21.95,-17.4,2729.6,2810.015,2861.735,Hold
Bajaj Auto,2017-07-07,2725.05,2730.2,2695.0,2707.95,2701.254013846657,100963,2692,272726709.0,81145.0,80.37,35.2,-17.1,2707.95,2801.95,2858.133,Hold
Bajaj Auto,2017-07-10,2708.0,2736.0,2695.5,2729.5,2723.1136173670766,86140,9244,234569007.0,58110.0,67.46,40.5,21.5,2729.5,2795.12,2855.511,Hold
Bajaj Auto,2017-07-11,2730.0,2800.0,2726.0,2793.4,2775.4640641680367,34659,2291,96194809.0,12865.0,37.12,74.0,63.4,2793.4,2793.445,2854.012,Hold
Bajaj Auto,2017-07-12,2800.0,2815.0,2776.5,2786.0,2791.74429199555,18877,1238,52699757.0,5327.0,28.22,38.5,-14.0,2786.0,2791.34,2851.6330000000003,Hold
Bajaj Auto,2017-07-13,2798.55,2805.0,2778.45,2790.5,2790.9261909494467,15093,1152,42123449.0,5388.0,35.7,26.55,-8.05,2790.5,2789.3100000000004,2848.9710000000005,Hold
Bajaj Auto,2017-07-14,2795.0,2814.1,2772.0,2811.3,2792.9320028422253,64738,1035,180808832.0,53162.0,82.12,42.1,16.3,2811.3,2789.1025,2846.5009999999997,Hold
Bajaj Auto,2017-07-17,2809.0,2825.5,2801.0,2811.95,2811.858143103779,10426,761,29316433.0,3578.0,34.32,24.5,2.95,2811.95,2789.2525,2844.937,Hold
Bajaj Auto,2017-07-18,2811.0,2843.05,2811.0,2824.05,2827.540198675497,15100,976,42695857.0,4399.0,29.13,32.05,13.05,2824.05,2788.73,2844.321,Hold
Bajaj Auto,2017-07-19,2832.6,2832.95,2802.0,2824.75,2816.6100008091266,12359,999,34810483.0,3772.0,30.52,30.95,-7.85,2824.75,2789.145,2843.592,Hold
Bajaj Auto,2017-07-20,2817.1,2855.0,2803.2,2818.65,2828.0425434583717,41534,3161,117459919.0,3573.0,8.6,51.8,1.55,2818.65,2789.0225,2841.9770000000003,Hold
Bajaj Auto,2017-07-21,2824.9,2838.0,2806.8,2815.0,2819.5396550366227,25394,2214,71599390.0,11227.0,44.21,31.2,-9.9,2815.0,2787.75,2838.312,Hold
Bajaj Auto,2017-07-24,2815.0,2835.0,2803.55,2826.85,2821.146948114252,13549,1277,38223720.0,4567.0,33.71,31.45,11.85,2826.85,2787.8625,2834.829,Hold
Bajaj Auto,2017-07-25,2825.1,2860.65,2817.0,2844.95,2845.774851601037,11961,1219,34038313.0,3689.0,30.84,43.65,19.85,2844.95,2791.15,2831.882,Hold
Bajaj Auto,2017-07-26,2844.95,2848.0,2827.0,2838.05,2836.6825540006826,41018,1077,116355045.0,33947.0,82.76,21.0,-6.9,2838.05,2793.9825,2828.165,Hold
Bajaj Auto,2017-07-27,2841.9,2867.45,2833.0,2846.4,2850.8852754486325,12761,928,36380147.0,5887.0,46.13,34.45,4.5,2846.4,2796.1575000000003,2824.441,Hold
Bajaj Auto,2017-07-28,2829.0,2835.0,2805.05,2822.75,2819.5955176976518,12092,917,34094549.0,5057.0,41.82,29.95,-6.25,2822.75,2797.77,2821.419,Hold
Bajaj Auto,2017-07-31,2834.4,2835.0,2788.5,2807.6,2805.861736064473,11912,814,33423425.0,3210.0,26.95,46.5,-26.8,2807.6,2798.615,2818.1420000000003,Hold
Bajaj Auto,2017-08-01,2810.65,2828.0,2802.0,2823.0,2816.1617246812775,6981,592,19659625.0,2430.0,34.81,26.0,12.35,2823.0,2801.2025,2816.3520000000003,Hold
Bajaj Auto,2017-08-02,2810.0,2815.9,2789.0,2802.05,2799.0089013820566,12807,1160,35846907.0,4740.0,37.01,26.9,-7.95,2802.05,2802.715,2815.905,Hold
Bajaj Auto,2017-08-03,2809.5,2839.3,2801.5,2834.75,2824.2300841167735,8084,842,22831076.0,4035.0,49.91,37.8,25.25,2834.75,2807.9725000000003,2817.169,Hold
Bajaj Auto,2017-08-04,2855.0,2898.0,2810.5,2873.7,2835.695299051673,63902,1515,181206601.0,47034.0,73.6,87.5,18.7,2873.7,2816.2599999999998,2818.211,Hold
Bajaj Auto,2017-08-07,2899.95,2901.0,2870.0,2890.0,2889.20134604599,8915,668,25757230.0,3529.0,39.58,31.0,-9.95,2890.0,2824.285,2819.685,Buy
Bajaj Auto,2017-08-08,2900.0,2988.45,2879.85,2913.8,2942.427721630771,81532,6453,239902017.0,11799.0,14.47,108.6,13.8,2913.8,2830.305,2821.2729999999997,Hold
Bajaj Auto,2017-08-09,2913.1,2929.45,2811.0,2833.05,2859.278770163473,18474,1367,52822316.0,3755.0,20.33,118.45,-80.05,2833.05,2832.6575,2821.009,Hold
Bajaj Auto,2017-08-10,2833.05,2835.0,2761.85,2794.8,2799.3244767728947,157962,2140,442186893.0,136946.0,86.7,73.15,-38.25,2794.8,2832.8725,2820.026,Hold
Bajaj Auto,2017-08-11,2790.0,2799.8,2755.15,2788.5,2775.460695132713,58924,885,163541246.0,47541.0,80.68,44.65,-1.5,2788.5,2831.7325,2818.9809999999998,Hold
Bajaj Auto,2017-08-14,2828.0,2842.0,2788.3,2833.4,2818.063401747612,9842,996,27735380.0,2989.0,30.37,53.7,5.4,2833.4,2832.805,2818.7269999999994,Hold
Bajaj Auto,2017-08-16,2841.0,2858.7,2815.1,2850.55,2844.6318726407353,6093,522,17332342.0,1483.0,24.34,43.6,9.55,2850.55,2834.13,2817.724,Hold
Bajaj Auto,2017-08-17,2868.0,2868.0,2812.65,2820.7,2829.1862643080126,4805,671,13594240.0,1374.0,28.6,55.35,-47.3,2820.7,2833.9275000000002,2816.633,Hold
Bajaj Auto,2017-08-18,2820.7,2822.4,2795.0,2815.7,2808.2631374075518,5138,556,14428856.0,1473.0,28.67,27.4,-5.0,2815.7,2833.7799999999997,2815.4790000000003,Hold
Bajaj Auto,2017-08-21,2802.0,2820.5,2760.0,2770.6,2785.3837323712687,9147,650,25477905.0,1742.0,19.04,60.5,-31.4,2770.6,2831.56,2813.5060000000003,Hold
Bajaj Auto,2017-08-22,2771.0,2781.5,2731.0,2740.5,2755.3724023275145,6015,454,16573565.0,2247.0,37.36,50.5,-30.5,2740.5,2827.2425,2810.994,Hold
Bajaj Auto,2017-08-23,2755.0,2767.0,2740.0,2760.5,2755.841169379144,3318,339,9143881.0,820.0,24.71,27.0,5.5,2760.5,2823.0199999999995,2809.666,Hold
Bajaj Auto,2017-08-24,2749.65,2750.05,2717.0,2734.45,2732.3426314249486,10253,874,28014709.0,3271.0,31.9,33.05,-15.2,2734.45,2817.84,2807.7929999999997,Hold
Bajaj Auto,2017-08-28,2743.0,2754.45,2701.0,2739.55,2731.142893791688,11694,884,31937985.0,2645.0,22.62,53.45,-3.45,2739.55,2812.4975,2805.962,Hold
Bajaj Auto,2017-08-29,2740.0,2753.0,2717.0,2732.25,2732.4393249397267,7466,622,20400392.0,2253.0,30.18,36.0,-7.75,2732.25,2807.9725,2804.298,Hold
Bajaj Auto,2017-08-30,2743.0,2765.0,2741.0,2746.95,2751.638861304204,6042,563,16625402.0,2626.0,43.46,24.0,3.95,2746.95,2804.94,2803.058,Hold
Bajaj Auto,2017-08-31,2752.0,2820.95,2734.15,2808.45,2789.2308841270756,17407,1330,48552142.0,,,86.8,56.45,2808.45,2804.2125,2802.5370000000003,Hold
Bajaj Auto,2017-09-01,2830.0,2937.2,2830.0,2918.65,2898.018670665971,46008,3544,133332043.0,11054.0,24.03,107.2,88.65,2918.65,2810.0425,2804.5809999999997,Hold
Bajaj Auto,2017-09-04,2925.0,2934.85,2893.6,2913.4,2911.747518886091,27004,1648,78628830.0,7945.0,29.42,41.25,-11.6,2913.4,2813.975,2806.4269999999997,Hold
Bajaj Auto,2017-09-05,2910.0,2969.95,2908.5,2949.85,2951.6322777428904,22294,2672,65803690.0,6684.0,29.98,61.45,39.85,2949.85,2817.7825000000003,2808.615,Hold
Bajaj Auto,2017-09-06,2936.8,2942.0,2905.55,2925.8,2927.0753037111,12018,943,35177591.0,3003.0,24.99,36.45,-11.0,2925.8,2819.5725,2810.639,Hold
Bajaj Auto,2017-09-07,2927.0,2975.0,2905.25,2965.95,2939.608016846997,13771,1041,40481342.0,2499.0,18.15,69.75,38.95,2965.95,2822.18,2814.374,Hold
Bajaj Auto,2017-09-08,2968.0,2983.55,2905.55,2913.85,2933.7376454325536,17362,1072,50935553.0,3988.0,22.97,78.0,-54.15,2913.85,2826.2200000000003,2817.0229999999997,Hold
Bajaj Auto,2017-09-11,2949.0,2949.0,2912.05,2930.3,2931.482986044733,10462,834,30669175.0,2737.0,26.16,36.95,-18.7,2930.3,2832.995,2819.571,Hold
Bajaj Auto,2017-09-12,2946.1,2950.0,2915.3,2933.4,2927.172118268819,7001,675,20493132.0,2263.0,32.32,34.7,-12.7,2933.4,2840.2400000000002,2822.429,Hold
Bajaj Auto,2017-09-13,2930.0,2970.0,2922.0,2931.25,2943.240885297089,10889,854,32048950.0,1552.0,14.25,48.0,1.25,2931.25,2845.1325,2825.24,Hold
Bajaj Auto,2017-09-14,2954.9,2955.0,2916.7,2928.65,2932.826975850713,7288,703,21374443.0,1725.0,23.67,38.3,-26.25,2928.65,2849.0375,2828.388,Hold
Bajaj Auto,2017-09-15,2918.95,3033.45,2904.0,3022.05,2985.3438354635264,35834,2455,106976811.0,9728.0,27.15,129.45,103.1,3022.05,2859.105,2833.393,Hold
Bajaj Auto,2017-09-18,3036.8,3142.9,3036.8,3129.8,3107.5006120209355,47384,2899,147245809.0,7608.0,16.06,106.1,93.0,3129.8,2874.8100000000004,2841.397,Hold
Bajaj Auto,2017-09-19,3145.0,3152.75,3110.1,3115.6,3128.7946257197696,10420,789,32602040.0,2095.0,20.11,42.65,-29.4,3115.6,2892.0600000000004,2849.55,Hold
Bajaj Auto,2017-09-20,3115.6,3120.5,3077.3,3088.1,3095.845192982456,7125,590,22057897.0,1589.0,22.3,43.2,-27.5,3088.1,2909.44,2856.722,Hold
Bajaj Auto,2017-09-21,3088.1,3135.0,3071.4,3078.1,3093.7621060258425,16562,1282,51238888.0,2440.0,14.73,63.6,-10.0,3078.1,2925.32,2862.4159999999997,Hold
Bajaj Auto,2017-09-22,3070.0,3080.0,3010.0,3039.4,3039.4921460296823,9231,697,28057552.0,2024.0,21.93,70.0,-30.6,3039.4,2940.5675,2867.4839999999995,Hold
Bajaj Auto,2017-09-25,3050.0,3181.0,3004.8,3038.6,3028.681791357944,15251,1017,46190426.0,1962.0,12.86,176.2,-11.4,3038.6,2955.52,2872.446,Hold
Bajaj Auto,2017-09-26,3038.0,3054.95,3020.65,3036.4,3050.6849359899893,51945,702,158467829.0,43700.0,84.13,34.3,-1.6,3036.4,2970.7275,2876.948,Hold
Bajaj Auto,2017-09-27,3066.0,3066.0,3007.0,3027.8,3033.1586708800155,10443,857,31675276.0,1093.0,10.47,59.0,-38.2,3027.8,2984.77,2881.265,Hold
Bajaj Auto,2017-09-28,3025.0,3055.4,3020.65,3034.1,3032.32153752288,8195,585,24849875.0,1317.0,16.07,34.75,9.1,3034.1,2996.0525000000002,2885.466,Hold
Bajaj Auto,2017-09-29,3066.0,3137.95,3054.45,3108.15,3102.7568172199044,16539,1187,51316495.0,2240.0,13.54,83.5,42.15,3108.15,3005.5275,2891.134,Hold
Bajaj Auto,2017-10-03,3171.6,3208.4,3150.0,3163.8,3185.49603591556,31407,2253,100046874.0,8165.0,26.0,58.4,-7.8,3163.8,3018.0474999999997,2898.0370000000003,Hold
Bajaj Auto,2017-10-04,3177.0,3207.25,3132.0,3169.75,3175.1016925734025,14475,1029,45959597.0,2599.0,17.96,75.25,-7.25,3169.75,3029.0425,2905.132,Hold
Bajaj Auto,2017-10-05,3187.95,3189.9,3121.0,3130.8,3152.8423587696966,14533,1142,45820258.0,4705.0,32.37,68.9,-57.15,3130.8,3039.2925,2911.211,Hold
Bajaj Auto,2017-10-06,3154.0,3154.0,3135.0,3146.3,3143.2450351820526,92803,443,291702569.0,87973.0,94.8,19.0,-7.7,3146.3,3048.3100000000004,2917.238,Hold
Bajaj Auto,2017-10-09,3145.0,3152.0,3120.0,3128.15,3136.282518012893,10548,827,33081508.0,3322.0,31.49,32.0,-16.85,3128.15,3059.025,2923.04,Hold
Bajaj Auto,2017-10-10,3130.0,3138.75,3110.0,3134.9,3129.8827991817247,11732,816,36719785.0,3950.0,33.67,28.75,4.9,3134.9,3069.255,2928.81,Hold
Bajaj Auto,2017-10-11,3135.0,3214.0,3107.5,3142.25,3169.1341221823636,18677,1337,59189918.0,4083.0,21.86,106.5,7.25,3142.25,3079.6974999999998,2935.2,Hold
Bajaj Auto,2017-10-12,3152.1,3170.0,3122.0,3154.1,3145.3053685765885,12182,836,38316110.0,3988.0,32.74,48.0,2.0,3154.1,3090.8399999999997,2942.13,Hold
Bajaj Auto,2017-10-13,3140.0,3177.0,3140.0,3164.7,3163.2339739615622,8065,636,25511482.0,1545.0,19.16,37.0,24.7,3164.7,3102.6425000000004,2948.9640000000004,Hold
Bajaj Auto,2017-10-16,3169.0,3232.0,3169.0,3221.8,3208.016712517194,14540,1110,46644563.0,3517.0,24.19,63.0,52.8,3221.8,3112.63,2957.3590000000004,Hold
Bajaj Auto,2017-10-17,3230.0,3310.2,3221.0,3263.7,3272.336737091709,46811,3496,153181355.0,4444.0,9.49,89.2,33.7,3263.7,3119.325,2965.9380000000006,Hold
Bajaj Auto,2017-10-18,3263.0,3264.25,3212.1,3231.85,3240.78717516031,14815,901,48012262.0,4170.0,28.15,52.15,-31.15,3231.85,3125.1375,2973.1009999999997,Hold
Bajaj Auto,2017-10-19,3249.0,3249.0,3202.0,3215.2,3225.1805816135084,4264,346,13752170.0,2444.0,57.32,47.0,-33.8,3215.2,3131.4925,2979.605,Hold
Bajaj Auto,2017-10-23,3184.0,3225.0,3162.15,3215.85,3184.010048117747,14132,990,44996430.0,3295.0,23.32,62.85,31.85,3215.85,3138.38,2985.646,Hold
Bajaj Auto,2017-10-24,3235.0,3235.0,3196.0,3214.85,3214.344514959202,5515,469,17727110.0,1021.0,18.51,39.0,-20.15,3214.85,3147.1525,2993.282,Hold
Bajaj Auto,2017-10-25,3215.45,3250.0,3215.45,3233.5,3232.1382196297236,7886,624,25488642.0,2165.0,27.45,34.55,18.05,3233.5,3156.8975,3002.0560000000005,Hold
Bajaj Auto,2017-10-26,3230.0,3300.0,3218.05,3278.9,3264.788035253272,11233,928,36673364.0,3476.0,30.94,81.95,48.9,3278.9,3169.0225,3011.864,Hold
Bajaj Auto,2017-10-27,3299.0,3337.4,3269.6,3289.6,3309.358649789029,14694,1076,48627716.0,3320.0,22.59,67.8,-9.4,3289.6,3182.1125,3020.9880000000003,Hold
Bajaj Auto,2017-10-30,3295.0,3322.0,3265.3,3274.75,3292.5465474722564,9732,646,32043063.0,2021.0,20.77,56.7,-20.25,3274.75,3194.145,3029.472,Hold
Bajaj Auto,2017-10-31,3280.0,3295.0,3211.0,3260.0,3274.487815619495,6812,549,22305811.0,1196.0,17.56,84.0,-20.0,3260.0,3201.7375,3038.2580000000003,Hold
Bajaj Auto,2017-11-01,3273.0,3292.0,3231.05,3240.5,3259.8293339668962,12627,796,41161865.0,2724.0,21.57,60.95,-32.5,3240.5,3205.5725,3046.7540000000004,Hold
Bajaj Auto,2017-11-02,3277.0,3277.0,3214.95,3238.5,3256.344420735534,7967,648,25943296.0,1785.0,22.4,62.05,-38.5,3238.5,3209.01,3056.112,Hold
Bajaj Auto,2017-11-03,3239.7,3255.45,3211.0,3223.1,3233.4324324324325,6364,525,20577564.0,1995.0,31.35,44.45,-16.6,3223.1,3213.625,3065.7639999999997,Hold
Bajaj Auto,2017-11-06,3220.0,3245.0,3201.55,3212.35,3226.914547537228,8730,636,28170964.0,2882.0,33.01,43.45,-7.65,3212.35,3216.9275,3074.801,Hold
Bajaj Auto,2017-11-07,3230.0,3232.0,3150.0,3163.25,3175.6370685889037,9156,782,29076133.0,3252.0,35.52,82.0,-66.75,3163.25,3218.6825,3083.377,Hold
Bajaj Auto,2017-11-08,3167.1,3209.6,3161.0,3190.1,3188.2177982469166,6731,519,21459894.0,1661.0,24.68,48.6,23.0,3190.1,3221.4425,3092.388,Hold
Bajaj Auto,2017-11-09,3190.1,3215.5,3168.0,3199.95,3200.714074621352,8121,862,25992999.0,2555.0,31.46,47.5,9.85,3199.95,3224.3275000000003,3101.742,Hold
Bajaj Auto,2017-11-10,3198.0,3265.0,3180.55,3248.25,3237.3294637556887,15161,999,49081152.0,3551.0,23.42,84.45,50.25,3248.25,3229.0350000000003,3111.7680000000005,Hold
Bajaj Auto,2017-11-13,3248.3,3277.0,3200.0,3211.6,3243.266022380468,7864,589,25505044.0,1776.0,22.58,77.0,-36.7,3211.6,3231.38,3119.8309999999997,Hold
Bajaj Auto,2017-11-14,3223.0,3280.0,3200.05,3266.4,3257.32011061314,10487,718,34159516.0,1872.0,17.85,79.95,43.4,3266.4,3233.61,3126.7860000000005,Hold
Bajaj Auto,2017-11-15,3266.0,3279.15,3206.5,3212.35,3236.4617707618395,7285,556,23577624.0,815.0,11.19,72.65,-53.65,3212.35,3231.0425,3132.765,Hold
Bajaj Auto,2017-11-16,3231.9,3245.35,3186.6,3209.6,3212.709863744076,6752,529,21692217.0,864.0,12.8,58.75,-22.3,3209.6,3229.93,3137.96,Hold
Bajaj Auto,2017-11-17,3219.95,3238.05,3196.05,3212.05,3219.5606355382615,6168,609,19858250.0,1885.0,30.56,42.0,-7.9,3212.05,3229.7725,3143.685,Hold
Bajaj Auto,2017-11-20,3214.8,3251.05,3202.65,3242.85,3237.262542102464,5641,450,18261398.0,1081.0,19.16,48.4,28.05,3242.85,3231.1225000000004,3149.223,Hold
Bajaj Auto,2017-11-21,3250.0,3300.55,3250.0,3292.95,3279.1288359117425,7886,648,25859210.0,1814.0,23.0,50.55,42.95,3292.95,3235.0274999999997,3156.805,Hold
Bajaj Auto,2017-11-22,3306.0,3344.45,3302.55,3312.2,3328.903328050713,11358,756,37809684.0,2381.0,20.96,41.9,6.2,3312.2,3238.9625,3164.4430000000007,Hold
Bajaj Auto,2017-11-23,3313.0,3331.15,3246.05,3261.85,3273.6471520917185,8199,562,26840633.0,2170.0,26.47,85.1,-51.15,3261.85,3238.11,3171.0119999999997,Hold
Bajaj Auto,2017-11-24,3301.1,3327.45,3284.05,3293.1,3299.3234707158354,11525,982,38024703.0,3132.0,27.18,43.4,-8.0,3293.1,3238.285,3178.249,Hold
Bajaj Auto,2017-11-27,3302.7,3302.7,3260.55,3272.35,3272.4138927539334,9343,580,30574163.0,2930.0,31.36,42.15,-30.35,3272.35,3238.165,3185.123,Hold
Bajaj Auto,2017-11-28,3270.0,3308.0,3260.55,3292.6,3290.987972299842,8231,480,27088122.0,1968.0,23.91,47.45,22.6,3292.6,3239.7949999999996,3190.534,Hold
Bajaj Auto,2017-11-29,3300.0,3329.4,3295.0,3315.5,3316.067731541784,14587,1013,48371480.0,1884.0,12.92,34.4,15.5,3315.5,3243.5449999999996,3194.248,Hold
Bajaj Auto,2017-11-30,3313.75,3371.5,3290.0,3311.7,3333.844549690627,26182,1902,87286718.0,5801.0,22.16,81.5,-2.05,3311.7,3247.205,3198.17,Hold
Bajaj Auto,2017-12-01,3344.0,3344.0,3202.1,3212.65,3276.804304160689,27880,2521,91357304.0,6908.0,24.78,141.9,-131.35,3212.65,3246.6825,3200.6610000000005,Hold
Bajaj Auto,2017-12-04,3218.8,3249.95,3183.55,3199.95,3203.241298488222,8533,733,27333258.0,2517.0,29.5,66.4,-18.85,3199.95,3246.0625,3203.098,Hold
Bajaj Auto,2017-12-05,3200.2,3200.2,3148.5,3160.85,3167.7498916811087,9232,690,29244667.0,2797.0,30.3,51.7,-39.35,3160.85,3245.9425,3205.527,Hold
Bajaj Auto,2017-12-06,3160.0,3160.0,3102.1,3108.6,3118.6182032027505,11053,899,34470087.0,3141.0,28.42,57.9,-51.4,3108.6,3241.8675,3206.927,Hold
Bajaj Auto,2017-12-07,3115.0,3209.4,3106.5,3195.85,3178.1500765696783,17631,1237,56033964.0,3393.0,19.24,102.9,80.85,3195.85,3241.6624999999995,3210.1160000000004,Hold
Bajaj Auto,2017-12-08,3222.0,3250.0,3204.25,3215.3,3218.3139698710306,27681,1702,89086149.0,11989.0,43.31,45.75,-6.7,3215.3,3240.015,3213.866,Hold
Bajaj Auto,2017-12-11,3210.0,3235.6,3180.0,3211.9,3206.8732227488154,5908,597,18946207.0,1979.0,33.5,55.6,1.9,3211.9,3240.0299999999997,3217.422,Hold
Bajaj Auto,2017-12-12,3211.0,3211.0,3156.1,3168.65,3175.6926766411334,13969,1612,44361251.0,7675.0,54.94,54.9,-42.35,3168.65,3235.1425,3218.6319999999996,Hold
Bajaj Auto,2017-12-13,3171.0,3191.95,3140.0,3149.35,3165.1641688436684,7273,643,23020239.0,1566.0,21.53,51.95,-21.65,3149.35,3231.9925,3218.343,Hold
Bajaj Auto,2017-12-14,3150.0,3172.4,3133.0,3151.4,3152.604311611955,10205,665,32172327.0,3990.0,39.1,39.4,1.4,3151.4,3229.0825,3217.9759999999997,Hold
Bajaj Auto,2017-12-15,3184.0,3259.9,3168.8,3205.3,3225.309680777238,17292,2410,55772055.0,4739.0,27.41,91.1,21.3,3205.3,3228.745,3219.4660000000003,Hold
Bajaj Auto,2017-12-18,3199.0,3242.55,3094.55,3227.4,3200.5384028307776,28826,2698,92258720.0,7397.0,25.66,148.0,28.4,3227.4,3227.9725,3221.0879999999997,Hold
Bajaj Auto,2017-12-19,3264.7,3330.7,3227.55,3319.9,3288.681186868687,14256,1045,46883439.0,3797.0,26.63,103.15,55.2,3319.9,3229.32,3224.923,Hold
Bajaj Auto,2017-12-20,3320.0,3340.7,3274.5,3301.15,3309.5284444957306,17332,1101,57360747.0,4842.0,27.94,66.2,-18.85,3301.15,3228.7675,3228.248,Hold
Bajaj Auto,2017-12-21,3300.0,3330.0,3265.45,3285.55,3293.8589897775105,9978,674,32866125.0,2114.0,21.19,64.55,-14.45,3285.55,3229.9525,3231.114,Sell
Bajaj Auto,2017-12-22,3263.5,3359.5,3260.0,3326.45,3296.6065067435397,9713,736,32019939.0,2058.0,21.19,99.5,62.95,3326.45,3231.62,3234.5609999999997,Hold
Bajaj Auto,2017-12-26,3345.0,3381.0,3316.0,3362.9,3354.106238517453,12519,975,41990056.0,1928.0,15.4,65.0,17.9,3362.9,3236.1475,3238.525,Hold
Bajaj Auto,2017-12-27,3363.0,3379.55,3321.65,3335.45,3352.875900234708,2016974,1002,6762663516.0,2006125.0,99.46,57.9,-27.55,3335.45,3238.29,3240.798,Hold
Bajaj Auto,2017-12-28,3330.0,3339.75,3285.0,3301.45,3315.8467977677383,15052,1088,49910126.0,2324.0,15.44,54.75,-28.55,3301.45,3237.5875,3241.553,Hold
Bajaj Auto,2017-12-29,3333.0,3333.6,3289.55,3323.2,3311.655223603637,10778,654,35693020.0,1601.0,14.85,44.05,-9.8,3323.2,3238.1625,3243.38,Hold
Bajaj Auto,2018-01-01,3326.6,3348.05,3285.0,3293.4,3309.122909698997,8372,608,27703977.0,1549.0,18.5,63.05,-33.2,3293.4,3242.2,3244.9440000000004,Hold
Bajaj Auto,2018-01-02,3314.85,3344.5,3285.25,3294.15,3310.78136380761,15926,1243,52727504.0,3409.0,21.41,59.25,-20.7,3294.15,3246.91,3246.51,Buy
Bajaj Auto,2018-01-03,3299.65,3306.4,3240.0,3247.45,3261.4037597540787,8458,644,27584953.0,2221.0,26.26,66.4,-52.2,3247.45,3251.2400000000002,3247.1619999999994,Hold
Bajaj Auto,2018-01-04,3243.0,3273.0,3221.0,3262.75,3243.430562347188,8180,926,26531262.0,2340.0,28.61,52.0,19.75,3262.75,3258.9475,3247.7469999999994,Hold
Bajaj Auto,2018-01-05,3272.7,3292.0,3247.0,3277.55,3277.5006264682847,12770,1292,41853683.0,8064.0,63.15,45.0,4.85,3277.55,3263.0325000000003,3247.72,Hold
Bajaj Auto,2018-01-08,3316.0,3316.0,3266.65,3275.35,3277.817271113365,7886,828,25848867.0,3630.0,46.03,49.35,-40.65,3275.35,3266.035,3247.435,Hold
Bajaj Auto,2018-01-09,3276.0,3292.95,3231.0,3240.95,3247.088717454195,11407,1121,37039541.0,4228.0,37.06,61.95,-35.05,3240.95,3267.4875,3246.7589999999996,Hold
Bajaj Auto,2018-01-10,3238.55,3240.55,3203.0,3205.35,3215.859568307449,7598,790,24434101.0,2720.0,35.8,37.55,-33.2,3205.35,3269.3224999999998,3245.6659999999997,Hold
Bajaj Auto,2018-01-11,3328.0,3328.0,3185.0,3202.0,3208.1979241231206,8382,631,26891115.0,1796.0,21.43,143.0,-126.0,3202.0,3271.955,3244.8959999999997,Hold
Bajaj Auto,2018-01-12,3205.0,3214.7,3154.0,3175.1,3176.6542883136217,12091,858,38408927.0,2959.0,24.47,60.7,-29.9,3175.1,3273.14,3243.6279999999997,Hold
Bajaj Auto,2018-01-15,3175.1,3184.95,3155.0,3163.3,3168.0456725755994,9590,966,30381558.0,3288.0,34.29,29.95,-11.8,3163.3,3271.04,3242.4320000000002,Hold
Bajaj Auto,2018-01-16,3164.0,3200.0,3145.0,3160.0,3161.638204142844,10669,1125,33731518.0,3403.0,31.9,55.0,-4.0,3160.0,3267.67,3241.385,Hold
Bajaj Auto,2018-01-17,3189.0,3212.9,3152.45,3184.9,3185.8872611464967,9420,849,30011058.0,2295.0,24.36,60.45,-4.1,3184.9,3260.92,3241.8179999999998,Hold
Bajaj Auto,2018-01-18,3219.75,3237.15,3187.8,3195.4,3215.0461945386132,26843,1797,86301485.0,10568.0,39.37,49.35,-24.35,3195.4,3255.6324999999997,3241.9240000000004,Hold
Bajaj Auto,2018-01-19,3227.9,3227.9,3173.35,3208.05,3193.473296062805,8407,700,26847530.0,3511.0,41.76,54.55,-19.85,3208.05,3251.7575,3242.086,Hold
Bajaj Auto,2018-01-22,3207.0,3281.2,3207.0,3272.1,3252.5560312732687,10744,920,34945462.0,2010.0,18.71,74.2,65.1,3272.1,3249.04,3242.563,Hold
Bajaj Auto,2018-01-23,3299.0,3322.0,3272.1,3294.3,3290.4970333181195,10955,843,36047395.0,2897.0,26.44,49.9,-4.7,3294.3,3245.6099999999997,3244.217,Hold
Bajaj Auto,2018-01-24,3285.0,3349.3,3283.2,3335.6,3323.6558200741715,16718,1233,55564878.0,4140.0,24.76,66.1,50.6,3335.6,3245.6175,3245.6009999999997,Hold
Bajaj Auto,2018-01-25,3335.5,3337.0,3291.0,3303.2,3313.629152437132,19326,875,64039197.0,12382.0,64.07,46.0,-32.3,3303.2,3245.7050000000004,3247.4180000000006,Sell
Bajaj Auto,2018-01-29,3306.9,3378.2,3296.85,3362.1,3349.1205854820864,11751,1024,39355516.0,3314.0,28.2,81.35,55.2,3362.1,3247.65,3250.468,Hold
Bajaj Auto,2018-01-30,3367.0,3402.4,3344.0,3351.4,3370.9688130125014,14878,1003,50153274.0,3654.0,24.56,58.4,-15.6,3351.4,3250.55,3253.255,Hold
Bajaj Auto,2018-01-31,3352.0,3379.15,3306.05,3338.8,3368.647668117616,56285,1089,189604334.0,46191.0,82.07,73.1,-13.2,3338.8,3252.7825000000003,3255.1740000000004,Hold
Bajaj Auto,2018-02-01,3325.0,3418.25,3297.85,3409.5,3372.843398678041,35402,2712,119405402.0,13399.0,37.85,120.4,84.5,3409.5,3260.8849999999998,3257.505,Buy
Bajaj Auto,2018-02-02,3413.0,3472.6,3172.0,3242.6,3311.4868168473354,70848,5167,234612218.0,14165.0,19.99,300.6,-170.4,3242.6,3259.8774999999996,3256.113,Hold
Bajaj Auto,2018-02-05,3205.0,3239.0,3142.35,3177.8,3180.371598721797,20654,1627,65687395.0,4969.0,24.06,96.65,-27.2,3177.8,3254.8900000000003,3254.4320000000002,Hold
Bajaj Auto,2018-02-06,3101.0,3165.0,3029.25,3138.2,3114.428370852249,21367,1508,66545991.0,3792.0,17.75,135.75,37.2,3138.2,3248.0325,3251.3340000000003,Sell
Bajaj Auto,2018-02-07,3188.0,3193.95,3128.7,3137.3,3151.605638041733,9968,790,31415205.0,1905.0,19.11,65.25,-50.7,3137.3,3242.85,3248.633,Hold
Bajaj Auto,2018-02-08,3180.0,3188.5,3139.0,3152.4,3160.1117447088495,9119,582,28817059.0,1705.0,18.7,49.5,-27.6,3152.4,3240.2025000000003,3245.8289999999997,Hold
Bajaj Auto,2018-02-09,3140.0,3140.4,3095.15,3103.5,3116.862048461424,6727,564,20967131.0,2458.0,36.54,45.25,-36.5,3103.5,3235.2775,3241.5889999999995,Hold
Bajaj Auto,2018-02-12,3124.75,3160.0,3108.0,3143.35,3133.8937519492674,9619,729,30144924.0,2250.0,23.39,52.0,18.6,3143.35,3233.69,3238.222,Hold
Bajaj Auto,2018-02-14,3187.0,3187.0,3100.0,3110.85,3126.96046745184,10953,749,34249598.0,2603.0,23.77,87.0,-76.15,3110.85,3231.0675,3236.1859999999997,Hold
Bajaj Auto,2018-02-15,3158.0,3164.0,3099.65,3140.6,3134.5181945962827,6403,514,20070320.0,1626.0,25.39,64.35,-17.4,3140.6,3230.0975,3234.9990000000003,Hold
Bajaj Auto,2018-02-16,3169.0,3169.0,3096.4,3102.95,3116.871042147201,9538,702,29728716.0,2723.0,28.55,72.6,-66.05,3102.95,3226.0,3233.841,Hold
Bajaj Auto,2018-02-19,3081.0,3111.55,3014.6,3039.85,3064.202489303773,12855,926,39390323.0,1738.0,13.52,96.95,-41.15,3039.85,3218.2225000000003,3232.466,Hold
Bajaj Auto,2018-02-20,3035.6,3067.35,3015.6,3049.65,3054.923417576544,13097,542,40010332.0,7446.0,56.85,51.75,14.05,3049.65,3210.3025000000002,3229.5419999999995,Hold
Bajaj Auto,2018-02-21,3055.0,3075.6,3000.0,3008.25,3026.315007656968,13060,957,39523674.0,4441.0,34.0,75.6,-46.75,3008.25,3197.11,3225.401,Hold
Bajaj Auto,2018-02-22,3044.0,3044.0,2956.35,2971.0,2987.6566051136365,8448,863,25239723.0,2940.0,34.8,87.65,-73.0,2971.0,3180.945,3220.583,Hold
Bajaj Auto,2018-02-23,2975.0,3004.0,2960.05,2988.0,2983.9044844185455,27629,1423,82442297.0,11603.0,42.0,43.95,13.0,2988.0,3163.565,3216.97,Hold
Bajaj Auto,2018-02-26,3024.0,3043.75,3000.6,3007.2,3016.2873664500494,9079,650,27384873.0,2880.0,31.72,43.15,-16.8,3007.2,3148.7650000000003,3214.127,Hold
Bajaj Auto,2018-02-27,3010.0,3057.0,3010.0,3033.85,3037.793201568869,13003,1288,39500425.0,3936.0,30.27,47.0,23.85,3033.85,3132.3525,3211.7760000000003,Hold
Bajaj Auto,2018-02-28,3010.0,3052.7,2994.0,3018.8,3026.71188949186,8108,715,24540580.0,2631.0,32.45,58.7,8.8,3018.8,3115.7225,3208.046,Hold
Bajaj Auto,2018-03-01,3049.6,3077.4,3017.65,3025.0,3049.649568531254,22829,1799,69620450.0,4950.0,21.68,59.75,-24.6,3025.0,3100.0325000000003,3203.998,Hold
Bajaj Auto,2018-03-05,3025.0,3025.0,2929.0,2942.1,2955.386826893824,19722,1576,58286139.0,5456.0,27.66,96.0,-82.9,2942.1,3076.6625,3196.442,Hold
Bajaj Auto,2018-03-06,2960.0,2976.0,2886.95,2899.9,2942.366055456172,13416,1085,39474783.0,3379.0,25.19,89.05,-60.1,2899.9,3059.5275,3188.417,Hold
Bajaj Auto,2018-03-07,2892.0,2939.95,2876.1,2910.45,2914.874296435272,12792,1070,37287072.0,2962.0,23.16,63.85,18.45,2910.45,3046.16,3180.915,Hold
Bajaj Auto,2018-03-08,2940.4,2947.85,2893.1,2924.65,2919.1958687727824,8230,630,24024982.0,2243.0,27.25,54.75,-15.75,2924.65,3035.4825,3172.8790000000004,Hold
Bajaj Auto,2018-03-09,2912.0,2965.2,2912.0,2938.05,2940.6760959160733,16014,1138,47091987.0,8089.0,50.51,53.2,26.05,2938.05,3025.52,3164.3819999999996,Hold
Bajaj Auto,2018-03-12,2966.6,2972.8,2933.15,2960.05,2958.7251273046527,28475,1025,84249698.0,18330.0,64.37,39.65,-6.55,2960.05,3015.9024999999997,3156.8740000000003,Hold
Bajaj Auto,2018-03-13,2975.0,3001.0,2960.0,2974.15,2980.410759672409,14164,1139,42214538.0,3323.0,23.46,41.0,-0.85,2974.15,3009.435,3150.328,Hold
Bajaj Auto,2018-03-14,2967.0,2967.0,2935.65,2948.85,2947.8549651567946,11480,959,33841375.0,3738.0,32.56,31.35,-18.15,2948.85,2999.71,3142.8410000000003,Hold
Bajaj Auto,2018-03-15,2946.0,2971.5,2935.0,2949.1,2960.5881687307474,15907,561,47094076.0,3989.0,25.08,36.5,3.1,2949.1,2991.6225,3135.955,Hold
Bajaj Auto,2018-03-16,2949.1,2954.95,2892.65,2912.2,2923.173975705168,9714,897,28395712.0,3068.0,31.58,62.3,-36.9,2912.2,2980.2025000000003,3128.316,Hold
Bajaj Auto,2018-03-19,2912.0,2924.8,2844.0,2853.8,2870.464832277013,12938,725,37138074.0,7150.0,55.26,80.8,-58.2,2853.8,2967.745,3120.4430000000007,Hold
Bajaj Auto,2018-03-20,2855.0,2886.45,2837.95,2873.55,2876.868759996633,11879,740,34174324.0,4333.0,36.48,48.5,18.55,2873.55,2959.43,3112.659,Hold
Bajaj Auto,2018-03-21,2875.0,2888.15,2840.0,2853.6,2872.712916765661,12627,1319,36273746.0,4971.0,39.37,48.15,-21.4,2853.6,2949.6274999999996,3104.18,Hold
Bajaj Auto,2018-03-22,2854.0,2880.0,2768.25,2842.05,2838.851254660889,19846,1852,56339842.0,4319.0,21.76,111.75,-11.95,2842.05,2941.3175,3095.5139999999997,Hold
Bajaj Auto,2018-03-23,2813.9,2814.0,2748.0,2789.75,2769.178353093738,21592,2602,59792099.0,7499.0,34.73,66.0,-24.15,2789.75,2932.255,3086.49,Hold
Bajaj Auto,2018-03-26,2771.0,2858.0,2735.15,2839.15,2806.171967455621,21632,1533,60703112.0,5750.0,26.58,122.85,68.15,2839.15,2924.8125,3079.1659999999997,Hold
Bajaj Auto,2018-03-27,2850.0,2852.0,2796.05,2803.2,2814.462097930752,19524,2428,54949558.0,8383.0,42.94,55.95,-46.8,2803.2,2914.6125,3071.19,Hold
Bajaj Auto,2018-03-28,2775.0,2796.1,2737.5,2748.9,2766.749425452456,13924,1495,38524219.0,5016.0,36.02,58.6,-26.1,2748.9,2900.3650000000002,3062.6659999999997,Hold
Bajaj Auto,2018-04-02,2765.0,2820.0,2750.05,2808.6,2791.964075630252,14280,1053,39869247.0,2616.0,18.32,69.95,43.6,2808.6,2889.855,3055.572,Hold
Bajaj Auto,2018-04-03,2785.0,2824.35,2781.0,2791.75,2800.50468103636,9186,751,25725436.0,2330.0,25.36,43.35,6.75,2791.75,2878.1925,3048.2070000000003,Hold
Bajaj Auto,2018-04-04,2790.0,2815.35,2747.0,2766.35,2779.235811595088,16369,1539,45493311.0,5607.0,34.25,68.35,-23.65,2766.35,2869.4049999999997,3039.8360000000002,Hold
Bajaj Auto,2018-04-05,2790.0,2827.0,2775.0,2810.55,2798.4926252000914,17492,1315,48951233.0,9364.0,53.53,52.0,20.55,2810.55,2864.9375,3032.1389999999997,Hold
Bajaj Auto,2018-04-06,2815.0,2823.65,2776.0,2783.05,2786.5526697811915,37887,1315,105574121.0,25562.0,67.47,47.65,-31.95,2783.05,2858.5675,3023.639,Hold
Bajaj Auto,2018-04-09,2785.0,2804.4,2760.65,2770.45,2784.55809976247,10525,809,29307474.0,4734.0,44.98,43.75,-14.55,2770.45,2850.8575,3013.6059999999998,Hold
Bajaj Auto,2018-04-10,2782.95,2825.0,2761.2,2767.0,2781.9574242912263,152129,1032,423216401.0,142153.0,93.44,63.8,-15.95,2767.0,2842.305,3003.06,Hold
Bajaj Auto,2018-04-11,2783.0,2800.0,2750.65,2755.4,2759.18734744508,24991,1213,68954851.0,16167.0,64.69,49.35,-27.6,2755.4,2832.0725,2991.4559999999997,Hold
Bajaj Auto,2018-04-12,2777.0,2779.5,2756.05,2764.15,2761.089885490968,36591,1593,101031040.0,24760.0,67.67,23.45,-12.85,2764.15,2821.5725,2980.675,Hold
Bajaj Auto,2018-04-13,2772.0,2805.0,2758.15,2789.4,2798.2346941905403,65204,944,182456095.0,55731.0,85.47,46.85,17.4,2789.4,2813.6,2969.2210000000005,Hold
Bajaj Auto,2018-04-16,2800.0,2847.0,2776.25,2839.8,2819.879715004191,21474,1544,60554097.0,8773.0,40.85,70.75,39.8,2839.8,2808.1349999999998,2958.9889999999996,Hold
Bajaj Auto,2018-04-17,2855.7,2875.0,2844.0,2863.0,2860.753016572373,19973,1735,57137820.0,8631.0,43.21,31.0,7.3,2863.0,2805.675,2949.473,Hold
Bajaj Auto,2018-04-18,2878.0,2878.0,2853.75,2862.65,2866.0305764784844,13409,712,38430604.0,8389.0,62.56,24.25,-15.35,2862.65,2806.1175,2938.5359999999996,Hold
Bajaj Auto,2018-04-19,2855.0,2860.0,2845.0,2855.1,2853.9321138977934,5303,417,15134402.0,1781.0,33.58,15.0,0.1,2855.1,2805.195,2930.7859999999996,Hold
Bajaj Auto,2018-04-20,2855.0,2870.7,2806.0,2853.6,2834.658830769231,8125,639,23031603.0,2133.0,26.25,64.7,-1.4,2853.6,2805.195,2924.302,Hold
Bajaj Auto,2018-04-23,2853.6,2875.55,2821.75,2854.05,2850.2029693666605,5321,505,15165930.0,1661.0,31.22,53.8,0.45,2854.05,2805.795,2918.6189999999997,Hold
Bajaj Auto,2018-04-24,2856.0,2895.0,2850.0,2889.75,2882.7709484855186,9046,649,26077546.0,2935.0,32.45,45.0,33.75,2889.75,2810.795,2913.6679999999997,Hold
Bajaj Auto,2018-04-25,2882.8,2908.25,2868.0,2899.9,2894.8334111495005,10709,748,31000771.0,2739.0,25.58,40.25,17.1,2899.9,2813.8325,2908.6180000000004,Hold
Bajaj Auto,2018-04-26,2929.0,2929.0,2870.0,2886.1,2894.4103483959984,14495,913,41954478.0,4642.0,32.02,59.0,-42.9,2886.1,2817.9775,2904.27,Hold
Bajaj Auto,2018-04-27,2894.45,2956.0,2894.45,2936.8,2934.7437149760935,19451,1123,57083700.0,8742.0,44.94,61.55,42.35,2936.8,2827.3725,2900.139,Hold
Bajaj Auto,2018-04-30,2957.05,2976.35,2932.0,2948.0,2953.583695901076,8734,562,25796600.0,2284.0,26.15,44.35,-9.05,2948.0,2834.3424999999997,2896.882,Hold
Bajaj Auto,2018-05-02,2982.0,3183.8,2947.5,2965.25,2999.5570909608946,28078,1982,84221564.0,4001.0,14.25,236.3,-16.75,2965.25,2843.0175,2893.375,Hold
Bajaj Auto,2018-05-03,2969.75,2987.6,2956.1,2971.9,2970.7741335811975,7531,621,22372900.0,2036.0,27.03,31.5,2.15,2971.9,2853.295,2890.7540000000004,Hold
Bajaj Auto,2018-05-04,2998.0,2998.0,2874.7,2890.5,2909.1790943671513,19191,1141,55830056.0,5954.0,31.02,123.3,-107.5,2890.5,2857.2925,2887.7670000000003,Hold
Bajaj Auto,2018-05-07,2875.2,2941.4,2875.2,2917.05,2923.692683272007,14132,1132,41317625.0,6935.0,49.07,66.2,41.85,2917.05,2863.9925,2885.115,Hold
Bajaj Auto,2018-05-08,2942.65,2942.65,2885.0,2891.75,2900.450029279719,10246,651,29718011.0,4098.0,40.0,57.65,-50.9,2891.75,2870.0575,2882.785,Hold
Bajaj Auto,2018-05-09,2884.05,2901.7,2866.7,2874.25,2876.738559970328,21569,494,62048374.0,16789.0,77.84,35.0,-9.8,2874.25,2875.42,2880.85,Hold
Bajaj Auto,2018-05-10,2880.0,2889.6,2823.0,2827.8,2842.7878627689374,18917,1306,53777018.0,7739.0,40.91,66.6,-52.2,2827.8,2879.04,2877.646,Buy
Bajaj Auto,2018-05-11,2829.0,2836.8,2800.0,2816.45,2813.579642337284,9618,802,27061009.0,3887.0,40.41,36.8,-12.55,2816.45,2881.6549999999997,2873.8309999999997,Hold
Bajaj Auto,2018-05-14,2839.0,2850.0,2805.05,2834.7,2834.4719118681146,12799,572,36278406.0,7502.0,58.61,44.95,-4.3,2834.7,2883.92,2869.848,Hold
Bajaj Auto,2018-05-15,2818.0,2873.4,2808.0,2827.8,2838.2435829648143,41608,1028,118093639.0,32717.0,78.63,65.4,9.8,2827.8,2883.32,2866.028,Hold
Bajaj Auto,2018-05-16,2826.95,2827.65,2787.65,2808.25,2805.327339300244,12290,1015,34477473.0,3808.0,30.98,40.0,-18.7,2808.25,2880.5825,2861.6929999999998,Hold
Bajaj Auto,2018-05-17,2843.8,2843.8,2791.0,2819.15,2817.113130711164,10068,642,28362695.0,4060.0,40.33,52.8,-24.65,2819.15,2878.4075000000003,2859.2340000000004,Hold
Bajaj Auto,2018-05-18,2844.0,2942.05,2701.1,2777.5,2838.4271145273096,132571,7398,376293121.0,29473.0,22.23,240.95,-66.5,2777.5,2874.5275,2856.7860000000005,Hold
Bajaj Auto,2018-05-21,2775.0,2777.0,2705.25,2719.9,2742.7909724058886,22686,1637,62222956.0,5830.0,25.7,71.75,-55.1,2719.9,2867.8425,2852.975,Hold
Bajaj Auto,2018-05-22,2725.0,2825.0,2725.0,2811.25,2796.4590236308286,43037,4700,120351207.0,10026.0,23.3,100.0,86.25,2811.25,2865.7025000000003,2850.7070000000003,Hold
Bajaj Auto,2018-05-23,2815.1,2830.0,2762.4,2775.8,2786.2812544144654,21237,1876,59172255.0,5635.0,26.53,67.6,-39.3,2775.8,2860.005,2847.462,Hold
Bajaj Auto,2018-05-24,2775.8,2813.3,2725.0,2736.7,2749.7771722041716,19082,1756,52471248.0,5736.0,30.06,88.3,-39.1,2736.7,2851.845,2842.995,Hold
Bajaj Auto,2018-05-25,2768.05,2775.55,2730.4,2759.85,2752.7206070287534,12520,1023,34464062.0,3127.0,24.98,45.15,-8.2,2759.85,2845.5325000000003,2838.7090000000003,Hold
Bajaj Auto,2018-05-28,2786.3,2813.5,2761.25,2791.25,2792.5910407844885,8974,849,25060712.0,2629.0,29.3,52.25,4.95,2791.25,2838.255,2835.5570000000002,Hold
Bajaj Auto,2018-05-29,2822.0,2833.0,2766.0,2794.0,2795.9601822269556,16902,1956,47257319.0,4189.0,24.78,67.0,-28.0,2794.0,2830.5550000000003,2832.455,Sell
Bajaj Auto,2018-05-30,2810.0,2810.0,2756.95,2763.1,2771.052784036048,12428,1020,34438644.0,4483.0,36.07,53.05,-46.9,2763.1,2820.4475,2829.473,Hold
Bajaj Auto,2018-05-31,2775.0,2785.45,2731.1,2752.15,2750.9644090861507,19106,829,52559926.0,11528.0,60.34,54.35,-22.85,2752.15,2809.46,2827.44,Hold
Bajaj Auto,2018-06-01,2777.0,2944.15,2777.0,2893.25,2875.589322293687,139618,8719,401484030.0,40963.0,29.34,167.15,116.25,2893.25,2809.5975000000003,2827.8340000000003,Hold
Bajaj Auto,2018-06-04,2929.0,2929.0,2870.0,2876.6,2895.494819113032,50667,2486,146706036.0,14109.0,27.85,59.0,-52.4,2876.6,2807.575,2828.294,Hold
Bajaj Auto,2018-06-05,2890.0,2891.0,2837.1,2844.15,2858.649608274478,25911,1391,74070470.0,8334.0,32.16,53.9,-45.85,2844.15,2805.195,2828.3360000000002,Hold
Bajaj Auto,2018-06-06,2860.9,2948.6,2835.0,2884.55,2896.8515075473883,129515,3781,375185723.0,79107.0,61.08,113.6,23.65,2884.55,2805.71,2830.232,Hold
Bajaj Auto,2018-06-07,2908.9,2936.35,2867.0,2889.0,2900.8626708158567,36955,2519,107201380.0,7778.0,21.05,69.35,-19.9,2889.0,2808.7699999999995,2831.2290000000003,Hold
Bajaj Auto,2018-06-08,2888.0,2899.9,2868.15,2875.4,2879.0006278026904,11150,1012,32100857.0,3856.0,34.58,31.75,-12.6,2875.4,2811.7174999999997,2832.673,Hold
Bajaj Auto,2018-06-11,2894.0,2913.5,2874.0,2882.0,2897.0343559184876,27186,1422,78758776.0,11141.0,40.98,39.5,-12.0,2882.0,2814.0825,2835.335,Hold
Bajaj Auto,2018-06-12,2884.0,2912.5,2870.15,2886.95,2897.5728463983874,25794,1482,74739994.0,11473.0,44.48,42.35,2.95,2886.95,2817.04,2836.902,Hold
Bajaj Auto,2018-06-13,2906.0,2935.0,2893.0,2908.3,2917.028944756864,30230,1283,88181785.0,7715.0,25.52,42.0,2.3,2908.3,2822.0425,2839.2329999999997,Hold
Bajaj Auto,2018-06-14,2899.0,2910.0,2880.0,2890.2,2891.1358119086303,20926,992,60499908.0,12125.0,57.94,30.0,-8.8,2890.2,2825.595,2841.71,Hold
Bajaj Auto,2018-06-15,2904.0,2904.0,2854.0,2873.75,2878.0705199394242,19810,970,57014577.0,4529.0,22.86,50.0,-30.25,2873.75,2830.4075,2842.974,Hold
Bajaj Auto,2018-06-18,2882.55,2937.0,2866.0,2901.9,2903.4957079310293,67217,3402,195164271.0,37702.0,56.09,71.0,19.35,2901.9,2839.5075,2845.3509999999997,Hold
Bajaj Auto,2018-06-19,2892.0,2892.05,2842.0,2849.4,2852.595757676717,54027,982,154117191.0,40895.0,75.69,50.05,-42.6,2849.4,2841.415,2846.93,Hold
Bajaj Auto,2018-06-20,2873.0,2879.0,2859.5,2873.3,2871.04748137541,110338,1059,316785637.0,98403.0,89.18,19.5,0.3,2873.3,2846.29,2849.0560000000005,Hold
Bajaj Auto,2018-06-21,2875.05,2875.65,2826.35,2832.95,2857.556383411066,103346,922,295317022.0,96199.0,93.08,49.3,-42.1,2832.95,2851.1025,2850.607,Buy
Bajaj Auto,2018-06-22,2855.0,2855.0,2808.0,2830.75,2824.1313343412285,35718,1779,100872323.0,22624.0,63.34,47.0,-24.25,2830.75,2854.6475,2851.939,Hold
Bajaj Auto,2018-06-25,2835.0,2839.0,2794.9,2799.6,2809.1001100110007,50904,2493,142994432.0,33537.0,65.88,44.1,-35.4,2799.6,2855.0649999999996,2852.143,Hold
Bajaj Auto,2018-06-26,2804.25,2822.5,2789.05,2809.75,2808.359803577692,14255,1248,40033169.0,4606.0,32.31,33.45,5.5,2809.75,2855.8525,2851.542,Hold
Bajaj Auto,2018-06-27,2818.0,2822.95,2750.0,2765.45,2780.462806511436,14559,1489,40480758.0,4623.0,31.75,72.95,-52.55,2765.45,2855.9700000000003,2849.5910000000003,Hold
Bajaj Auto,2018-06-28,2792.0,2794.55,2705.0,2718.2,2744.953781073741,19148,1802,52560375.0,6840.0,35.72,89.55,-73.8,2718.2,2854.2725,2846.702,Hold
Bajaj Auto,2018-06-29,2735.0,2827.75,2726.05,2811.15,2783.132237604856,29326,1948,81618136.0,8375.0,28.56,101.7,76.15,2811.15,2850.1675,2845.823,Hold
Bajaj Auto,2018-07-02,2811.0,2910.0,2811.0,2839.15,2870.5571602105547,59272,4235,170143664.0,13172.0,22.22,99.0,28.15,2839.15,2848.295,2845.534,Hold
Bajaj Auto,2018-07-03,2840.05,2879.05,2839.3,2865.05,2865.8289991314564,19573,1483,56092871.0,4297.0,21.95,39.75,25.0,2865.05,2849.3399999999997,2845.7540000000004,Hold
Bajaj Auto,2018-07-04,2873.0,2989.0,2859.35,2978.2,2940.3843418127926,60735,3394,178584243.0,18420.0,30.33,129.65,105.2,2978.2,2854.0225,2847.5230000000006,Hold
Bajaj Auto,2018-07-05,2944.0,2990.7,2913.7,2969.8,2949.4189622037156,37464,2764,110497032.0,8753.0,23.36,77.0,25.8,2969.8,2858.0625,2848.921,Hold
Bajaj Auto,2018-07-06,2979.0,3076.0,2964.15,3023.35,3041.0965248796992,284911,5785,866441852.0,198476.0,69.66,111.85,44.35,3023.35,2865.46,2851.666,Hold
Bajaj Auto,2018-07-09,3060.0,3081.0,2996.45,3017.95,3030.4163379816814,60595,2359,183628078.0,25472.0,42.04,84.55,-42.05,3017.95,2872.2575,2853.2889999999998,Hold
Bajaj Auto,2018-07-10,3042.3,3113.0,3034.35,3089.05,3084.4417704821926,136460,3759,420902924.0,70542.0,51.69,78.65,46.75,3089.05,2882.3625,2856.11,Hold
Bajaj Auto,2018-07-11,3098.9,3165.0,3056.6,3154.35,3139.9497461755986,88053,4672,276481995.0,27537.0,31.27,108.4,55.45,3154.35,2894.665,2859.8920000000003,Hold
Bajaj Auto,2018-07-12,3188.0,3213.95,3075.0,3101.9,3131.1126136731514,67958,3399,212784151.0,7695.0,11.32,138.95,-86.1,3101.9,2905.25,2862.492,Hold
Bajaj Auto,2018-07-13,3124.95,3147.9,3060.05,3134.0,3095.567027648583,58267,2519,180369404.0,17313.0,29.71,87.85,9.05,3134.0,2918.2625,2867.362,Hold
Bajaj Auto,2018-07-16,3139.0,3165.0,3095.0,3101.75,3126.058846261945,28464,1918,88980139.0,3368.0,11.83,70.0,-37.25,3101.75,2928.255,2871.0560000000005,Hold
Bajaj Auto,2018-07-17,3115.9,3125.95,3082.55,3095.25,3096.8097877308724,71089,2029,220149111.0,48150.0,67.73,43.4,-20.65,3095.25,2940.5474999999997,2875.126,Hold
Bajaj Auto,2018-07-18,3103.4,3161.95,3100.0,3105.05,3124.640620879604,136516,2720,426563439.0,95173.0,69.72,61.95,1.65,3105.05,2952.1349999999998,2879.742,Hold
Bajaj Auto,2018-07-19,3123.95,3142.45,3097.7,3112.8,3116.1355348853626,56657,2203,176550891.0,20107.0,35.49,44.75,-11.15,3112.8,2966.1275,2885.442,Hold
Bajaj Auto,2018-07-20,3119.1,3152.45,2820.0,2841.1,2948.3248574355207,327045,19205,964234903.0,57775.0,17.67,332.45,-278.0,2841.1,2966.645,2885.935,Hold
Bajaj Auto,2018-07-23,2849.75,2854.0,2658.65,2689.1,2715.5315189156718,231369,13771,628289812.0,49651.0,21.46,195.35,-160.65,2689.1,2961.12,2883.0229999999997,Hold
Bajaj Auto,2018-07-24,2685.0,2724.0,2616.0,2650.8,2671.1343302009086,210593,15556,562522192.0,41038.0,19.49,108.0,-34.2,2650.8,2953.1725,2879.4830000000006,Hold
Bajaj Auto,2018-07-25,2680.0,2698.0,2624.05,2638.8,2667.0857733754215,82683,6058,220522653.0,26650.0,32.23,73.95,-41.2,2638.8,2946.8399999999997,2876.094,Hold
Bajaj Auto,2018-07-26,2654.8,2667.3,2604.0,2619.25,2633.4988275519518,86571,6482,227984627.0,27273.0,31.5,63.3,-35.55,2619.25,2941.8925,2872.0959999999995,Hold
Bajaj Auto,2018-07-27,2640.0,2687.95,2631.65,2678.05,2666.547450980392,56100,4015,149593312.0,14852.0,26.47,56.3,38.05,2678.05,2935.2375,2870.1069999999995,Hold
Bajaj Auto,2018-07-30,2680.0,2699.0,2657.2,2668.95,2676.912939028492,41626,2603,111429178.0,12459.0,29.93,41.8,-11.05,2668.95,2926.7275,2869.0879999999997,Hold
Bajaj Auto,2018-07-31,2680.0,2717.0,2661.3,2700.7,2697.6968040060383,54318,3130,146533495.0,17499.0,32.22,55.7,20.7,2700.7,2918.51,2866.877,Hold
Eicher Motors,2015-01-01,14975.2,15350.0,14975.2,15239.15,15237.319181585675,3910,2526,59577918.0,951.0,24.32,374.8,263.95,15239.15,,,Hold
Eicher Motors,2015-01-02,15402.0,15460.0,14978.05,15065.55,15200.964665326055,3481,2107,52914558.0,1380.0,39.64,481.95,-336.45,15065.55,,,Hold
Eicher Motors,2015-01-05,14990.0,15245.05,14990.0,15133.55,15138.394532568342,2963,1576,44855063.0,1279.0,43.17,255.05,143.55,15133.55,,,Hold
Eicher Motors,2015-01-06,15000.0,15000.0,14655.05,14753.1,14813.512317327766,2395,2188,35478362.0,699.0,29.19,344.95,-246.9,14753.1,,,Hold
Eicher Motors,2015-01-07,14610.0,15000.0,14610.0,14945.55,14864.453955375251,2465,1628,36640879.0,785.0,31.85,390.0,335.55,14945.55,,,Hold
Eicher Motors,2015-01-08,15082.0,15141.7,14800.05,14877.8,14946.44813867576,3519,1954,52596551.0,1679.0,47.71,341.65,-204.2,14877.8,,,Hold
Eicher Motors,2015-01-09,14900.0,14978.0,14560.0,14727.1,14794.818510858324,1934,1386,28613179.0,530.0,27.4,418.0,-172.9,14727.1,,,Hold
Eicher Motors,2015-01-12,14742.0,15150.0,14600.0,14871.85,14890.84,4050,2760,60307902.0,961.0,23.73,550.0,129.85,14871.85,,,Hold
Eicher Motors,2015-01-13,14823.75,14950.0,14700.0,14800.7,14841.724375995753,1883,1304,27946967.0,527.0,27.99,250.0,-23.05,14800.7,,,Hold
Eicher Motors,2015-01-14,14848.15,14939.95,14711.2,14831.2,14823.982588235294,2125,1396,31500963.0,696.0,32.75,228.75,-16.95,14831.2,,,Hold
Eicher Motors,2015-01-15,15059.65,15270.0,14842.6,15122.6,15093.225402504471,3354,2304,50622678.0,1261.0,37.6,427.4,62.95,15122.6,,,Hold
Eicher Motors,2015-01-16,15118.95,15387.75,15016.05,15330.5,15299.92215815486,2428,1961,37148211.0,506.0,20.84,371.7,211.55,15330.5,,,Hold
Eicher Motors,2015-01-19,15425.0,15580.0,15354.7,15466.1,15469.921658986175,2170,1699,33569730.0,689.0,31.75,225.3,41.1,15466.1,,,Hold
Eicher Motors,2015-01-20,15507.8,15582.0,15410.0,15468.85,15507.74441340782,1432,986,22207090.0,352.0,24.58,172.0,-38.95,15468.85,,,Hold
Eicher Motors,2015-01-21,15567.95,15567.95,15250.0,15360.75,15360.248305084744,2360,1597,36250186.0,945.0,40.04,317.95,-207.2,15360.75,,,Hold
Eicher Motors,2015-01-22,15370.1,15393.7,15230.05,15286.35,15318.252983293556,1676,902,25673392.0,810.0,48.33,163.65,-83.75,15286.35,,,Hold
Eicher Motors,2015-01-23,15362.0,15407.5,15125.05,15186.1,15211.52244331328,2161,1188,32872100.0,924.0,42.76,282.45,-175.9,15186.1,,,Hold
Eicher Motors,2015-01-27,15262.0,16184.0,15100.0,16086.3,15780.929810813836,8933,5365,140971046.0,2556.0,28.61,1084.0,824.3,16086.3,,,Hold
Eicher Motors,2015-01-28,16125.0,16450.65,16000.0,16340.6,16188.848187311178,5296,3792,85736140.0,1611.0,30.42,450.65,215.6,16340.6,,,Hold
Eicher Motors,2015-01-29,16400.5,16649.0,16320.2,16455.9,16448.787364620937,5540,3993,91126282.0,1559.0,28.14,328.8,55.4,16455.9,15267.48,,Hold
Eicher Motors,2015-01-30,16486.0,16650.0,16041.05,16303.5,16356.398435054773,3195,2329,52258693.0,921.0,28.83,608.95,-182.5,16303.5,15320.697499999998,,Hold
Eicher Motors,2015-02-02,16397.0,16895.0,16388.0,16589.6,16660.949862846694,6562,4346,109329153.0,1633.0,24.89,507.0,192.6,16589.6,15396.9,,Hold
Eicher Motors,2015-02-03,16550.0,16700.0,16229.0,16320.1,16451.065156794422,2870,2147,47214557.0,1002.0,34.91,471.0,-229.9,16320.1,15456.227499999999,,Hold
Eicher Motors,2015-02-04,16323.55,16386.65,15819.0,15927.65,16089.058120362735,2426,1839,39032055.0,816.0,33.64,567.65,-395.9,15927.65,15514.955000000002,,Hold
Eicher Motors,2015-02-05,15863.0,16080.0,15750.05,15813.75,15921.519392372333,3094,2528,49261181.0,672.0,21.72,329.95,-49.25,15813.75,15558.365,,Hold
Eicher Motors,2015-02-06,15876.9,15960.3,15520.1,15584.55,15674.81749622926,2652,1803,41569616.0,585.0,22.06,440.2,-292.35,15584.55,15593.7025,,Hold
Eicher Motors,2015-02-09,15639.0,15639.0,15049.0,15113.9,15286.74819986908,4583,3347,70059167.0,1363.0,29.74,590.0,-525.1,15113.9,15613.042500000001,,Hold
Eicher Motors,2015-02-10,15049.1,15520.0,14777.0,15188.45,15205.186894704306,4853,3324,73790772.0,1025.0,21.12,743.0,139.35,15188.45,15628.872499999998,,Hold
Eicher Motors,2015-02-11,15293.9,16200.0,15280.95,16134.6,15789.802850655904,7928,4649,125181557.0,1199.0,15.12,919.05,840.7,16134.6,15695.567500000001,,Hold
Eicher Motors,2015-02-12,16201.0,16600.0,16074.1,16407.15,16342.89757301522,7293,4694,119188752.0,914.0,12.53,525.9,206.15,16407.15,15774.365,,Hold
Eicher Motors,2015-02-13,16550.0,16876.35,15406.5,16242.0,16355.608208221332,15253,9968,249472092.0,2333.0,15.3,1469.85,-308.0,16242.0,15830.334999999997,,Hold
Eicher Motors,2015-02-16,16660.0,16880.0,15989.7,16109.45,16305.407960199003,8643,5829,140927641.0,1511.0,17.48,890.3,-550.55,16109.45,15869.282499999998,,Hold
Eicher Motors,2015-02-18,16302.0,17012.65,16302.0,16938.0,16710.619658551368,9899,6663,165418424.0,2681.0,27.08,710.65,636.0,16938.0,15942.877499999999,,Hold
Eicher Motors,2015-02-19,17082.0,17200.0,16517.0,16678.4,16798.811524269087,7046,4128,118364426.0,2002.0,28.41,683.0,-403.6,16678.4,16003.355000000001,,Hold
Eicher Motors,2015-02-20,16580.5,16800.0,16350.0,16373.0,16540.16954899966,2949,2003,48776960.0,856.0,29.03,450.0,-207.5,16373.0,16053.967500000002,,Hold
Eicher Motors,2015-02-23,16399.0,16417.0,15930.2,16004.9,16115.407023954525,4926,3548,79384495.0,1822.0,36.99,486.8,-394.1,16004.9,16089.894999999999,,Hold
Eicher Motors,2015-02-24,16000.0,16047.5,15701.0,15813.3,15866.516373210465,6077,3005,96420820.0,1392.0,22.91,346.5,-186.7,15813.3,16121.255000000001,,Hold
Eicher Motors,2015-02-25,15781.15,16021.15,15500.0,15612.65,15694.364606444797,9465,2724,148547161.0,6125.0,64.71,521.15,-168.5,15612.65,16097.5725,,Hold
Eicher Motors,2015-02-26,15500.0,15675.0,15100.0,15213.8,15333.5888671875,6144,3842,94209570.0,1719.0,27.98,575.0,-286.2,15213.8,16041.232499999998,,Hold
Eicher Motors,2015-02-27,15235.2,15838.65,15235.2,15808.05,15616.215849843587,23975,4298,374398775.0,19133.0,79.8,603.45,572.85,15808.05,16008.840000000002,,Hold
Eicher Motors,2015-02-28,15992.0,16275.0,15461.15,16226.6,15841.22817657586,10058,7334,159331073.0,1566.0,15.57,813.85,234.6,16226.6,16004.995,,Hold
Eicher Motors,2015-03-02,16510.0,16699.0,16160.0,16515.85,16518.98038985439,8516,4881,140675637.0,2043.0,23.99,539.0,5.85,16515.85,16001.307499999999,,Hold
Eicher Motors,2015-03-03,16392.0,16392.0,15682.35,15891.3,15922.141293298928,12789,7667,203628265.0,2894.0,22.63,709.65,-500.7,15891.3,15979.867500000002,,Hold
Eicher Motors,2015-03-04,15301.0,16226.05,15111.0,16050.15,15171.948325884332,1387658,36557,21053475470.0,1273490.0,91.77,1115.05,749.15,16050.15,15985.992499999998,,Hold
Eicher Motors,2015-03-05,16114.0,16178.0,15864.4,15996.0,16008.581191472404,5019,3432,80347069.0,726.0,14.47,313.6,-118.0,15996.0,15995.105,,Hold
Eicher Motors,2015-03-09,15986.4,15986.4,15621.15,15692.35,15828.493492618492,10296,3301,162970169.0,5697.0,55.33,365.25,-294.05,15692.35,16000.495,,Hold
Eicher Motors,2015-03-10,15660.5,16112.7,15660.5,15963.7,15897.22493929934,5766,3469,91663399.0,1280.0,22.2,452.2,303.2,15963.7,16042.984999999997,,Hold
Eicher Motors,2015-03-11,16000.0,16190.0,15900.0,16045.85,16036.421511627907,5160,2832,82747935.0,1252.0,24.26,290.0,45.85,16045.85,16085.855000000001,,Hold
Eicher Motors,2015-03-12,15925.0,16361.0,15925.0,16316.4,16235.726914414414,3552,2194,57669302.0,1134.0,31.93,436.0,391.4,16316.4,16094.944999999998,,Hold
Eicher Motors,2015-03-13,16285.1,16350.0,15810.0,15879.3,16022.023345153664,3384,2419,54218527.0,788.0,23.29,540.0,-405.8,15879.3,16068.552500000002,15722.078000000001,Hold
Eicher Motors,2015-03-16,15751.1,15907.9,15640.0,15803.25,15769.997573469936,3709,2270,58490921.0,902.0,24.32,267.9,52.15,15803.25,16046.615000000002,15733.36,Hold
Eicher Motors,2015-03-17,15870.05,16054.7,15810.0,15935.7,15948.515422578655,3242,1687,51705087.0,1079.0,33.28,244.7,65.65,15935.7,16037.9275,15750.763,Hold
Eicher Motors,2015-03-18,15925.05,16205.0,15900.0,16043.45,16088.366713352008,4284,2468,68922563.0,1317.0,30.74,305.0,118.4,16043.45,15993.2,15768.961000000001,Hold
Eicher Motors,2015-03-19,16160.15,16301.0,16013.05,16079.95,16172.537819799776,3596,2305,58156446.0,789.0,21.94,287.95,-80.2,16079.95,15963.2775,15795.498,Hold
Eicher Motors,2015-03-20,16110.0,16182.7,15928.15,16002.0,16052.837219343695,2316,1600,37178371.0,487.0,21.03,254.55,-108.0,16002.0,15944.727499999999,15816.627,Hold
Eicher Motors,2015-03-23,16100.0,16129.15,15800.0,15843.2,15916.632434944237,2152,1487,34252593.0,503.0,23.37,329.15,-256.8,15843.2,15936.642500000002,15835.935,Hold
Eicher Motors,2015-03-24,15843.2,15902.2,15475.0,15513.65,15643.355659276545,4285,2888,67031779.0,1142.0,26.65,427.2,-329.55,15513.65,15921.659999999998,15851.666,Hold
Eicher Motors,2015-03-25,15483.0,15640.0,15335.65,15551.25,15460.698174322732,3396,2436,52504531.0,973.0,28.65,304.35,68.25,15551.25,15918.59,15865.253999999999,Hold
Eicher Motors,2015-03-26,15500.0,15725.0,15351.55,15584.75,15575.213483146068,3827,2681,59606342.0,1122.0,29.32,373.45,84.75,15584.75,15937.1375,15880.935,Hold
Eicher Motors,2015-03-27,15650.0,15650.0,15108.65,15471.95,15347.715423606081,4143,2744,63585585.0,1180.0,28.48,541.35,-178.05,15471.95,15920.332499999999,15893.75,Hold
Eicher Motors,2015-03-30,15600.0,16200.0,15580.55,16019.7,15842.471709909347,3199,2610,50680067.0,1053.0,32.92,619.45,419.7,16019.7,15909.9875,15911.692,Sell
Eicher Motors,2015-03-31,16147.0,16147.0,15815.95,15890.2,15991.851735913488,3514,2540,56195367.0,722.0,20.55,331.05,-256.8,15890.2,15878.705000000002,15922.885999999999,Hold
Eicher Motors,2015-04-01,15868.0,16188.85,15850.05,16028.4,16020.20876874148,4402,2926,70520959.0,1052.0,23.9,338.8,160.4,16028.4,15885.559999999998,15934.132,Hold
Eicher Motors,2015-04-06,16066.15,16066.15,15549.9,15763.7,15764.721325225413,4769,2910,75181956.0,1642.0,34.43,516.25,-302.45,15763.7,15871.2375,15940.029000000002,Hold
Eicher Motors,2015-04-07,15701.25,16039.85,15701.25,15950.4,15838.590005373457,7444,4006,117902464.0,2947.0,39.59,338.6,249.15,15950.4,15868.9575,15951.822,Hold
Eicher Motors,2015-04-08,16014.0,16550.0,15975.05,16501.0,16343.065650080256,6230,3542,101817299.0,1781.0,28.59,574.95,487.0,16501.0,15909.39,15976.115,Hold
Eicher Motors,2015-04-09,16650.1,16800.0,16280.05,16338.65,16446.91712062257,5140,3418,84537154.0,1152.0,22.41,519.95,-311.45,16338.65,15928.1375,15999.166,Hold
Eicher Motors,2015-04-10,16273.0,16439.0,16134.25,16206.35,16267.58942795076,2762,1974,44931082.0,595.0,21.54,304.75,-66.65,16206.35,15936.1625,16001.567,Hold
Eicher Motors,2015-04-13,16141.0,16215.0,15933.3,16054.1,16123.477245745944,2527,1771,40744027.0,966.0,38.23,281.7,-86.9,16054.1,15923.0475,15995.837000000001,Hold
Eicher Motors,2015-04-15,16055.0,16124.7,15806.6,15861.8,15959.164636707264,2381,1942,37998771.0,691.0,29.02,318.1,-193.2,15861.8,15922.172499999997,15983.955,Hold
Eicher Motors,2015-04-16,16299.0,16350.0,15750.0,15837.45,16010.85694776374,5858,3688,93791600.0,1446.0,24.68,600.0,-461.55,15837.45,15923.882499999998,15974.634000000002,Hold
Eicher Motors,2015-04-17,15999.9,15999.9,15200.0,15327.25,15533.718302525383,3841,2609,59665012.0,1021.0,26.58,799.9,-672.65,15327.25,15893.460000000001,15949.387000000002,Hold
Eicher Motors,2015-04-20,15300.0,15300.0,14655.25,14762.5,14795.363880196692,6711,4591,99291687.0,2666.0,39.73,644.75,-537.5,14762.5,15829.4125,15918.235,Hold
Eicher Motors,2015-04-21,14762.0,14943.8,14163.65,14320.6,14594.84733242134,7310,4473,106688334.0,1963.0,26.85,780.15,-441.4,14320.6,15741.445000000002,15886.094000000001,Hold
Eicher Motors,2015-04-22,14400.0,14459.9,14070.05,14377.3,14263.431699687175,4795,3047,68393155.0,1280.0,26.69,389.85,-22.7,14377.3,15660.210000000001,15857.365,Hold
Eicher Motors,2015-04-23,14500.0,14827.4,14482.85,14774.35,14676.064882943145,4485,2793,65822151.0,1206.0,26.89,344.55,274.35,14774.35,15606.767499999998,15841.161,Hold
Eicher Motors,2015-04-24,14901.0,14901.0,14487.0,14710.8,14664.379366602689,10420,4668,152802833.0,3290.0,31.57,414.0,-190.2,14710.8,15566.625,15833.098999999998,Hold
Eicher Motors,2015-04-27,14720.0,15079.55,13930.0,14784.95,14526.41250624064,8012,5057,116385617.0,1275.0,15.91,1149.55,64.95,14784.95,15528.310000000001,15825.029000000002,Hold
Eicher Motors,2015-04-28,14768.05,15250.0,14680.0,15165.15,15061.833702268954,3614,2741,54433467.0,537.0,14.86,570.0,397.1,15165.15,15507.330000000002,15805.64,Hold
Eicher Motors,2015-04-29,15200.0,15434.9,15146.0,15228.4,15254.30876068376,5616,2275,85668198.0,3017.0,53.72,288.9,28.4,15228.4,15495.1525,15782.065,Hold
Eicher Motors,2015-04-30,15200.0,15300.0,15095.0,15217.85,15205.17274074074,3375,2574,51317458.0,658.0,19.5,205.0,17.85,15217.85,15455.060000000001,15761.582,Hold
Eicher Motors,2015-05-04,15420.0,15490.0,15303.35,15337.55,15359.747373686843,1999,1389,30704135.0,443.0,22.16,186.65,-82.45,15337.55,15427.4275,15746.143999999998,Hold
Eicher Motors,2015-05-05,15431.9,15711.0,15293.55,15552.05,15552.975877192983,3192,2033,49645099.0,785.0,24.59,417.45,120.15,15552.05,15403.61,15718.425,Hold
Eicher Motors,2015-05-06,15548.45,15674.75,15000.0,15064.7,15330.516228070175,4560,3495,69907154.0,695.0,15.24,674.75,-483.75,15064.7,15368.66,15686.151000000002,Hold
Eicher Motors,2015-05-07,14941.15,15090.0,14498.6,14796.2,14749.930006377552,6272,3930,92511561.0,1282.0,20.44,591.4,-144.95,14796.2,15310.95,15654.615,Hold
Eicher Motors,2015-05-08,15185.5,15865.0,14740.55,15789.0,15411.780144565982,15633,10965,240932359.0,1323.0,8.46,1124.45,603.5,15789.0,15275.35,15650.296999999999,Hold
Eicher Motors,2015-05-11,15949.0,16962.1,15946.0,16865.3,16512.0238002341,23067,5929,380882853.0,7297.0,31.63,1016.1,916.3,16865.3,15301.6825,15671.337,Hold
Eicher Motors,2015-05-12,16965.0,17269.1,16600.0,17121.0,16969.7627141878,14590,5158,247588838.0,1873.0,12.84,669.1,156.0,17121.0,15347.414999999999,15701.503999999999,Hold
Eicher Motors,2015-05-13,17349.0,18327.45,17349.0,18062.7,17916.19242933386,20236,7541,362552070.0,3133.0,15.48,978.45,713.7,18062.7,15447.845000000001,15758.482,Hold
Eicher Motors,2015-05-14,18000.0,18460.0,17706.75,18190.25,18123.91109635532,13554,5421,245651491.0,1513.0,11.16,753.25,190.25,18190.25,15564.267500000002,15806.125999999998,Hold
Eicher Motors,2015-05-15,18200.0,18788.9,18160.0,18707.0,18585.37631620305,12726,4569,236517499.0,1888.0,14.84,628.9,507.0,18707.0,15707.745,15855.733999999999,Hold
Eicher Motors,2015-05-18,18700.0,19150.9,18305.45,18618.15,18667.124113033733,16066,5987,299906016.0,3616.0,22.51,845.45,-81.85,18618.15,15872.290000000003,15897.78,Hold
Eicher Motors,2015-05-19,18600.0,18850.0,18189.0,18275.85,18573.823500145118,24119,3268,447982049.0,15545.0,64.45,661.0,-324.15,18275.85,16047.9575,15945.470999999998,Buy
Eicher Motors,2015-05-20,18201.0,18590.0,18115.0,18510.45,18373.52564809708,9065,3106,166556010.0,942.0,10.39,475.0,309.45,18510.45,16257.45,15994.677,Hold
Eicher Motors,2015-05-21,18568.0,18568.0,18312.1,18428.3,18424.301863041288,3972,1503,73181327.0,786.0,19.79,255.9,-139.7,18428.3,16460.0,16043.322999999999,Hold
Eicher Motors,2015-05-22,18216.0,18734.45,18216.0,18669.8,18594.084564860423,4872,1827,90590380.0,780.0,16.01,518.45,453.8,18669.8,16654.7725,16102.872,Hold
Eicher Motors,2015-05-25,18668.0,19525.0,18518.4,19173.0,19131.5506545944,16346,6101,312724327.0,1729.0,10.58,1006.6,505.0,19173.0,16877.8825,16167.058,Hold
Eicher Motors,2015-05-26,19284.0,19368.0,18795.35,18945.2,19107.25958702065,7458,2622,142501942.0,1518.0,20.35,572.65,-338.8,18945.2,17085.895,16225.045,Hold
Eicher Motors,2015-05-27,18817.5,18850.0,18058.0,18353.85,18399.1106102254,9095,3222,167339911.0,1949.0,21.43,792.0,-463.65,18353.85,17245.329999999998,16265.794000000002,Hold
Eicher Motors,2015-05-28,18355.05,18600.0,17800.0,17972.6,18085.80419489317,7676,2683,138826633.0,1781.0,23.2,800.0,-382.45,17972.6,17382.54,16307.66,Hold
Eicher Motors,2015-05-29,18083.45,19200.0,17800.0,18713.8,18680.325742937508,40885,11753,763745118.0,9817.0,24.01,1400.0,630.35,18713.8,17557.3375,16365.871,Hold
Eicher Motors,2015-06-01,18450.0,18930.0,18370.0,18785.25,18753.350288320853,11619,4151,217895177.0,1460.0,12.57,560.0,335.25,18785.25,17729.7225,16422.862,Hold
Eicher Motors,2015-06-02,18800.05,18960.0,17970.0,18138.5,18437.13426499204,11306,4279,208450240.0,2219.0,19.63,990.0,-661.55,18138.5,17859.045000000002,16464.763,Hold
Eicher Motors,2015-06-03,18100.0,18439.7,17944.1,18209.75,18175.85489698272,10241,3722,186138930.0,1092.0,10.66,495.6,109.75,18209.75,18016.2975,16507.359,Hold
Eicher Motors,2015-06-04,17501.25,17789.45,16905.0,17182.35,17220.745464724612,1302126,35063,22423580409.0,1006217.0,77.27,884.45,-318.9,17182.35,18135.605,16530.966,Hold
Eicher Motors,2015-06-05,17238.9,17450.0,17062.6,17390.05,17347.684830937855,9671,2882,167769460.0,3036.0,31.39,387.4,151.15,17390.05,18215.657499999998,16561.903000000002,Hold
Eicher Motors,2015-06-08,17450.0,17549.4,17219.6,17283.6,17392.04694614539,6369,2662,110769947.0,2363.0,37.1,329.8,-166.4,17283.6,18236.572500000002,16597.302,Hold
Eicher Motors,2015-06-09,17280.1,17280.1,16651.9,17099.3,16961.408173562057,11892,3212,201705066.0,3940.0,33.13,628.2,-180.8,17099.3,18235.4875,16628.263,Hold
Eicher Motors,2015-06-10,17190.0,17677.95,17150.05,17612.45,17453.053344055756,7461,2430,130217231.0,1711.0,22.93,527.9,422.45,17612.45,18212.975,16668.817,Hold
Eicher Motors,2015-06-11,17682.0,17740.0,17130.0,17234.35,17447.922067780728,6403,1985,111719045.0,1572.0,24.55,610.0,-447.65,17234.35,18165.18,16704.065,Hold
Eicher Motors,2015-06-12,17100.0,17450.0,17100.0,17399.45,17322.48274306339,4433,1527,76790566.0,690.0,15.57,350.0,299.45,17399.45,18099.802499999998,16731.66,Hold
Eicher Motors,2015-06-15,17665.15,18120.05,17629.85,18043.7,17904.272280367903,6306,2247,112904341.0,965.0,15.3,490.2,378.55,18043.7,18071.08,16774.73,Hold
Eicher Motors,2015-06-16,18110.0,18500.0,18039.75,18462.8,18311.309394448286,10123,3260,185365385.0,1744.0,17.23,460.25,352.8,18462.8,18080.427499999998,16823.418,Hold
Eicher Motors,2015-06-17,18550.0,19485.0,18501.0,19297.45,19065.9559920254,13543,5326,258210242.0,2504.0,18.49,984.0,747.45,19297.45,18119.7775,16894.092999999997,Hold
Eicher Motors,2015-06-18,19397.7,19675.8,19301.0,19482.2,19511.405044843046,8920,3405,174041733.0,1166.0,13.07,374.8,84.5,19482.2,18172.4725,16964.729000000003,Hold
Eicher Motors,2015-06-19,19689.95,20020.0,19200.0,19471.15,19660.807401303467,13349,4572,262452118.0,1429.0,10.7,820.0,-218.8,19471.15,18212.54,17024.132,Hold
Eicher Motors,2015-06-22,19471.2,19640.0,19250.2,19397.3,19403.77828702377,6982,2429,135477180.0,1711.0,24.51,389.8,-73.9,19397.3,18223.754999999997,17085.305,Hold
Eicher Motors,2015-06-23,19450.0,19469.25,19190.0,19275.75,19301.222766503382,4287,1495,82744342.0,1137.0,26.52,279.25,-174.25,19275.75,18240.282499999998,17146.693,Hold
Eicher Motors,2015-06-24,19238.0,19452.0,19048.5,19113.6,19236.045652173914,5060,1810,97334391.0,1322.0,26.13,403.5,-124.4,19113.6,18278.27,17207.882999999998,Hold
Eicher Motors,2015-06-25,19113.6,19580.0,19113.6,19505.25,19392.965539556702,6181,2038,119867920.0,1328.0,21.49,466.4,391.65,19505.25,18354.9025,17280.752,Hold
Eicher Motors,2015-06-26,19582.9,19668.15,19421.0,19526.65,19548.307997833545,5539,1965,108278078.0,893.0,16.12,247.15,-56.25,19526.65,18395.545,17354.536,Hold
Eicher Motors,2015-06-29,19250.0,19389.5,19031.0,19301.65,19225.722842639596,3940,1400,75749348.0,896.0,22.74,358.5,51.65,19301.65,18421.364999999998,17434.023999999998,Hold
Eicher Motors,2015-06-30,19215.2,19675.0,19215.2,19578.15,19488.31523022432,5082,1890,99039618.0,1300.0,25.58,459.8,362.95,19578.15,18493.3475,17530.337,Hold
Eicher Motors,2015-07-01,19750.0,20475.0,19692.3,20338.1,20153.015049735175,15482,5406,312008979.0,2513.0,16.23,782.7,588.1,20338.1,18599.765,17650.686999999998,Hold
Eicher Motors,2015-07-02,20474.0,21340.0,20400.0,21238.65,20904.024290735622,15932,6163,333042915.0,2469.0,15.5,940.0,764.65,21238.65,18802.58,17787.914,Hold
Eicher Motors,2015-07-03,21434.0,21580.65,20181.05,20253.8,20689.24287317621,26730,7534,553023462.0,6694.0,25.04,1399.6,-1180.2,20253.8,18945.7675,17897.502999999997,Hold
Eicher Motors,2015-07-06,20188.0,20530.7,19904.95,20359.5,20300.239433117848,8044,2967,163295126.0,957.0,11.9,625.75,171.5,20359.5,19099.5625,18010.477,Hold
Eicher Motors,2015-07-07,20302.15,20531.55,20200.0,20367.15,20378.80286810745,4951,1981,100895453.0,1141.0,23.05,331.55,65.0,20367.15,19262.954999999998,18122.121,Hold
Eicher Motors,2015-07-08,20231.5,20600.0,20129.0,20476.7,20383.018707050134,7858,2595,160169761.0,1468.0,18.68,471.0,245.2,20476.7,19406.1675,18228.352000000003,Hold
Eicher Motors,2015-07-09,20570.0,20701.0,20500.0,20650.0,20627.541564519724,4487,1326,92555779.0,1144.0,25.5,201.0,80.0,20650.0,19576.95,18336.784,Hold
Eicher Motors,2015-07-10,20797.0,20799.2,20578.55,20765.8,20703.813616071428,4480,1625,92753085.0,804.0,17.95,220.65,-31.2,20765.8,19745.267499999998,18447.743000000002,Hold
Eicher Motors,2015-07-13,20800.0,21230.0,20800.0,21171.05,21005.559912573928,7778,3237,163381245.0,2403.0,30.89,430.0,371.05,21171.05,19901.635000000002,18564.413,Hold
Eicher Motors,2015-07-14,21170.0,21171.0,20701.0,20761.7,20820.587556251223,5111,1755,106414023.0,1251.0,24.48,470.0,-408.3,20761.7,20016.579999999998,18668.606,Hold
Eicher Motors,2015-07-15,20651.2,20900.0,20605.05,20734.35,20714.05252790545,4569,1419,94642506.0,1188.0,26.0,294.95,83.15,20734.35,20088.425,18781.999,Hold
Eicher Motors,2015-07-16,21149.85,21187.9,20721.2,21071.3,20997.68342418736,4953,1711,104001526.0,1180.0,23.82,466.7,-78.55,21071.3,20167.879999999997,18907.501,Hold
Eicher Motors,2015-07-17,21100.0,21158.1,20922.1,21084.2,21060.68628808864,2888,1045,60823262.0,637.0,22.06,236.0,-15.8,21084.2,20248.5325,19013.405,Hold
Eicher Motors,2015-07-20,21000.0,21319.7,21000.0,21269.45,21146.4747873894,11641,1317,246166113.0,8748.0,75.15,319.7,269.45,21269.45,20342.140000000003,19101.488,Hold
Eicher Motors,2015-07-21,21338.85,21618.3,21251.75,21336.55,21433.04118041583,7455,2508,159783322.0,767.0,10.29,366.55,-2.3,21336.55,20445.18,19185.799,Hold
Eicher Motors,2015-07-22,21409.85,21432.5,20755.0,21164.0,21110.333502366462,11832,4505,249777466.0,1304.0,11.02,677.5,-245.85,21164.0,20547.7,19247.825,Hold
Eicher Motors,2015-07-23,20950.0,21037.45,20368.0,20528.85,20768.78217821782,16867,2497,350307049.0,11670.0,69.19,669.45,-421.15,20528.85,20598.879999999997,19294.597,Hold
Eicher Motors,2015-07-24,20300.0,20589.8,20011.6,20097.1,20351.502320647127,7541,1502,153470679.0,4341.0,57.57,578.2,-202.9,20097.1,20627.402500000004,19322.399,Hold
Eicher Motors,2015-07-27,19960.0,19960.0,19241.6,19343.75,19550.88162162162,7400,2269,144676524.0,2565.0,34.66,718.4,-616.25,19343.75,20629.5075,19336.911,Hold
Eicher Motors,2015-07-28,19346.15,19640.0,19122.6,19481.9,19485.521707272397,5459,2080,106371463.0,1296.0,23.74,517.4,135.75,19481.9,20624.695,19361.032000000003,Hold
Eicher Motors,2015-07-29,19400.0,19704.95,19165.05,19265.65,19423.343970914968,4951,1720,96164976.0,1095.0,22.12,539.9,-134.35,19265.65,20571.072500000002,19376.136,Hold
Eicher Motors,2015-07-30,19360.0,19538.1,18920.0,19057.65,19408.538472267424,21509,2169,417458254.0,16906.0,78.6,618.1,-302.35,19057.65,20462.0225,19388.723,Hold
Eicher Motors,2015-07-31,19105.0,19257.0,18689.0,19070.05,19026.964765237204,12289,2743,233822370.0,6008.0,48.89,568.0,-34.95,19070.05,20402.835,19396.728,Hold
Eicher Motors,2015-08-03,19425.0,19499.0,19050.0,19105.2,19330.44651083433,23444,2857,453182988.0,16110.0,68.72,449.0,-319.8,19105.2,20340.12,19395.372,Hold
Eicher Motors,2015-08-04,19175.0,20280.0,18957.2,20158.35,19658.150859607944,15763,4329,309871432.0,5059.0,32.09,1322.8,983.35,20158.35,20329.68,19419.635,Hold
Eicher Motors,2015-08-05,20450.15,20709.9,20072.2,20548.0,20496.34899169632,8430,2986,172784222.0,1715.0,20.34,637.7,97.85,20548.0,20333.245000000003,19463.517999999996,Hold
Eicher Motors,2015-08-06,20500.0,20670.15,20400.75,20544.1,20534.2323335028,3934,1462,80781670.0,707.0,17.97,269.4,44.1,20544.1,20327.95,19514.948,Hold
Eicher Motors,2015-08-07,20550.0,20755.0,20433.7,20615.85,20543.952666267225,40056,1814,822908568.0,36247.0,90.49,321.3,65.85,20615.85,20320.452500000003,19552.989,Hold
Eicher Motors,2015-08-10,20670.0,20754.55,20275.0,20417.15,20555.4951595554,2789,1017,57329276.0,769.0,27.57,479.55,-252.85,20417.15,20282.7575,19585.627,Hold
Eicher Motors,2015-08-11,20400.0,20520.0,19818.0,20165.0,20104.935282651073,5130,1738,103138318.0,984.0,19.18,702.0,-235.0,20165.0,20252.9225,19626.157000000003,Hold
Eicher Motors,2015-08-12,20199.7,20199.7,19737.05,19871.85,19932.679188580012,3993,1173,79591188.0,933.0,23.37,462.65,-327.85,19871.85,20209.7975,19659.399,Hold
Eicher Motors,2015-08-13,19890.0,20254.4,19822.0,19895.25,20030.54794520548,3869,1407,77498190.0,956.0,24.71,432.4,5.25,19895.25,20150.995000000003,19713.657,Hold
Eicher Motors,2015-08-14,20046.4,20663.0,20021.75,20601.4,20434.63871991537,3781,1289,77263369.0,1249.0,33.03,641.25,555.0,20601.4,20126.855,19777.884000000002,Hold
Eicher Motors,2015-08-17,20614.5,20749.4,20350.0,20671.2,20569.81238373638,3763,1442,77404204.0,868.0,23.07,399.4,56.7,20671.2,20096.942499999997,19845.636000000002,Hold
Eicher Motors,2015-08-18,20850.0,21037.5,20670.95,20950.6,20899.826530612245,4998,1676,104457333.0,1207.0,24.15,366.55,100.6,20950.6,20077.644999999997,19922.662,Hold
Eicher Motors,2015-08-19,20950.0,21362.65,20752.0,21243.25,21188.192137096772,4960,1630,105093433.0,1446.0,29.15,610.65,293.25,21243.25,20081.6075,19995.278000000002,Hold
Eicher Motors,2015-08-20,21240.0,21578.0,20980.0,21042.4,21294.007996633,4752,1854,101189126.0,822.0,17.3,598.0,-197.6,21042.4,20107.285,20071.439,Hold
Eicher Motors,2015-08-21,20800.0,20847.25,20316.05,20482.05,20618.69315455187,14170,1801,292166882.0,10109.0,71.34,531.2,-317.95,20482.05,20126.532499999998,20133.091,Sell
Eicher Motors,2015-08-24,20000.0,20000.0,17805.15,18571.75,18935.922061497116,12651,3706,239558350.0,3085.0,24.39,2194.85,-1428.25,18571.75,20087.9325,20143.652000000002,Hold
Eicher Motors,2015-08-25,19099.0,19174.95,17910.8,18844.35,18645.04329147389,9078,3706,169259703.0,1482.0,16.33,1264.15,-254.65,18844.35,20056.055,20151.283,Hold
Eicher Motors,2015-08-26,18799.0,19192.05,18500.0,18581.65,18783.053056516725,5202,1617,97709442.0,1688.0,32.45,692.05,-217.35,18581.65,20021.855,20136.967,Hold
Eicher Motors,2015-08-27,18725.0,19200.0,18725.0,18814.35,18941.189713896456,2936,1317,55611333.0,611.0,20.81,475.0,89.35,18814.35,20009.690000000002,20123.61,Hold
Eicher Motors,2015-08-28,19250.0,19250.0,18550.0,18903.1,18883.9905543127,4023,1912,75970294.0,890.0,22.12,700.0,-346.9,18903.1,20001.3425,20112.249,Hold
Eicher Motors,2015-08-31,18911.4,19179.0,18800.0,18993.35,18954.79518592477,18529,1585,351213400.0,15404.0,83.13,379.0,81.95,18993.35,19995.75,20104.17,Hold
Eicher Motors,2015-09-01,18940.0,19113.6,18054.1,18258.9,18652.423157162728,5752,2482,107288738.0,1559.0,27.1,1059.5,-681.1,18258.9,19900.7775,20083.833,Hold
Eicher Motors,2015-09-02,18632.0,18715.0,18240.0,18342.9,18466.12566798828,5801,2286,107121995.0,1078.0,18.58,475.0,-289.1,18342.9,19790.5225,20068.419,Hold
Eicher Motors,2015-09-03,18600.0,18642.75,18309.5,18365.15,18446.263458646616,3325,1288,61333826.0,786.0,23.64,333.25,-234.85,18365.15,19681.575,20045.617000000002,Hold
Eicher Motors,2015-09-04,18350.0,18350.0,17778.6,18146.65,18036.902858086894,6053,2306,109177373.0,1216.0,20.09,571.4,-203.35,18146.65,19558.114999999998,20018.017,Hold
Eicher Motors,2015-09-07,18150.0,18233.8,17334.95,17449.95,17684.37714825307,5295,1960,93638777.0,943.0,17.81,898.85,-700.05,17449.95,19409.755,19980.983,Hold
Eicher Motors,2015-09-08,17400.0,17438.0,16731.85,17257.55,17089.66027858278,10697,3484,182808096.0,1587.0,14.84,706.15,-142.45,17257.55,19264.3825,19934.571,Hold
Eicher Motors,2015-09-09,17700.0,18008.9,17350.25,17939.5,17777.42001615835,9902,3190,176032013.0,1381.0,13.95,658.65,239.5,17939.5,19167.765,19886.599,Hold
Eicher Motors,2015-09-10,17939.5,18699.0,17457.95,18472.35,18127.472024415052,5898,2304,106915830.0,1128.0,19.13,1241.05,532.85,18472.35,19096.62,19831.273,Hold
Eicher Motors,2015-09-11,18750.0,19010.2,18600.0,18892.2,18793.516527355623,5264,2156,98929071.0,1048.0,19.91,410.2,142.2,18892.2,19011.16,19804.041,Hold
Eicher Motors,2015-09-14,18892.2,19076.85,18490.15,18813.1,18864.5779522678,9679,2376,182590250.0,4589.0,47.41,586.7,-79.1,18813.1,18918.254999999997,19773.113,Hold
Eicher Motors,2015-09-15,18800.0,18950.2,18480.0,18557.6,18779.071202531642,3792,1261,71210238.0,647.0,17.06,470.2,-242.4,18557.6,18798.605000000003,19736.922,Hold
Eicher Motors,2015-09-16,18650.0,18743.8,17700.0,17968.35,18144.977388027248,6899,2383,125182199.0,1661.0,24.08,1043.8,-681.65,17968.35,18634.86,19686.755,Hold
Eicher Motors,2015-09-18,18200.0,18459.95,18104.05,18215.9,18284.758677234215,3659,1281,66903932.0,533.0,14.57,355.9,15.9,18215.9,18493.535,19638.072999999997,Hold
Eicher Motors,2015-09-21,18085.0,18550.0,18053.15,18459.55,18285.30820045558,4390,1599,80272503.0,946.0,21.55,496.85,374.55,18459.55,18392.41,19591.948,Hold
Eicher Motors,2015-09-22,18650.0,18755.55,18237.35,18337.9,18503.886573525928,4223,1514,78141913.0,959.0,22.71,518.2,-312.1,18337.9,18380.717500000002,19535.285,Hold
Eicher Motors,2015-09-23,18050.05,18587.95,18050.05,18250.35,18334.26211226689,10671,1168,195644911.0,8041.0,75.35,537.9,200.3,18250.35,18351.017499999998,19485.058,Hold
Eicher Motors,2015-09-24,18400.0,18400.0,17703.0,17761.8,17991.22666859289,6922,2375,124535271.0,2981.0,43.07,697.0,-638.2,17761.8,18310.025,19425.607000000004,Hold
Eicher Motors,2015-09-28,17921.55,17921.55,17202.65,17298.6,17552.790683726507,5002,1868,87799059.0,2360.0,47.18,718.9,-622.95,17298.6,18234.2375,19350.153000000002,Hold
Eicher Motors,2015-09-29,17270.0,17777.0,16882.05,17468.6,17316.505672864798,6346,2444,109890545.0,1235.0,19.46,894.95,198.6,17468.6,18162.5125,19277.841,Hold
Eicher Motors,2015-09-30,17650.65,17825.0,17182.8,17791.2,17577.76072890532,7573,2370,133116382.0,2501.0,33.03,642.2,140.55,17791.2,18102.405000000002,19208.275999999998,Hold
Eicher Motors,2015-10-01,18000.0,18325.0,17635.9,18270.55,18055.492659053834,9808,3746,177088272.0,1704.0,17.37,689.1,270.55,18270.55,18102.9875,19146.956000000002,Hold
Eicher Motors,2015-10-05,18400.0,18795.0,18400.0,18763.6,18643.016101694917,5900,2110,109993795.0,1957.0,33.17,395.0,363.6,18763.6,18124.0225,19098.948,Hold
Eicher Motors,2015-10-06,18855.0,18900.0,18601.0,18670.05,18709.26393411224,5221,1509,97681067.0,1015.0,19.44,299.0,-184.95,18670.05,18139.267499999998,19061.772,Hold
Eicher Motors,2015-10-07,18589.5,18999.0,18546.1,18900.4,18799.94357823212,16483,2048,309879470.0,12426.0,75.39,452.9,310.9,18900.4,18176.954999999998,19037.838,Hold
Eicher Motors,2015-10-08,19000.0,19050.0,18625.1,18680.8,18809.81739747075,8461,1361,159149865.0,5825.0,68.85,424.9,-319.2,18680.8,18238.497499999998,19024.578999999998,Hold
Eicher Motors,2015-10-09,18695.0,18835.5,18255.75,18319.75,18465.042693843825,7261,1532,134074675.0,4958.0,68.28,579.75,-375.25,18319.75,18291.6075,19001.336,Hold
Eicher Motors,2015-10-12,18710.0,18710.0,17940.0,17981.1,18132.211739130435,4600,1416,83408174.0,1939.0,42.15,770.0,-728.9,17981.1,18293.6875,18975.645,Hold
Eicher Motors,2015-10-13,18025.0,18180.0,17675.0,17816.25,17839.369039060628,4173,1757,74443687.0,1576.0,37.77,505.0,-208.75,17816.25,18260.8825,18950.817,Hold
Eicher Motors,2015-10-14,17910.0,18273.6,17800.35,18169.0,18125.844376391982,3592,1277,65108033.0,1501.0,41.79,473.25,259.0,18169.0,18224.7225,18932.796,Hold
Eicher Motors,2015-10-15,18200.0,18456.1,18200.0,18318.8,18340.194444444445,3096,1498,56781242.0,839.0,27.1,256.1,118.8,18318.8,18200.0075,18917.068,Hold
Eicher Motors,2015-10-16,18319.0,18425.0,18198.0,18283.05,18277.768179991963,2489,1038,45493365.0,986.0,39.61,227.0,-35.95,18283.05,18186.28,18879.562,Hold
Eicher Motors,2015-10-19,18380.0,18380.0,18121.0,18249.4,18227.254076489768,3373,1514,61480528.0,1272.0,37.71,259.0,-130.6,18249.4,18200.3325,18833.59,Hold
Eicher Motors,2015-10-20,18270.25,18348.45,18050.0,18145.85,18198.982252806956,2761,1385,50247390.0,1272.0,46.07,298.45,-124.4,18145.85,18196.829999999998,18785.625,Hold
Eicher Motors,2015-10-21,18201.0,18419.0,18037.4,18199.25,18201.62601975097,2329,1207,42391587.0,682.0,29.28,381.6,-1.75,18199.25,18183.815,18737.292999999998,Hold
Eicher Motors,2015-10-23,18300.0,18362.75,18110.0,18144.6,18260.080454928393,2374,1025,43349431.0,1280.0,53.92,252.75,-155.4,18144.6,18174.149999999998,18691.842,Hold
Eicher Motors,2015-10-26,18040.1,18219.85,17868.0,17942.7,17980.29919593737,2363,989,42487447.0,596.0,25.22,351.85,-97.4,17942.7,18158.767499999998,18647.395999999997,Hold
Eicher Motors,2015-10-27,17950.0,17955.0,17560.0,17688.25,17671.364864864863,2738,1330,48384197.0,936.0,34.19,395.0,-261.75,17688.25,18155.09,18603.724,Hold
Eicher Motors,2015-10-28,17688.0,17700.0,17288.05,17385.4,17441.915604283528,3922,1820,68407193.0,1532.0,39.06,411.95,-302.6,17385.4,18159.43,18553.527,Hold
Eicher Motors,2015-10-29,17450.0,17524.05,17350.3,17445.2,17439.823782234955,2792,1293,48691988.0,783.0,28.04,173.75,-4.8,17445.2,18158.260000000002,18490.403,Hold
Eicher Motors,2015-10-30,17500.0,17860.0,17500.0,17761.9,17717.596726190477,2688,997,47624900.0,1026.0,38.17,360.0,261.9,17761.9,18156.795,18432.217,Hold
Eicher Motors,2015-11-02,17980.0,18049.9,17840.0,17971.35,17935.207519351272,5426,1640,97316436.0,2502.0,46.11,209.9,-8.65,17971.35,18141.835,18372.631999999998,Hold
Eicher Motors,2015-11-03,18300.0,18300.0,17952.9,18003.25,18027.561555075597,2315,923,41733805.0,699.0,30.19,347.1,-296.75,18003.25,18103.8175,18307.832,Hold
Eicher Motors,2015-11-04,18102.0,18180.0,17750.0,17805.3,17953.852671585064,4473,1466,80307583.0,1551.0,34.67,430.0,-296.7,17805.3,18060.58,18243.09,Hold
Eicher Motors,2015-11-05,17760.7,17967.95,17550.05,17693.0,17858.1019219569,3434,764,61324722.0,466.0,13.57,417.9,-67.7,17693.0,18000.21,18187.308999999997,Hold
Eicher Motors,2015-11-06,17790.0,17980.0,16448.15,16692.75,17072.25357372075,17139,6265,292601354.0,2739.0,15.98,1531.85,-1097.25,16692.75,17900.807500000003,18149.729,Hold
Eicher Motors,2015-11-09,16500.0,16500.0,15825.05,15933.4,16106.59874576946,20092,5566,323613782.0,7399.0,36.83,674.95,-566.6,15933.4,17781.489999999998,18091.51,Hold
Eicher Motors,2015-11-10,15950.0,16114.0,15630.0,15876.55,15896.798341968912,9650,2350,153404104.0,1572.0,16.29,484.0,-73.45,15876.55,17676.2625,18037.408,Hold
Eicher Motors,2015-11-11,15990.0,16099.0,15901.0,16049.3,16009.343120805368,1192,395,19083137.0,525.0,44.04,198.0,59.3,16049.3,17587.915,17982.107,Hold
Eicher Motors,2015-11-13,16080.0,16080.0,15550.0,15616.25,15758.711938134364,4138,1690,65209550.0,1421.0,34.34,530.0,-463.75,15616.25,17460.2775,17916.37,Hold
Eicher Motors,2015-11-16,15616.0,15689.75,15032.45,15294.8,15338.848542551632,6827,2377,104718319.0,1795.0,26.29,657.3,-321.2,15294.8,17309.0775,17842.398999999998,Hold
Eicher Motors,2015-11-17,15434.7,15539.95,15310.05,15489.95,15442.485126425385,4034,1394,62294985.0,1368.0,33.91,229.9,55.25,15489.95,17169.4225,17787.02,Hold
Eicher Motors,2015-11-18,15600.0,15960.0,15485.15,15875.8,15816.23988522238,6970,2410,110239192.0,1276.0,18.31,474.85,275.8,15875.8,17050.7425,17737.678,Hold
Eicher Motors,2015-11-19,15891.15,16200.0,15891.15,16165.6,16088.114611097648,4127,1395,66395649.0,1334.0,32.32,308.85,274.45,16165.6,16951.73,17693.686999999998,Hold
Eicher Motors,2015-11-20,16220.4,16459.05,16004.0,16408.95,16340.624177631578,3648,1424,59610597.0,854.0,23.41,455.05,188.55,16408.95,16862.215,17658.933,Hold
Eicher Motors,2015-11-23,16498.55,16800.0,16245.95,16757.05,16517.43687600644,6210,2044,102573283.0,1526.0,24.57,554.05,258.5,16757.05,16792.8375,17645.075,Hold
Eicher Motors,2015-11-24,16789.95,16789.95,16602.0,16649.3,16683.93721973094,2899,1024,48366734.0,916.0,31.6,187.95,-140.65,16649.3,16728.167500000003,17632.91,Hold
Eicher Motors,2015-11-26,16744.0,16744.0,16267.0,16514.3,16454.45567620928,5065,1985,83341818.0,1137.0,22.45,477.0,-229.7,16514.3,16669.47,17604.406000000003,Hold
Eicher Motors,2015-11-27,16645.0,17053.95,16510.0,16567.95,16750.53443305573,6244,2181,104590337.0,1186.0,18.99,543.95,-77.05,16567.95,16628.5975,17566.318,Hold
Eicher Motors,2015-11-30,16651.0,16850.0,16538.25,16723.4,16634.3801980198,8585,1649,142806154.0,4957.0,57.74,311.75,72.4,16723.4,16592.5075,17522.942,Hold
Eicher Motors,2015-12-01,16890.0,16890.0,16191.0,16232.25,16422.59623769777,8027,2807,131824180.0,2089.0,26.02,699.0,-657.75,16232.25,16516.025,17471.325,Hold
Eicher Motors,2015-12-02,16400.0,16496.75,16098.9,16343.75,16286.078117862036,4378,1877,71300450.0,439.0,10.03,397.85,-56.25,16343.75,16434.644999999997,17427.048,Hold
Eicher Motors,2015-12-03,16448.0,16728.0,16253.4,16644.15,16588.28330550918,5990,2308,99363817.0,1697.0,28.33,474.6,196.15,16644.15,16366.689999999999,17400.564,Hold
Eicher Motors,2015-12-04,16551.0,16680.0,16369.1,16415.2,16464.954365079364,3024,1105,49790022.0,653.0,21.59,310.9,-135.8,16415.2,16297.185000000001,17364.55,Hold
Eicher Motors,2015-12-07,16504.15,16504.15,16192.6,16227.75,16295.00746855346,2544,1006,41454499.0,829.0,32.59,311.55,-276.4,16227.75,16223.9225,17319.914,Hold
Eicher Motors,2015-12-08,16299.8,16520.0,16159.1,16326.05,16404.866896816264,2607,1042,42767488.0,934.0,35.83,360.9,26.25,16326.05,16205.5875,17279.677,Hold
Eicher Motors,2015-12-09,16308.0,16383.0,15670.0,15723.85,15950.5038647343,4140,1516,66035086.0,,,713.0,-584.15,15723.85,16195.11,17229.147,Hold
Eicher Motors,2015-12-10,15810.9,16091.5,15753.2,16032.05,15957.981409759876,2582,1122,41203508.0,505.0,19.56,338.3,221.15,16032.05,16202.884999999998,17194.552,Hold
Eicher Motors,2015-12-11,16020.05,16040.0,15465.45,15561.8,15727.407141575452,5573,1998,87648840.0,1707.0,30.63,574.55,-458.25,15561.8,16178.51,17159.816,Hold
Eicher Motors,2015-12-14,15480.0,15480.0,15107.0,15365.2,15281.80430740626,6454,2387,98628765.0,1825.0,28.28,373.0,-114.8,15365.2,16165.957499999999,17117.748,Hold
Eicher Motors,2015-12-15,15400.0,15860.0,15299.95,15793.65,15679.146162221012,3674,1660,57605183.0,889.0,24.2,560.05,393.65,15793.65,16190.9,17077.797000000002,Hold
Eicher Motors,2015-12-16,16039.9,16266.0,15950.5,16048.4,16082.793269230768,3328,1568,53523536.0,734.0,22.06,315.5,8.5,16048.4,16218.8225,17033.354,Hold
Eicher Motors,2015-12-17,16180.3,16340.0,15993.45,16235.7,16130.295010213014,3427,1120,55278521.0,1462.0,42.66,346.55,55.4,16235.7,16236.8175,16982.796000000002,Hold
Eicher Motors,2015-12-18,16211.0,16277.5,15850.0,16175.9,16082.901258851298,2542,1283,40882735.0,562.0,22.11,427.5,-35.1,16175.9,16237.3325,16932.912999999997,Hold
Eicher Motors,2015-12-21,16175.0,16304.0,15954.05,16030.45,16052.39720907052,4013,1073,64418270.0,2335.0,58.19,349.95,-144.55,16030.45,16218.407500000001,16875.514,Hold
Eicher Motors,2015-12-22,16100.0,16188.8,16038.2,16084.45,16094.621212121212,1452,565,23369390.0,309.0,21.28,150.6,-15.55,16084.45,16184.777500000002,16823.587,Hold
Eicher Motors,2015-12-23,16175.1,16237.8,16028.7,16195.3,16169.029144768276,2093,797,33841778.0,838.0,40.04,209.1,20.2,16195.3,16162.0775,16781.098,Hold
Eicher Motors,2015-12-24,16274.55,16305.4,16117.05,16184.55,16227.474775784753,1784,658,28949815.0,517.0,28.98,188.35,-90.0,16184.55,16145.59,16745.167,Hold
Eicher Motors,2015-12-28,16172.0,16625.0,16172.0,16575.1,16504.60334949317,2269,1043,37448945.0,574.0,25.3,453.0,403.1,16575.1,16145.947499999998,16720.344,Hold
Eicher Motors,2015-12-29,16649.0,16724.7,16521.1,16664.25,16649.68110918544,1731,823,28820598.0,535.0,30.91,203.6,15.25,16664.25,16142.99,16690.249,Hold
Eicher Motors,2015-12-30,16720.0,16720.0,16450.0,16527.35,16563.766929133857,1905,644,31553976.0,573.0,30.08,270.0,-192.65,16527.35,16157.745,16654.42,Hold
Eicher Motors,2015-12-31,16640.65,16904.6,16551.0,16855.2,16784.937026046817,3033,1372,50908714.0,551.0,18.17,353.6,214.55,16855.2,16183.317500000001,16625.862999999998,Hold
Eicher Motors,2016-01-01,16900.0,17690.25,16770.9,17365.25,17344.25420802762,6951,2794,120559911.0,1108.0,15.94,919.35,465.25,17365.25,16219.372500000001,16608.18,Hold
Eicher Motors,2016-01-04,17698.0,17974.45,17444.0,17506.25,17691.44780385078,6648,2678,117612745.0,1280.0,19.25,530.45,-191.75,17506.25,16273.925,16595.388,Hold
Eicher Motors,2016-01-05,17530.0,17766.9,17125.0,17169.5,17329.252106581644,4391,1832,76092746.0,1308.0,29.79,641.9,-360.5,17169.5,16321.0125,16574.792999999998,Hold
Eicher Motors,2016-01-06,17337.85,17630.6,17232.75,17550.15,17414.89040931461,8331,1634,145083452.0,5636.0,67.65,397.85,212.3,17550.15,16382.217499999999,16562.904,Hold
Eicher Motors,2016-01-07,17444.0,17444.0,16944.9,17066.3,17177.434538828147,3567,1498,61271909.0,1201.0,33.67,499.1,-377.7,17066.3,16449.34,16545.376,Hold
Eicher Motors,2016-01-08,17200.0,17448.75,17144.85,17222.85,17306.17426408747,5945,1303,102885206.0,3880.0,65.26,303.9,22.85,17222.85,16508.88,16536.068,Hold
Eicher Motors,2016-01-11,17200.0,17400.0,16899.0,17257.2,17237.981374172185,2416,1059,41646963.0,629.0,26.03,501.0,57.2,17257.2,16593.65,16533.504,Buy
Eicher Motors,2016-01-12,17353.0,17388.95,17000.0,17048.95,17147.308887507766,1609,829,27590020.0,501.0,31.14,388.95,-304.05,17048.95,16677.8375,16525.579,Hold
Eicher Motors,2016-01-13,17215.05,17228.7,16651.0,17067.4,16911.098649517684,7775,1820,131483792.0,4494.0,57.8,577.7,-147.65,17067.4,16741.525,16511.689,Hold
Eicher Motors,2016-01-14,16888.0,17054.7,16763.1,16997.9,16933.89896128423,2118,1086,35865998.0,465.0,21.95,291.6,109.9,16997.9,16789.0,16492.22,Hold
Eicher Motors,2016-01-15,16997.0,17160.7,16105.0,16297.8,16752.832758620687,2320,1385,38866572.0,744.0,32.07,1055.7,-699.2,16297.8,16792.105000000003,16458.111,Hold
Eicher Motors,2016-01-18,16299.95,16299.95,15300.0,15453.9,15704.570664807066,4302,1825,67561063.0,1659.0,38.56,999.95,-846.05,15453.9,16756.004999999997,16411.083,Hold
Eicher Motors,2016-01-19,15461.0,15898.95,14817.75,15794.0,15453.39860383944,5730,2643,88547974.0,1214.0,21.19,1081.2,333.0,15794.0,16744.1825,16373.103000000001,Hold
Eicher Motors,2016-01-20,15500.0,15729.8,15053.0,15551.5,15335.134881905133,5123,2451,78561896.0,1127.0,22.0,676.8,51.5,15551.5,16717.534999999996,16350.278,Hold
Eicher Motors,2016-01-21,15701.0,15919.7,15462.75,15556.0,15766.017728797317,6261,2040,98711037.0,2301.0,36.75,456.95,-145.0,15556.0,16685.57,16342.73,Hold
Eicher Motors,2016-01-22,15857.4,16580.0,15699.25,16464.95,16209.814115781126,6305,2364,102202878.0,1315.0,20.86,880.75,607.55,16464.95,16699.59,16354.498,Hold
Eicher Motors,2016-01-25,16666.0,16765.0,16352.1,16426.1,16564.9656612529,2155,1022,35697501.0,492.0,22.83,412.9,-239.9,16426.1,16692.140000000003,16362.034,Hold
Eicher Motors,2016-01-27,16400.0,16477.05,16121.0,16211.05,16286.08277027027,2368,795,38565444.0,688.0,29.05,356.05,-188.95,16211.05,16669.480000000003,16373.93,Hold
Eicher Motors,2016-01-28,16230.0,16282.2,15913.05,15972.6,16036.13737818296,3181,1541,51010953.0,684.0,21.5,369.15,-257.4,15972.6,16641.7425,16387.486,Hold
Eicher Motors,2016-01-29,16039.1,16663.45,15860.0,16546.75,16289.378535451377,5162,1923,84085772.0,780.0,15.11,803.45,507.65,16546.75,16626.32,16408.622,Hold
Eicher Motors,2016-02-01,16705.1,17138.0,16607.15,17057.05,16911.31086889776,6514,3035,110160279.0,968.0,14.86,530.85,351.95,17057.05,16610.909999999996,16432.247000000003,Hold
Eicher Motors,2016-02-02,17216.6,17377.95,17021.5,17197.15,17202.198888563908,3419,1558,58814318.0,592.0,17.32,356.45,-19.45,17197.15,16595.454999999998,16452.878,Hold
Eicher Motors,2016-02-03,17005.0,17217.9,16657.0,16773.6,16927.818337781166,5246,1894,88803335.0,1976.0,37.67,560.9,-231.4,16773.6,16575.659999999996,16460.171000000002,Hold
Eicher Motors,2016-02-04,16999.95,17268.65,16750.0,16940.65,17001.134704465443,5397,2086,91755124.0,1769.0,32.78,518.65,-59.3,16940.65,16545.185,16463.843,Hold
Eicher Motors,2016-02-05,17100.0,18490.05,16924.15,18128.45,17927.123002482967,31414,13638,563162642.0,4009.0,12.76,1565.9,1028.45,18128.45,16598.292500000003,16493.426,Hold
Eicher Motors,2016-02-08,18350.0,18877.15,18242.0,18374.2,18519.261832301396,9529,3895,176470046.0,1389.0,14.58,635.15,24.2,18374.2,16655.86,16530.624,Hold
Eicher Motors,2016-02-09,18299.0,18362.45,17978.0,18168.8,18175.942338617046,4353,1828,79119877.0,996.0,22.88,384.45,-130.2,18168.8,16701.44,16562.641,Hold
Eicher Motors,2016-02-10,18089.2,18235.95,17811.55,17897.9,17984.06921359464,4031,1478,72493783.0,669.0,16.6,424.4,-191.3,17897.9,16743.8875,16586.131,Hold
Eicher Motors,2016-02-11,17745.2,18021.55,17558.0,17626.95,17705.554522613063,3980,1579,70468107.0,970.0,24.37,463.55,-118.25,17626.95,16771.864999999998,16614.025,Hold
Eicher Motors,2016-02-12,17650.1,18230.35,17405.35,17993.2,17786.86197068404,7368,2887,131053599.0,1719.0,23.33,825.0,343.1,17993.2,16821.629999999997,16647.014000000003,Hold
Eicher Motors,2016-02-15,18136.1,18885.0,18136.1,18754.05,18645.264675161896,4787,2034,89254882.0,1071.0,22.37,748.9,617.95,18754.05,16944.442499999997,16689.212,Hold
Eicher Motors,2016-02-16,18860.0,18887.95,18641.0,18697.7,18745.730510913887,8338,2550,156301901.0,4083.0,48.97,246.95,-162.3,18697.7,17106.6325,16734.862,Hold
Eicher Motors,2016-02-17,18698.0,19235.45,18490.0,18800.85,18874.452280405403,7104,3160,134084109.0,1076.0,15.15,745.45,102.85,18800.85,17256.975,16786.324,Hold
Eicher Motors,2016-02-18,18888.0,18999.9,18524.6,18721.5,18712.674789672175,3447,1403,64502590.0,948.0,27.5,475.3,-166.5,18721.5,17415.475,16834.233,Hold
Eicher Motors,2016-02-19,18678.8,18885.05,18243.75,18625.4,18697.556513139305,14156,2570,264682610.0,10394.0,73.42,641.3,-53.4,18625.4,17568.945,16892.264000000003,Hold
Eicher Motors,2016-02-22,18690.35,18999.0,18669.7,18927.1,18873.75809935205,1852,912,34954200.0,543.0,29.32,329.3,236.75,18927.1,17692.0525,16950.165,Hold
Eicher Motors,2016-02-23,19005.0,19195.05,18900.6,18968.7,18992.19318181818,3168,1327,60167268.0,806.0,25.44,294.45,-36.3,18968.7,17819.1825,17018.303,Hold
Eicher Motors,2016-02-24,18900.0,19441.15,18765.0,19100.6,19110.651370851367,3465,1514,66218407.0,583.0,16.83,676.15,200.6,19100.6,17963.66,17093.011,Hold
Eicher Motors,2016-02-25,19084.85,19146.3,18630.1,18875.65,18890.34685759745,2514,1208,47490332.0,952.0,37.87,516.2,-209.2,18875.65,18108.8125,17154.650999999998,Hold
Eicher Motors,2016-02-26,19019.0,19149.0,18794.95,18857.3,18889.942813572245,2623,1022,49548320.0,573.0,21.85,354.05,-161.7,18857.3,18224.340000000004,17210.829,Hold
Eicher Motors,2016-02-29,18888.0,19400.0,18500.0,18894.8,19010.34892718959,5686,2389,108092844.0,957.0,16.83,900.0,6.8,18894.8,18316.2275,17264.011,Hold
Eicher Motors,2016-03-01,18988.0,19363.0,18884.0,19183.0,19202.5840152236,5255,2339,100909579.0,1108.0,21.08,479.0,195.0,19183.0,18415.52,17324.153,Hold
Eicher Motors,2016-03-02,19400.1,19989.0,19200.0,19274.65,19309.568906326633,4078,1875,78744422.0,980.0,24.03,789.0,-125.45,19274.65,18540.572500000002,17389.037,Hold
Eicher Motors,2016-03-03,19300.1,19400.0,19260.1,19323.25,19321.06382022472,2225,777,42989367.0,964.0,43.33,139.9,23.15,19323.25,18659.7025,17453.813000000002,Hold
Eicher Motors,2016-03-04,19270.0,19388.85,19130.0,19245.8,19255.023098591548,1775,770,34177666.0,466.0,26.25,258.85,-24.2,19245.8,18715.57,17514.823,Hold
Eicher Motors,2016-03-08,19174.1,19950.0,19151.0,19860.95,19606.028907563024,5950,2456,116655872.0,1768.0,29.71,799.0,686.85,19860.95,18789.907499999998,17588.351000000002,Hold
Eicher Motors,2016-03-09,19735.0,20274.4,19735.0,19934.15,19870.545540026495,23397,2004,464911154.0,19989.0,85.43,539.4,199.15,19934.15,18878.175,17655.532,Hold
Eicher Motors,2016-03-10,19930.0,19999.9,19700.0,19790.05,19875.64131916053,3669,818,72923728.0,2265.0,61.73,299.9,-139.95,19790.05,18972.782499999998,17718.048,Hold
Eicher Motors,2016-03-11,19799.0,20113.5,19761.0,19996.85,19996.959475106138,2591,1089,51812122.0,760.0,29.33,352.5,197.85,19996.85,19091.277500000004,17787.438000000002,Hold
Eicher Motors,2016-03-14,20080.0,20263.3,19801.0,19827.6,19953.00243582537,5337,1607,106489174.0,3373.0,63.2,462.3,-252.4,19827.6,19182.9975,17846.886000000002,Hold
Eicher Motors,2016-03-15,19830.05,19830.05,19493.4,19551.85,19626.054650047936,2086,771,40939950.0,849.0,40.7,336.65,-278.2,19551.85,19222.8875,17890.618000000002,Hold
Eicher Motors,2016-03-16,19589.8,19589.8,18640.0,18702.65,18874.381184350736,6569,2590,123985810.0,2071.0,31.53,949.8,-887.15,18702.65,19223.135000000002,17914.546000000002,Hold
Eicher Motors,2016-03-17,18800.0,18800.0,17990.3,18017.7,18262.278956788545,7822,2977,142847546.0,1805.0,23.08,809.7,-782.3,18017.7,19183.9775,17931.51,Hold
Eicher Motors,2016-03-18,18118.0,18488.0,17906.8,18403.1,18225.479957323576,6561,2761,119577374.0,1141.0,17.39,581.2,285.1,18403.1,19168.057500000003,17948.569000000003,Hold
Eicher Motors,2016-03-21,18475.25,18584.65,18179.9,18372.45,18374.137701804368,5265,2276,96739835.0,1582.0,30.05,404.75,-102.8,18372.45,19155.41,17974.692,Hold
Eicher Motors,2016-03-22,18499.85,18499.85,18001.0,18227.45,18250.12025316456,3792,1482,69204456.0,1356.0,35.76,498.85,-272.4,18227.45,19120.427499999998,17994.784,Hold
Eicher Motors,2016-03-23,18318.0,18704.15,18018.0,18541.1,18407.346783764537,4213,1813,77550152.0,1210.0,28.72,686.15,223.1,18541.1,19099.0475,18020.462000000003,Hold
Eicher Motors,2016-03-28,18581.25,18649.9,18325.1,18408.4,18479.85389901404,3347,1267,61852071.0,1149.0,34.33,324.8,-172.85,18408.4,19064.4375,18047.650999999998,Hold
Eicher Motors,2016-03-29,18599.95,18748.95,18200.0,18627.85,18570.968297349,7318,1416,135902346.0,4373.0,59.76,548.95,27.9,18627.85,19052.0475,18078.86,Hold
Eicher Motors,2016-03-30,18879.85,18879.85,18568.55,18708.85,18697.149911295088,3382,1442,63233761.0,1102.0,32.58,311.3,-171.0,18708.85,19044.625,18113.079,Hold
Eicher Motors,2016-03-31,18621.05,19367.55,18579.0,19139.85,18935.82894736842,4180,1549,79151765.0,1488.0,35.6,788.55,518.8,19139.85,19056.8775,18169.92,Hold
Eicher Motors,2016-04-01,19149.7,19449.9,18950.0,19238.5,19238.383719548423,8415,4166,161890999.0,894.0,10.62,499.9,88.8,19238.5,19059.6525,18245.612,Hold
Eicher Motors,2016-04-04,19315.1,19561.0,19290.05,19489.1,19428.40601313795,3958,1568,76897631.0,1133.0,28.63,270.95,174.0,19489.1,19070.375,18319.514,Hold
Eicher Motors,2016-04-05,19400.0,19405.1,18690.0,18746.6,19030.27031408308,4935,2216,93914384.0,1344.0,27.23,715.1,-653.4,18746.6,19041.542500000003,18383.415999999997,Hold
Eicher Motors,2016-04-06,18725.0,19250.0,18664.5,19173.2,19022.69378457533,3073,1305,58456738.0,670.0,21.8,585.5,448.2,19173.2,19037.9125,18455.76,Hold
Eicher Motors,2016-04-07,19270.0,19270.0,18709.55,18869.65,18989.98831092928,1711,839,32491870.0,319.0,18.64,560.45,-400.35,18869.65,18988.3475,18503.854,Hold
Eicher Motors,2016-04-08,18868.0,19300.0,18825.0,19178.2,19055.701857282504,3069,1119,58481949.0,1045.0,34.05,475.0,310.2,19178.2,18950.55,18558.896,Hold
Eicher Motors,2016-04-11,19199.0,19400.0,19011.0,19360.9,19237.56,3100,1380,59636436.0,618.0,19.94,389.0,161.9,19360.9,18929.0925,18621.893,Hold
Eicher Motors,2016-04-12,18750.0,19590.0,18750.0,19528.85,19481.4901659496,3254,1582,63392769.0,576.0,17.7,840.0,778.85,19528.85,18905.6925,18693.018,Hold
Eicher Motors,2016-04-13,19619.0,19959.95,19619.0,19896.85,19885.10077751196,3344,1568,66495777.0,1049.0,31.37,340.95,277.85,19896.85,18909.155,18760.02,Hold
Eicher Motors,2016-04-18,19896.0,20597.0,19896.0,20252.9,20184.72087985336,6001,1487,121128510.0,3824.0,63.72,701.0,356.9,20252.9,18944.2075,18823.936999999998,Hold
Eicher Motors,2016-04-20,20255.0,20570.0,20250.0,20499.3,20426.8203477141,3106,1547,63445704.0,770.0,24.79,320.0,244.3,20499.3,19034.04,18889.98,Hold
Eicher Motors,2016-04-21,20520.0,20705.75,20131.15,20312.7,20542.467367498903,2283,1072,46898453.0,490.0,21.46,574.6,-207.3,20312.7,19148.79,18960.762,Hold
Eicher Motors,2016-04-22,20230.0,20364.0,20100.0,20164.65,20285.95910861099,4622,673,93761703.0,3470.0,75.08,264.0,-65.35,20164.65,19236.8675,19025.242,Hold
Eicher Motors,2016-04-25,20100.65,20160.0,19919.95,19939.45,19990.422746781114,1398,595,27946611.0,559.0,39.99,240.05,-161.2,19939.45,19315.2175,19061.462,Hold
Eicher Motors,2016-04-26,19950.0,20330.35,19854.75,20167.4,20080.1124668435,1885,902,37851012.0,311.0,16.5,475.6,217.4,20167.4,19412.215,19097.326,Hold
Eicher Motors,2016-04-27,20200.0,20200.0,20060.35,20127.2,20120.138849929877,1426,513,28691318.0,549.0,38.5,139.65,-72.8,20127.2,19491.52,19136.494,Hold
Eicher Motors,2016-04-28,20280.0,20314.95,20084.3,20250.8,20192.991585473872,2258,940,45595775.0,1019.0,45.13,230.65,-29.2,20250.8,19583.64,19183.552,Hold
Eicher Motors,2016-04-29,20250.0,20307.9,19932.9,20032.65,20073.96867551924,2937,1034,58957246.0,1031.0,35.1,375.0,-217.35,20032.65,19653.879999999997,19231.666,Hold
Eicher Motors,2016-05-02,19979.0,20150.0,19821.1,19874.75,19958.281954887218,2926,1272,58397933.0,717.0,24.5,328.9,-104.25,19874.75,19712.175,19269.297,Hold
Eicher Motors,2016-05-03,20000.0,20286.0,19818.0,19969.4,20037.138289036546,2408,868,48249429.0,747.0,31.02,468.0,-30.6,19969.4,19753.6525,19293.604000000003,Hold
Eicher Motors,2016-05-04,19965.0,20100.9,19619.4,19746.5,19803.074211502782,2156,1026,42695428.0,596.0,27.64,481.5,-218.5,19746.5,19779.052499999998,19314.58,Hold
Eicher Motors,2016-05-05,19888.0,19999.0,19208.0,19687.45,19722.238535830136,27128,8412,535024887.0,5372.0,19.8,791.0,-200.55,19687.45,19788.97,19332.311999999998,Hold
Eicher Motors,2016-05-06,19799.9,20337.75,19631.0,20216.8,20085.880706431188,9003,3497,180833184.0,1225.0,13.61,706.75,416.9,20216.8,19862.48,19362.218,Hold
Eicher Motors,2016-05-09,20300.05,20500.0,20300.0,20475.45,20420.55218068536,2568,961,52439978.0,874.0,34.03,200.0,175.4,20475.45,19927.592500000002,19399.218999999997,Hold
Eicher Motors,2016-05-10,20450.0,20466.95,20099.95,20255.9,20236.603971962617,1712,901,34645066.0,333.0,19.45,367.0,-194.1,20255.9,19996.905000000002,19425.795,Hold
Eicher Motors,2016-05-11,20199.95,20199.95,19884.05,19981.45,20031.962254655256,1987,917,39803509.0,268.0,13.49,315.9,-218.5,19981.45,20037.067499999997,19446.05,Hold
Eicher Motors,2016-05-12,20099.85,20245.0,19715.0,19749.55,19997.908952574184,3943,1625,78851755.0,953.0,24.17,530.0,-350.3,19749.55,20056.500000000004,19459.029000000002,Hold
Eicher Motors,2016-05-13,18900.0,19624.15,18826.0,18995.75,19057.365668295744,44606,10495,850072853.0,5344.0,11.98,798.15,95.75,18995.75,20029.845,19461.431,Hold
Eicher Motors,2016-05-16,19050.0,19211.0,18870.0,19067.15,19017.612851081023,4949,2116,94118166.0,1130.0,22.83,341.0,17.15,19067.15,19988.36,19465.628,Hold
Eicher Motors,2016-05-17,19105.1,19105.1,18585.0,18611.35,18832.348668796592,4695,1833,88417877.0,1607.0,34.23,520.1,-493.75,18611.35,19906.2825,19459.959000000003,Hold
Eicher Motors,2016-05-18,18550.0,18807.2,18349.2,18720.15,18509.58943507914,15542,1924,287676039.0,11686.0,75.19,458.0,170.15,18720.15,19817.325,19450.702,Hold
Eicher Motors,2016-05-19,18607.6,18697.9,18101.5,18223.2,18386.60434891277,4001,1732,73564804.0,1712.0,42.79,596.4,-384.4,18223.2,19712.85,19429.673,Hold
Eicher Motors,2016-05-20,18230.0,18350.0,18121.4,18286.95,18269.91810595769,5153,2083,94144888.0,2658.0,51.58,228.6,56.95,18286.95,19618.965000000004,19408.947,Hold
Eicher Motors,2016-05-23,18389.4,18435.25,18200.0,18257.1,18328.983992467045,3186,992,58396143.0,1475.0,46.3,235.25,-132.3,18257.1,19534.8475,19389.173,Hold
Eicher Motors,2016-05-24,18270.0,18284.9,18025.1,18175.65,18165.970293609673,2895,1001,52590484.0,1254.0,43.32,259.8,-94.35,18175.65,19435.260000000002,19355.467,Hold
Eicher Motors,2016-05-25,18280.05,18549.0,18275.0,18525.4,18423.234561991383,4178,1509,76972274.0,1468.0,35.14,274.0,245.35,18525.4,19355.17,19327.292,Hold
Eicher Motors,2016-05-26,18520.0,18662.65,18325.55,18421.1,18531.323057953145,4055,1707,75144515.0,1565.0,38.59,337.1,-98.9,18421.1,19263.685,19299.912999999997,Sell
Eicher Motors,2016-05-27,18421.1,18794.95,18421.1,18751.3,18634.140028288544,2828,1040,52697348.0,772.0,27.3,373.85,330.2,18751.3,19199.6175,19275.002,Hold
Eicher Motors,2016-05-30,18800.0,18800.0,18600.0,18720.95,18709.571029082774,1788,802,33452713.0,563.0,31.49,200.0,-79.05,18720.95,19141.927499999998,19252.869,Hold
Eicher Motors,2016-05-31,18852.0,18950.0,18410.0,18524.2,18609.92153170119,3186,1368,59291210.0,972.0,30.51,540.0,-327.8,18524.2,19069.667500000003,19232.316000000003,Hold
Eicher Motors,2016-06-01,18437.55,18814.9,18437.5,18692.15,18704.85933014354,5225,2175,97732890.0,757.0,14.49,377.4,254.6,18692.15,19016.95,19232.106,Hold
Eicher Motors,2016-06-02,18734.3,18900.0,18687.2,18767.3,18812.72679738562,2295,1067,43175208.0,673.0,29.32,212.8,33.0,18767.3,18970.942499999997,19247.098,Hold
Eicher Motors,2016-06-03,18767.3,18898.0,18623.25,18781.5,18795.256103896103,1925,768,36180868.0,766.0,39.79,274.75,14.2,18781.5,18899.177499999998,19254.665999999997,Hold
Eicher Motors,2016-06-06,18795.0,19065.0,18760.0,18955.35,18970.727091633464,2510,1054,47616525.0,935.0,37.25,305.0,160.35,18955.35,18823.1725,19266.324,Hold
Eicher Motors,2016-06-07,19100.0,19190.6,18725.1,18805.7,18899.242371905584,1737,728,32827984.0,494.0,28.44,465.5,-294.3,18805.7,18750.6625,19277.889000000003,Hold
Eicher Motors,2016-06-08,18858.4,18907.0,18690.05,18799.65,18795.228771929826,1425,620,26783201.0,546.0,38.32,216.95,-58.75,18799.65,18691.572500000002,19283.06,Hold
Eicher Motors,2016-06-09,18859.95,18886.95,18565.0,18608.65,18712.521806853583,1284,578,24026878.0,407.0,31.7,321.95,-251.3,18608.65,18634.5275,19287.065,Hold
Eicher Motors,2016-06-10,18550.0,18725.55,18443.4,18620.65,18589.639715123583,2387,914,44373470.0,500.0,20.95,282.15,70.65,18620.65,18615.7725,19286.921,Hold
Eicher Motors,2016-06-13,18575.0,18575.0,18279.9,18416.85,18400.818364073777,2494,1090,45891641.0,775.0,31.07,295.1,-158.15,18416.85,18583.2575,19281.081,Hold
Eicher Motors,2016-06-14,18450.0,18844.6,18350.0,18761.3,18571.588941053727,1917,787,35601736.0,559.0,29.16,494.6,311.3,18761.3,18590.754999999997,19273.51,Hold
Eicher Motors,2016-06-15,18750.0,18750.0,18561.7,18634.65,18633.740813008128,3075,791,57298753.0,1892.0,61.53,188.3,-115.35,18634.65,18586.480000000003,19261.433,Hold
Eicher Motors,2016-06-16,18600.0,18885.0,18525.0,18783.4,18750.398870636553,1948,858,36525777.0,500.0,25.67,360.0,183.4,18783.4,18614.489999999998,19247.319000000003,Hold
Eicher Motors,2016-06-17,18850.0,18879.65,18685.0,18744.85,18739.163250883394,1415,663,26515916.0,428.0,30.25,194.65,-105.15,18744.85,18637.385000000002,19247.284,Hold
Eicher Motors,2016-06-20,18799.7,18800.0,18612.15,18654.95,18672.961054766733,2465,981,46028849.0,1087.0,44.1,187.85,-144.75,18654.95,18657.277500000004,19236.918999999998,Hold
Eicher Motors,2016-06-21,18663.55,18850.0,18634.0,18730.5,18753.306964164974,1479,506,27736141.0,330.0,22.31,216.0,66.95,18730.5,18685.02,19234.136000000002,Hold
Eicher Motors,2016-06-22,18675.05,18809.6,18667.35,18771.5,18735.141758769823,2081,909,38987830.0,629.0,30.23,142.25,96.45,18771.5,18697.325,19226.002,Hold
Eicher Motors,2016-06-23,18757.5,18790.0,18610.0,18660.25,18680.26653696498,2056,627,38406628.0,942.0,45.82,180.0,-97.25,18660.25,18709.2825,19211.988999999998,Hold
Eicher Motors,2016-06-24,18500.0,18696.15,18006.0,18623.8,18244.063243581717,3194,1280,58271538.0,737.0,23.07,690.15,123.8,18623.8,18702.9075,19193.888,Hold
Eicher Motors,2016-06-27,18664.0,18733.45,18451.05,18701.4,18672.783008658007,1848,825,34507303.0,611.0,33.06,282.4,37.4,18701.4,18701.93,19169.979000000003,Hold
Eicher Motors,2016-06-28,18757.1,19248.0,18757.05,19188.5,19055.58964741185,3999,1677,76203303.0,1423.0,35.58,490.95,431.4,19188.5,18735.144999999997,19148.691000000003,Hold
Eicher Motors,2016-06-29,19277.75,19330.0,19044.75,19110.45,19170.714189643575,1487,712,28506852.0,265.0,17.82,285.25,-167.3,19110.45,18756.06,19120.914,Hold
Eicher Motors,2016-06-30,19228.35,19311.0,19100.0,19223.7,19235.734055354995,1662,776,31969790.0,575.0,34.6,211.0,-4.65,19223.7,18778.88,19099.134,Hold
Eicher Motors,2016-07-01,19299.0,19462.15,19020.05,19156.55,19298.93429697766,3805,1506,73432445.0,623.0,16.37,442.1,-142.45,19156.55,18797.6325,19078.971999999998,Hold
Eicher Motors,2016-07-04,19362.75,19627.95,19251.05,19463.6,19470.332107843136,3264,1096,63551164.0,596.0,18.26,376.9,100.85,19463.6,18823.045000000002,19069.455,Hold
Eicher Motors,2016-07-05,19744.85,19744.85,19337.25,19419.3,19396.651819322455,1594,459,30918263.0,540.0,33.88,407.6,-325.55,19419.3,18853.725,19054.493000000002,Hold
Eicher Motors,2016-07-07,19600.0,19629.2,19309.2,19576.95,19503.03324808184,2737,844,53379802.0,813.0,29.7,320.0,-23.05,19576.95,18892.590000000004,19043.488,Hold
Eicher Motors,2016-07-08,19520.0,19580.0,19397.0,19451.8,19451.59830268741,1414,403,27504560.0,485.0,34.3,183.0,-68.2,19451.8,18934.7475,19027.508,Hold
Eicher Motors,2016-07-11,19637.45,19649.85,19481.75,19550.0,19557.495882891126,1093,448,21376343.0,285.0,26.08,168.1,-87.45,19550.0,18981.215000000004,19017.855,Hold
Eicher Motors,2016-07-12,19550.25,19751.25,19536.4,19668.6,19615.09513546798,3248,868,63709829.0,1213.0,37.35,214.85,118.35,19668.6,19043.802499999998,19013.732,Buy
Eicher Motors,2016-07-13,19688.8,19688.8,19414.05,19526.3,19519.223184941737,3347,941,65330840.0,955.0,28.53,274.75,-162.5,19526.3,19082.052499999998,19004.87,Hold
Eicher Motors,2016-07-14,19552.0,19596.75,19470.0,19509.5,19516.388578522656,1611,505,31440902.0,450.0,27.93,126.75,-42.5,19509.5,19125.795,19000.13,Hold
Eicher Motors,2016-07-15,19594.65,19850.0,19539.0,19774.2,19625.877123574584,17188,1099,337329576.0,14366.0,83.58,311.0,179.55,19774.2,19175.335,19001.865,Hold
Eicher Motors,2016-07-18,19777.0,19999.0,19777.0,19900.8,19938.74176448315,2641,1009,52658217.0,828.0,31.35,222.0,123.8,19900.8,19233.1325,18995.545,Hold
Eicher Motors,2016-07-19,19919.0,19966.1,19525.05,19696.0,19705.138221153848,1664,770,32789350.0,706.0,42.43,441.05,-223.0,19696.0,19285.184999999998,18979.956000000002,Hold
Eicher Motors,2016-07-20,19800.0,19901.9,19703.35,19857.75,19821.06121372032,1895,448,37560911.0,749.0,39.53,198.55,57.75,19857.75,19341.547499999997,18971.993000000002,Hold
Eicher Motors,2016-07-21,19857.0,19900.0,19635.75,19684.9,19762.016,1500,596,29643024.0,349.0,23.27,264.25,-172.1,19684.9,19387.2175,18966.061999999998,Hold
Eicher Motors,2016-07-22,19788.0,19880.0,19630.5,19832.1,19766.28256794752,2134,1115,42181247.0,866.0,40.58,249.5,44.1,19832.1,19445.809999999998,18967.713,Hold
Eicher Motors,2016-07-25,19900.0,19992.0,19768.55,19938.35,19914.64139941691,3087,560,61476498.0,2081.0,67.41,223.45,38.35,19938.35,19511.5375,18986.565,Hold
Eicher Motors,2016-07-26,19939.0,20150.0,19856.2,20122.2,20042.542843909217,2159,677,43271850.0,1312.0,60.77,293.8,183.2,20122.2,19582.5775,19007.665999999997,Hold
Eicher Motors,2016-07-27,20120.0,20448.0,20100.0,20335.35,20233.973819009676,3514,1164,71102184.0,1804.0,51.34,348.0,215.35,20335.35,19639.920000000002,19042.145999999997,Hold
Eicher Motors,2016-07-28,20640.0,21199.0,20500.0,21075.2,20855.47608580974,11374,4216,237210185.0,2237.0,19.67,699.0,435.2,21075.2,19738.1575,19089.247,Hold
Eicher Motors,2016-07-29,21555.0,22567.0,21526.05,22465.8,22102.05065030225,21836,7668,482620378.0,4463.0,20.44,1040.95,910.8,22465.8,19900.2625,19174.099,Hold
Eicher Motors,2016-08-01,22555.0,22945.0,22198.15,22297.75,22527.00776699029,9270,2937,208825362.0,1899.0,20.49,746.85,-257.25,22297.75,20057.322500000002,19254.315,Hold
Eicher Motors,2016-08-02,22495.0,22850.0,21803.2,21839.75,22188.69924390927,3571,1088,79235845.0,790.0,22.12,1046.8,-655.25,21839.75,20176.129999999997,19325.967999999997,Hold
Eicher Motors,2016-08-03,21987.0,22129.3,21250.0,21382.15,21713.429723502304,4340,1122,94236285.0,1144.0,26.36,879.3,-604.85,21382.15,20274.2725,19390.098,Hold
Eicher Motors,2016-08-04,21700.0,21700.0,20980.55,21423.85,21324.66782106782,3465,1099,73889974.0,722.0,20.84,719.45,-276.15,21423.85,20366.6175,19448.067,Hold
Eicher Motors,2016-08-05,21506.0,22413.3,21502.0,22258.3,22037.78535624776,5586,1731,123103069.0,939.0,16.81,911.3,752.3,22258.3,20506.942499999997,19524.811,Hold
Eicher Motors,2016-08-08,22399.95,22498.8,22089.95,22440.65,22318.73121019108,2355,886,52560612.0,608.0,25.82,408.85,40.7,22440.65,20651.475,19598.598,Hold
Eicher Motors,2016-08-09,22340.05,22340.05,21797.9,22064.3,22110.77125506073,1976,786,43690884.0,331.0,16.75,542.15,-275.75,22064.3,20771.260000000002,19665.465,Hold
Eicher Motors,2016-08-10,22065.0,22065.95,21596.0,21724.2,21829.832318760375,1807,682,39446507.0,275.0,15.22,469.95,-340.8,21724.2,20881.155000000002,19729.465,Hold
Eicher Motors,2016-08-11,21700.05,22450.0,21542.85,22281.7,22086.09423347398,3555,1244,78516065.0,549.0,15.44,907.15,581.65,22281.7,21019.765,19801.255999999998,Hold
Eicher Motors,2016-08-12,22280.0,22550.0,22011.6,22263.3,22346.016298811544,2945,922,65809018.0,1073.0,36.43,538.4,-16.7,22263.3,21144.22,19871.176,Hold
Eicher Motors,2016-08-16,22409.55,22639.95,22151.0,22450.5,22394.79725609756,1968,904,44072961.0,396.0,20.12,488.95,40.95,22450.5,21271.705,19944.556,Hold
Eicher Motors,2016-08-17,22450.0,22500.0,22150.0,22275.2,22333.774768824303,1514,562,33813335.0,597.0,39.43,350.0,-174.8,22275.2,21400.665,20010.953,Hold
Eicher Motors,2016-08-18,22426.0,22450.25,22100.0,22190.05,22310.72682323857,809,362,18049378.0,227.0,28.06,350.25,-235.95,22190.05,21517.280000000002,20078.64,Hold
Eicher Motors,2016-08-19,22200.0,22370.0,21682.5,21759.35,21977.0283446712,2646,861,58151217.0,913.0,34.5,687.5,-440.65,21759.35,21621.0025,20137.834,Hold
Eicher Motors,2016-08-22,21760.0,21925.0,21572.0,21798.25,21669.00552727273,6875,831,148974413.0,5497.0,79.96,353.0,38.25,21798.25,21719.31,20201.626,Hold
Eicher Motors,2016-08-23,21725.0,22059.0,21639.75,22003.05,21925.368555758683,10940,635,239863532.0,9910.0,90.59,419.25,278.05,22003.05,21822.545,20269.274,Hold
Eicher Motors,2016-08-24,22054.1,22224.85,21950.0,22121.8,22100.460402684563,2235,782,49394529.0,972.0,43.49,274.85,67.7,22121.8,21922.525,20343.373,Hold
Eicher Motors,2016-08-25,22194.6,22350.0,22005.35,22116.35,22257.595080046856,2561,971,57001701.0,1185.0,46.27,344.65,-78.25,22116.35,22011.575,20410.474,Hold
Eicher Motors,2016-08-26,22222.0,22348.95,22128.45,22327.4,22289.542234332424,1468,511,32721048.0,386.0,26.29,220.5,105.4,22327.4,22074.184999999998,20484.328999999998,Hold
Eicher Motors,2016-08-29,22250.0,22451.35,22145.0,22310.6,22252.484523057483,1583,507,35225683.0,576.0,36.39,306.35,60.6,22310.6,22066.425,20554.873,Hold
Eicher Motors,2016-08-30,22330.0,23100.0,22300.0,23043.55,22864.468409586058,5049,1802,115442701.0,1510.0,29.91,800.0,713.55,23043.55,22103.715,20640.846999999998,Hold
Eicher Motors,2016-08-31,23100.0,23390.95,22600.0,22732.7,23000.075180874486,6358,2074,146234478.0,1587.0,24.96,790.95,-367.3,22732.7,22148.3625,20722.402,Hold
Eicher Motors,2016-09-01,22816.9,22970.0,22650.0,22786.4,22792.804362644853,2934,1147,66874088.0,491.0,16.73,320.0,-30.5,22786.4,22218.575,20803.52,Hold
Eicher Motors,2016-09-02,22800.0,23028.65,22735.2,22801.35,22878.705072463767,1380,498,31572613.0,423.0,30.65,293.45,1.35,22801.35,22287.45,20884.117,Hold
Eicher Motors,2016-09-06,22943.05,23062.95,22899.25,22971.0,22979.60271756713,3091,1218,71029952.0,755.0,24.43,163.7,27.95,22971.0,22323.085,20970.332,Hold
Eicher Motors,2016-09-07,23050.0,23090.0,22825.05,22973.9,22946.842011570985,2247,750,51561554.0,532.0,23.68,264.95,-76.1,22973.9,22349.747499999998,21057.334,Hold
Eicher Motors,2016-09-08,23000.0,23445.0,22858.1,23349.85,23139.68654801988,6237,1347,144322225.0,2835.0,45.45,586.9,349.85,23349.85,22414.025,21150.303,Hold
Eicher Motors,2016-09-09,23400.0,23557.8,22900.05,22949.75,23169.59382113821,3075,946,71246501.0,685.0,22.28,657.75,-450.25,22949.75,22475.302499999998,21225.528,Hold
Eicher Motors,2016-09-12,22799.9,22817.95,22407.0,22744.65,22691.157284203346,2931,983,66507782.0,494.0,16.85,410.95,-55.25,22744.65,22498.45,21298.212000000003,Hold
Eicher Motors,2016-09-14,22744.65,22899.95,22358.05,22596.2,22510.878851836216,2369,863,53328272.0,546.0,23.05,541.9,-148.45,22596.2,22515.094999999998,21365.662,Hold
Eicher Motors,2016-09-15,22689.7,22689.7,22296.55,22491.3,22422.89885583524,4370,1435,97988068.0,668.0,15.29,393.15,-198.4,22491.3,22517.135,21432.357000000004,Hold
Eicher Motors,2016-09-16,22550.0,23199.9,22550.0,23056.35,22916.41873915558,5187,1305,118867464.0,1055.0,20.34,649.9,506.35,23056.35,22556.1925,21504.211999999996,Hold
Eicher Motors,2016-09-19,23110.0,23300.75,23011.5,23082.15,23149.557077625566,1533,577,35488271.0,542.0,35.36,289.25,-27.85,23082.15,22600.797499999997,21577.469000000005,Hold
Eicher Motors,2016-09-20,23223.0,23470.0,23132.6,23343.8,23292.61559679037,3988,1313,92890951.0,833.0,20.89,337.4,120.8,23343.8,22680.02,21652.805999999997,Hold
Eicher Motors,2016-09-21,23343.8,24199.9,23340.0,24118.75,23878.571234207968,5145,2074,122855249.0,1002.0,19.48,859.9,774.95,24118.75,22796.045000000002,21746.145,Hold
Eicher Motors,2016-09-22,24400.0,24886.9,24288.0,24777.65,24584.190332326285,4303,1688,105785771.0,1043.0,24.24,598.9,377.65,24777.65,22934.775,21850.698000000004,Hold
Eicher Motors,2016-09-23,24725.0,25000.0,24550.0,24863.55,24824.84724594364,9368,1466,232559169.0,6910.0,73.76,450.0,138.55,24863.55,23071.8625,21954.597,Hold
Eicher Motors,2016-09-26,24750.0,24978.0,24560.0,24660.35,24740.962526766594,1868,801,46216118.0,525.0,28.1,418.0,-89.65,24660.35,23199.0625,22057.278,Hold
Eicher Motors,2016-09-27,24674.0,24805.45,24492.05,24614.55,24675.14933333333,1875,684,46265905.0,733.0,39.09,313.4,-59.45,24614.55,23313.420000000002,22159.379,Hold
Eicher Motors,2016-09-28,24624.0,26000.0,24624.0,25741.8,25232.03688977248,4527,1518,114225431.0,882.0,19.48,1376.0,1117.8,25741.8,23484.98,22278.731,Hold
Eicher Motors,2016-09-29,26000.0,26601.95,24480.0,24859.75,25575.641979010492,6670,2676,170589532.0,1522.0,22.82,2121.95,-1140.25,24859.75,23575.79,22377.91,Hold
Eicher Motors,2016-09-30,25280.0,25534.65,24761.0,24917.4,25072.62694640223,6101,2177,152968097.0,657.0,10.77,773.65,-362.6,24917.4,23685.025,22482.338,Hold
Eicher Motors,2016-10-03,25125.0,25900.0,25125.0,25773.15,25530.78687008784,4326,1884,110446184.0,531.0,12.27,775.0,648.15,25773.15,23834.3625,22600.646,Hold
Eicher Motors,2016-10-04,25950.0,26080.95,25582.05,25825.45,25840.980513728962,3387,1217,87523401.0,636.0,18.78,498.9,-124.55,25825.45,23985.567499999997,22723.457000000002,Hold
Eicher Motors,2016-10-05,25925.0,26332.95,25633.5,26260.65,26046.556858467407,3667,1320,95512724.0,703.0,19.17,699.45,335.65,26260.65,24150.05,22852.028,Hold
Eicher Motors,2016-10-06,26400.0,26513.95,26000.0,26217.2,26313.991820040897,3423,1406,90072794.0,975.0,28.48,513.95,-182.8,26217.2,24312.215000000004,22977.605,Hold
Eicher Motors,2016-10-07,26216.0,26270.0,25742.4,25804.25,25927.047954393023,2982,890,77314457.0,992.0,33.27,527.6,-411.75,25804.25,24434.935,23091.245999999996,Hold
Eicher Motors,2016-10-10,25820.0,26100.0,25750.0,25835.1,25859.354567728384,2857,826,73880176.0,1044.0,36.54,350.0,15.1,25835.1,24579.2025,23201.241,Hold
Eicher Motors,2016-10-13,25749.0,25938.0,25600.0,25804.85,25720.46240601504,2394,803,61574787.0,527.0,22.01,338.0,55.85,25804.85,24732.2125,23295.834000000003,Hold
Eicher Motors,2016-10-14,25925.0,26000.0,25321.05,25397.05,25486.84588593818,2297,865,58543285.0,803.0,34.96,678.95,-527.95,25397.05,24872.255,23354.459,Hold
Eicher Motors,2016-10-17,25500.0,25500.0,24583.55,24645.45,24820.946986607145,3584,1349,88958274.0,963.0,26.87,916.45,-854.55,24645.45,24979.9625,23401.413000000004,Hold
Eicher Motors,2016-10-18,24729.05,25208.65,24710.0,25083.4,24978.083264291632,2414,1002,60297093.0,549.0,22.74,498.65,354.35,25083.4,25081.315,23466.286,Hold
Eicher Motors,2016-10-19,25167.9,25290.0,24900.0,25007.25,25072.415151515153,2310,840,57917279.0,477.0,20.65,390.0,-160.65,25007.25,25177.57,23538.787999999997,Hold
Eicher Motors,2016-10-20,25078.55,25229.6,24830.45,24965.95,24963.12162162162,2516,816,62807214.0,823.0,32.71,399.15,-112.6,24965.95,25258.677499999998,23609.63,Hold
Eicher Motors,2016-10-21,25077.25,25250.0,24820.05,25109.4,24970.20946989192,1943,676,48517117.0,658.0,33.87,429.95,32.15,25109.4,25308.21,23666.652000000002,Hold
Eicher Motors,2016-10-24,25290.0,25296.1,24805.15,24893.85,25045.198029556646,1015,397,25420876.0,229.0,22.56,490.95,-396.15,24893.85,25314.02,23715.716,Hold
Eicher Motors,2016-10-25,25500.0,25500.0,24610.0,24663.0,24701.767711962835,1722,568,42536444.0,311.0,18.06,890.0,-837.0,24663.0,25303.9925,23767.69,Hold
Eicher Motors,2016-10-26,24500.0,24812.65,24160.0,24431.3,24385.94011202068,2321,812,56599767.0,806.0,34.73,652.65,-68.7,24431.3,25292.54,23821.832000000002,Hold
Eicher Motors,2016-10-27,24400.0,24773.9,24072.0,24531.6,24296.868120805368,2980,1107,72404667.0,798.0,26.78,701.9,131.6,24531.6,25288.392499999998,23866.83,Hold
Eicher Motors,2016-10-28,24699.0,24815.75,23700.0,24025.65,24179.818007855774,9929,4361,240081413.0,1254.0,12.63,1115.75,-673.35,24025.65,25202.585,23902.077,Hold
Eicher Motors,2016-10-30,24300.0,24300.0,23940.0,24021.8,24088.890302066768,629,289,15151912.0,201.0,31.96,360.0,-278.2,24021.8,25160.6875,23933.503000000004,Hold
Eicher Motors,2016-11-01,24200.0,25500.0,24200.0,25309.3,25040.795286348628,8783,3100,219933305.0,1378.0,15.69,1300.0,1109.3,25309.3,25180.282499999998,23994.185,Hold
Eicher Motors,2016-11-02,25198.0,25198.0,24760.0,24799.9,24936.524007267064,3853,1250,96080427.0,997.0,25.88,438.0,-398.1,24799.9,25131.620000000003,24046.382,Hold
Eicher Motors,2016-11-03,24921.7,25119.65,24425.0,24568.2,24841.9306518724,2163,768,53733096.0,628.0,29.03,694.65,-353.5,24568.2,25068.7575,24102.558999999997,Hold
Eicher Motors,2016-11-04,24500.0,24757.65,23800.0,23951.95,24101.87822580645,3720,1208,89658987.0,956.0,25.7,957.65,-548.05,23951.95,24953.322500000002,24145.632999999998,Hold
Eicher Motors,2016-11-07,24340.35,24573.2,23995.0,24034.85,24219.562814070352,2587,969,62656009.0,548.0,21.18,578.2,-305.5,24034.85,24844.204999999998,24186.269,Hold
Eicher Motors,2016-11-08,24200.0,24517.95,23900.0,24237.05,24129.21647597254,2185,949,52722338.0,592.0,27.09,617.95,37.05,24237.05,24765.844999999998,24228.574,Hold
Eicher Motors,2016-11-09,23700.0,23836.0,21900.0,23409.15,23155.9574507618,10764,3706,249250726.0,2454.0,22.8,1936.0,-290.85,23409.15,24644.5475,24254.43,Hold
Eicher Motors,2016-11-10,24000.0,24000.0,22900.0,23070.35,23496.60958904109,4672,1766,109776160.0,1254.0,26.84,1100.0,-929.65,23070.35,24507.822500000002,24269.289,Hold
Eicher Motors,2016-11-11,22999.95,22999.95,21626.55,21745.4,22131.33565536205,5455,2207,120726436.0,1835.0,33.64,1373.4,-1254.55,21745.4,24325.239999999998,24257.985,Hold
Eicher Motors,2016-11-15,21848.4,21848.4,19570.9,20284.35,20669.215462296168,24162,3082,499409584.0,17456.0,72.25,2277.5,-1564.05,20284.35,24107.185,24202.801,Sell
Eicher Motors,2016-11-16,20302.45,21750.05,20004.0,21093.65,20903.050270215153,9807,4226,204996214.0,1343.0,13.69,1746.05,791.2,21093.65,23907.697500000002,24170.02,Hold
Eicher Motors,2016-11-17,21200.0,21326.0,20660.0,21026.95,20869.58738074588,4612,1596,96250537.0,1708.0,37.03,666.0,-173.05,21026.95,23708.682500000003,24134.830999999995,Hold
Eicher Motors,2016-11-18,21264.0,21911.95,20900.0,21805.2,21549.700842105263,4750,1746,102361079.0,1167.0,24.57,1011.95,541.2,21805.2,23550.644999999997,24114.908000000003,Hold
Eicher Motors,2016-11-21,21862.3,21862.3,20132.6,20357.95,20855.041889619322,6541,2480,136412829.0,1875.0,28.67,1729.7,-1504.35,20357.95,23313.072500000002,24062.647,Hold
Eicher Motors,2016-11-22,20611.0,20777.0,20200.0,20656.35,20499.904082215246,3503,1439,71811164.0,673.0,19.21,577.0,45.35,20656.35,23101.197500000002,24016.295999999995,Hold
Eicher Motors,2016-11-23,20845.55,21500.0,20653.7,20910.55,21100.48524995584,5661,2072,119449847.0,969.0,17.12,846.3,65.0,20910.55,22913.575,23967.51,Hold
Eicher Motors,2016-11-24,20849.0,20849.0,20172.25,20353.25,20400.80220588235,4080,1540,83235273.0,729.0,17.87,676.75,-495.75,20353.25,22709.6725,23915.58,Hold
Eicher Motors,2016-11-25,20599.0,20655.6,19975.4,20144.5,20172.259429622813,6522,2126,131563476.0,1564.0,23.98,680.2,-454.5,20144.5,22490.3175,23863.576999999997,Hold
Eicher Motors,2016-11-28,20250.0,20664.3,20008.25,20226.4,20301.570689097374,6182,1952,125504310.0,1518.0,24.56,656.05,-23.6,20226.4,22300.355,23816.181,Hold
Eicher Motors,2016-11-29,20429.0,21870.0,20391.0,21343.4,21106.24471937236,9942,3485,209838285.0,2167.0,21.8,1479.0,914.4,21343.4,22166.435,23793.222999999998,Hold
Eicher Motors,2016-11-30,22500.0,22500.0,21112.1,21675.4,21466.450277728003,5581,2259,119804259.0,1478.0,26.48,1387.9,-824.6,21675.4,21984.74,23765.604,Hold
Eicher Motors,2016-12-01,21590.0,22433.9,21590.0,22179.15,22193.131154092072,12512,3737,277680457.0,2436.0,19.47,843.9,589.15,22179.15,21853.7025,23747.543999999998,Hold
Eicher Motors,2016-12-02,22209.0,22940.4,22155.0,22699.05,22681.41403093901,10149,4182,230193671.0,2109.0,20.78,785.4,490.05,22699.05,21760.245000000003,23734.649000000005,Hold
Eicher Motors,2016-12-05,22898.0,23170.0,22576.05,22741.9,22831.859996195548,5257,1831,120027088.0,1256.0,23.89,593.95,-156.1,22741.9,21699.7425,23707.112,Hold
Eicher Motors,2016-12-06,23000.0,23000.0,22351.6,22463.1,22606.802973041067,3969,1222,89726401.0,668.0,16.83,648.4,-536.9,22463.1,21621.155,23660.821,Hold
Eicher Motors,2016-12-07,22647.0,23460.0,22480.7,23316.2,23117.37987650856,7126,2473,164734449.0,1600.0,22.45,979.3,669.2,23316.2,21575.1125,23629.874,Hold
Eicher Motors,2016-12-08,23499.0,23779.9,23075.05,23257.2,23347.74099694812,4915,1840,114754147.0,1076.0,21.89,704.85,-241.8,23257.2,21567.515,23601.811,Hold
Eicher Motors,2016-12-09,23423.0,23639.0,22800.0,22849.0,23040.836992177643,3963,1437,91310837.0,1623.0,40.95,839.0,-574.0,22849.0,21556.447500000002,23566.5,Hold
Eicher Motors,2016-12-12,22617.45,23049.2,22050.0,22215.15,22485.837269585252,3472,1223,78070827.0,1049.0,30.21,999.2,-402.3,22215.15,21579.935,23495.966999999997,Hold
Eicher Motors,2016-12-13,22180.1,22485.95,22019.3,22286.7,22247.427566807317,2844,1029,63271684.0,598.0,21.03,466.65,106.6,22286.7,21680.0525,23444.506,Hold
Eicher Motors,2016-12-14,22485.0,22485.05,21710.0,21806.1,21973.041217501584,3154,1248,69302972.0,595.0,18.86,775.05,-678.9,21806.1,21715.675,23382.28,Hold
Eicher Motors,2016-12-15,21561.05,22055.5,21450.0,21495.75,21661.54324894515,2844,1288,61605429.0,643.0,22.61,605.5,-65.3,21495.75,21739.114999999998,23296.731999999996,Hold
Eicher Motors,2016-12-16,21456.0,21925.0,21456.0,21757.45,21751.773510734805,3307,1175,71933115.0,1052.0,31.81,469.0,301.45,21757.45,21736.7275,23215.371999999996,Hold
Eicher Motors,2016-12-19,21741.0,21741.0,21499.85,21543.7,21561.98895705521,1630,595,35146042.0,591.0,36.26,241.15,-197.3,21543.7,21796.015000000003,23121.033000000003,Hold
Eicher Motors,2016-12-20,21665.05,21697.7,21055.85,21160.3,21501.6385715934,17334,899,372709403.0,15662.0,90.35,641.85,-504.75,21160.3,21821.2125,23019.895,Hold
Eicher Motors,2016-12-21,21250.0,21600.0,21205.2,21328.55,21408.38178472861,2174,717,46541822.0,607.0,27.92,394.8,78.55,21328.55,21842.1125,22930.381,Hold
Eicher Motors,2016-12-22,21294.75,21528.15,21160.0,21301.4,21340.231031128405,2056,894,43875515.0,566.0,27.53,368.15,6.65,21301.4,21889.52,22839.707000000002,Hold
Eicher Motors,2016-12-23,21314.0,21438.5,20800.0,20919.55,20981.63333333333,6810,1161,142884923.0,4553.0,66.86,638.5,-394.45,20919.55,21928.2725,22742.000999999997,Hold
Eicher Motors,2016-12-26,20897.0,20897.0,20210.0,20275.5,20412.79709005112,2543,1060,51909743.0,744.0,29.26,687.0,-621.5,20275.5,21930.7275,22639.57,Hold
Eicher Motors,2016-12-27,20373.45,20810.0,20306.15,20565.1,20569.255342749388,13523,1255,278158040.0,10581.0,78.24,503.85,191.65,20565.1,21891.8125,22557.963,Hold
Eicher Motors,2016-12-28,21148.8,21148.8,20725.1,20885.25,20893.97463002114,2838,1117,59297100.0,822.0,28.96,423.7,-263.55,20885.25,21852.305,22474.0,Hold
Eicher Motors,2016-12-29,20852.0,21600.05,20647.8,21477.85,21123.128396143733,4564,1711,96405958.0,690.0,15.12,952.25,625.85,21477.85,21817.24,22403.412,Hold
Eicher Motors,2016-12-30,21620.0,21882.9,21601.05,21812.1,21641.724654231697,15762,1229,341116864.0,13323.0,84.53,281.85,192.1,21812.1,21772.892499999998,22340.335,Hold
Eicher Motors,2017-01-02,22222.0,22851.0,22222.0,22510.6,22484.404688105384,5162,2103,116064497.0,972.0,18.83,629.0,288.6,22510.6,21761.3275,22288.359,Hold
Eicher Motors,2017-01-03,22617.55,22617.55,22320.0,22497.55,22501.697189483228,3309,1494,74458116.0,946.0,28.59,297.55,-120.0,22497.55,21763.049999999996,22240.433000000005,Hold
Eicher Motors,2017-01-04,22555.9,22603.95,22107.85,22177.8,22302.89982788296,2905,1134,64789924.0,720.0,24.78,496.1,-378.1,22177.8,21706.13,22190.729,Hold
Eicher Motors,2017-01-05,22359.05,22488.0,22253.0,22324.75,22328.735531392493,2851,1094,63659225.0,489.0,17.15,235.0,-34.3,22324.75,21659.5075,22148.597999999998,Hold
Eicher Motors,2017-01-06,22400.0,22900.0,22362.95,22714.6,22633.825621890548,4020,1430,90987979.0,1163.0,28.93,537.05,314.6,22714.6,21652.7875,22112.257999999998,Hold
Eicher Motors,2017-01-09,22918.05,23139.15,22847.65,22979.15,23015.571008526906,3401,1341,78275957.0,1141.0,33.55,291.5,61.1,22979.15,21690.9875,22091.327999999998,Hold
Eicher Motors,2017-01-10,23150.0,23170.0,22702.5,22986.3,22956.89148773006,2608,1118,59871573.0,802.0,30.75,467.5,-163.7,22986.3,21725.9675,22070.618,Hold
Eicher Motors,2017-01-11,23120.0,23350.0,22931.5,23174.0,23000.037801508475,66955,1262,1539967531.0,971.0,1.45,418.5,54.0,23174.0,21794.3625,22027.911999999997,Hold
Eicher Motors,2017-01-12,23250.0,23340.3,22765.4,22816.0,22908.8250501002,9980,1559,228630074.0,7222.0,72.36,574.9,-434.0,22816.0,21860.375,21988.234,Hold
Eicher Motors,2017-01-13,22956.9,22956.9,22668.3,22773.1,22797.763752393108,7835,680,178620479.0,6810.0,86.92,288.6,-183.8,22773.1,21911.157499999998,21952.332000000002,Hold
Eicher Motors,2017-01-16,22658.2,22684.9,22300.0,22327.25,22413.712495524524,2793,876,62601499.0,1117.0,39.99,384.9,-330.95,22327.25,21950.335,21919.838000000003,Buy
Eicher Motors,2017-01-17,22328.05,22525.5,22156.05,22285.4,22333.206896551725,2059,787,45984073.0,498.0,24.19,369.45,-42.65,22285.4,22006.59,21884.849,Hold
Eicher Motors,2017-01-18,22404.85,22703.95,22372.0,22441.8,22506.32906360424,2264,749,50954329.0,447.0,19.74,331.95,36.95,22441.8,22062.2525,21848.944,Hold
Eicher Motors,2017-01-19,22449.95,23101.0,22200.0,22845.15,22628.35580635581,3367,1134,76189674.0,996.0,29.58,901.0,395.2,22845.15,22139.44,21837.664,Hold
Eicher Motors,2017-01-20,22830.0,23086.3,22600.0,22744.4,22865.553411932837,2799,920,64000684.0,543.0,19.4,486.3,-85.6,22744.4,22230.6825,21831.145,Hold
Eicher Motors,2017-01-23,22800.0,22900.0,22570.0,22727.95,22717.749662618084,1482,450,33667705.0,287.0,19.37,330.0,-72.05,22727.95,22353.305,21850.796000000002,Hold
Eicher Motors,2017-01-24,22800.0,23100.0,22765.0,23006.9,22955.35222276502,2047,706,46989606.0,577.0,28.19,335.0,206.9,23006.9,22475.395,21905.246999999996,Hold
Eicher Motors,2017-01-25,23006.0,23148.0,22871.45,23011.85,23004.208988764043,1780,733,40947492.0,589.0,33.09,276.55,5.85,23011.85,22581.725,21943.611,Hold
Eicher Motors,2017-01-27,23115.05,23605.0,23115.05,23465.6,23473.922411371423,17799,3364,417812345.0,10986.0,61.72,489.95,350.55,23465.6,22681.1125,21992.384000000005,Hold
Eicher Motors,2017-01-30,23499.0,23699.95,23166.25,23301.45,23396.080129240712,3095,1116,72410868.0,916.0,29.6,533.7,-197.55,23301.45,22755.579999999998,22022.308999999997,Hold
Eicher Motors,2017-01-31,23342.0,23383.0,22406.0,23037.45,23016.35181451613,2976,1269,68496663.0,553.0,18.58,977.0,-304.55,23037.45,22781.9225,22075.898999999998,Hold
Eicher Motors,2017-02-01,23216.7,24199.0,23088.8,24007.95,23671.399488431576,8601,3156,203597707.0,1963.0,22.82,1110.2,791.25,24007.95,22857.4425,22142.931,Hold
Eicher Motors,2017-02-02,24300.0,24350.0,23600.0,23757.05,23866.139059304704,5379,2112,128375962.0,1309.0,24.34,750.0,-542.95,23757.05,22936.405,22199.861,Hold
Eicher Motors,2017-02-03,23800.0,23800.0,23342.0,23382.65,23441.23539302228,2379,1083,55766699.0,1008.0,42.37,458.0,-417.35,23382.65,22989.3,22260.449,Hold
Eicher Motors,2017-02-06,23572.55,23896.45,23549.9,23745.5,23718.84602311353,2942,720,69780845.0,1936.0,65.81,346.55,172.95,23745.5,23040.845,22332.468999999997,Hold
Eicher Motors,2017-02-07,23700.15,23850.0,23550.0,23717.9,23675.480732177264,1038,439,24575149.0,337.0,32.47,300.0,17.75,23717.9,23077.782499999998,22402.299,Hold
Eicher Motors,2017-02-08,23735.0,24020.0,23555.45,23867.9,23829.00904159132,3871,1068,92242094.0,1853.0,47.87,464.55,132.9,23867.9,23121.8625,22452.789,Hold
Eicher Motors,2017-02-09,24038.35,24090.0,23505.6,23857.0,23798.447805709417,2347,864,55854957.0,521.0,22.2,584.4,-181.35,23857.0,23156.0125,22496.421000000002,Hold
Eicher Motors,2017-02-10,23860.0,24070.0,23798.85,23982.85,23992.64503631961,2065,800,49544812.0,716.0,34.67,271.15,122.85,23982.85,23214.355,22532.495,Hold
Eicher Motors,2017-02-13,24250.0,24877.0,24100.55,24779.0,24505.372838330957,6303,2615,154457365.0,2089.0,33.14,776.45,529.0,24779.0,23314.65,22574.093999999997,Hold
Eicher Motors,2017-02-14,24858.15,25448.95,24641.0,25320.0,25233.54097605893,6516,2384,164421753.0,1824.0,27.99,807.95,461.85,25320.0,23464.2875,22625.656000000003,Hold
Eicher Motors,2017-02-15,25324.85,25532.95,24524.05,24718.8,24968.989148580968,3594,1705,89738547.0,1014.0,28.21,1008.9,-606.05,24718.8,23585.9575,22670.77,Hold
Eicher Motors,2017-02-16,24669.75,25400.0,24669.75,25262.9,25134.715955056177,2225,985,55924743.0,379.0,17.03,730.25,593.15,25262.9,23727.0125,22709.703999999998,Hold
Eicher Motors,2017-02-17,25425.0,25425.0,24776.2,25040.85,25009.38821954485,3735,1855,93410065.0,851.0,22.78,648.8,-384.15,25040.85,23836.797499999997,22745.377,Hold
Eicher Motors,2017-02-20,25040.85,25283.35,24875.0,25116.5,25107.080363912053,1319,679,33116239.0,203.0,15.39,408.35,75.65,25116.5,23955.402500000004,22790.727000000003,Hold
Eicher Motors,2017-02-21,25259.7,25365.45,25012.45,25234.45,25217.081774452163,1871,760,47181160.0,700.0,37.41,353.0,-25.25,25234.45,24080.7275,22851.113,Hold
Eicher Motors,2017-02-22,25235.0,25235.0,24948.3,25032.7,25050.99679075738,1558,680,39029453.0,274.0,17.59,286.7,-202.3,25032.7,24182.017499999998,22906.033,Hold
Eicher Motors,2017-02-23,25124.8,25300.0,24727.0,24889.6,24992.24995056357,5057,1823,126385808.0,345.0,6.82,573.0,-235.2,24889.6,24275.905,22967.703,Hold
Eicher Motors,2017-02-27,24885.0,24994.0,24179.4,24333.65,24483.5440293529,2998,1313,73401665.0,986.0,32.89,814.6,-551.35,24333.65,24319.307500000003,23024.461,Hold
Eicher Motors,2017-02-28,24430.0,24507.0,24060.0,24169.05,24203.380510440835,2586,1220,62589942.0,451.0,17.44,447.0,-260.95,24169.05,24362.6875,23072.693000000003,Hold
Eicher Motors,2017-03-01,24279.95,24400.0,23600.0,23712.0,24067.97838839148,6478,2463,155912364.0,2207.0,34.07,800.0,-567.95,23712.0,24396.415,23116.058999999997,Hold
Eicher Motors,2017-03-02,24019.95,24024.0,23307.15,23449.2,23710.74018126888,2648,1269,62786040.0,731.0,27.61,716.85,-570.75,23449.2,24368.4775,23161.837000000003,Hold
Eicher Motors,2017-03-03,23779.95,23779.95,22990.0,23080.75,23137.38325471698,3392,1182,78482004.0,1660.0,48.94,789.95,-699.2,23080.75,24334.6625,23196.881,Hold
Eicher Motors,2017-03-06,23500.0,23589.9,23018.35,23076.2,23260.13498349835,3030,1296,70478209.0,673.0,22.21,571.55,-423.8,23076.2,24319.34,23232.376999999997,Hold
Eicher Motors,2017-03-07,23233.55,23325.9,23101.05,23217.8,23211.233896185116,1599,635,37114763.0,437.0,27.33,224.85,-15.75,23217.8,24292.954999999998,23278.342,Hold
Eicher Motors,2017-03-08,23100.0,23599.0,23100.0,23475.45,23382.19283425575,3433,1336,80271068.0,1583.0,46.11,499.0,375.45,23475.45,24280.8325,23342.341,Hold
Eicher Motors,2017-03-09,23423.45,23598.95,23308.3,23404.4,23453.879392212722,1053,447,24696935.0,402.0,38.18,290.65,-19.05,23404.4,24257.6575,23399.127,Hold
Eicher Motors,2017-03-10,23495.0,23566.85,23220.6,23393.25,23368.1,990,454,23134419.0,386.0,38.99,346.25,-101.75,23393.25,24234.47,23449.287,Hold
Eicher Motors,2017-03-14,23951.25,24200.0,23631.8,23963.25,23887.044588414636,2624,1252,62679605.0,982.0,37.42,568.2,12.0,23963.25,24233.49,23498.995,Hold
Eicher Motors,2017-03-15,23900.9,24299.0,23900.85,24099.0,24175.312616822426,2140,813,51735169.0,763.0,35.65,398.15,198.1,24099.0,24199.49,23544.733000000004,Hold
Eicher Motors,2017-03-16,24264.95,24560.0,24200.05,24514.5,24387.365920262153,1831,781,44653267.0,685.0,37.41,359.95,249.55,24514.5,24159.215000000004,23584.811,Hold
Eicher Motors,2017-03-17,24550.0,24710.0,24283.0,24601.75,24542.00118110236,2540,995,62336683.0,831.0,32.72,427.0,51.75,24601.75,24153.3625,23626.895,Hold
Eicher Motors,2017-03-20,24700.0,25139.95,24600.0,25033.0,24830.556655986016,6866,1238,170486602.0,4450.0,64.81,539.95,333.0,25033.0,24141.8675,23683.999000000003,Hold
Eicher Motors,2017-03-21,25000.0,25132.3,24732.05,24902.05,24932.149689440997,1610,745,40140761.0,480.0,29.81,400.25,-97.95,24902.05,24134.927499999998,23735.545,Hold
Eicher Motors,2017-03-22,24880.0,24880.0,24500.0,24541.7,24569.629088599555,3149,703,77369762.0,1020.0,32.39,380.0,-338.3,24541.7,24106.187500000004,23772.087000000003,Hold
Eicher Motors,2017-03-23,24888.0,24888.0,24196.55,24361.6,24342.754803293687,3279,1316,79819893.0,1303.0,39.74,691.45,-526.4,24361.6,24062.545000000002,23799.736,Hold
Eicher Motors,2017-03-24,24365.45,24651.55,24300.0,24365.95,24512.636205092433,2867,488,70277728.0,2073.0,72.31,351.55,0.5,24365.95,24029.2075,23827.328999999998,Hold
Eicher Motors,2017-03-27,24296.2,24322.05,24028.35,24168.0,24179.875894988065,2514,840,60788208.0,839.0,33.37,293.7,-128.2,24168.0,23993.127500000002,23847.209,Hold
Eicher Motors,2017-03-28,24240.6,25500.0,24234.45,24936.8,24488.55984648597,8338,1146,204185612.0,6428.0,77.09,1265.55,696.2,24936.8,24023.285,23889.625,Hold
Eicher Motors,2017-03-29,24955.0,25354.75,24427.25,25056.25,24902.37681704261,7980,2851,198720967.0,1595.0,19.99,927.5,101.25,25056.25,24067.645,23935.287999999997,Hold
Eicher Motors,2017-03-30,25000.0,25750.0,24913.2,25638.15,25324.90600393701,4064,1778,102920418.0,1184.0,29.13,836.8,638.15,25638.15,24163.952500000003,24001.506,Hold
Eicher Motors,2017-03-31,25779.0,25797.85,25180.0,25554.15,25512.82848794741,6845,1677,174635311.0,969.0,14.16,617.85,-224.85,25554.15,24269.2,24066.881,Hold
Eicher Motors,2017-04-03,25899.0,25899.0,25338.7,25493.45,25521.837347165616,2699,1009,68883439.0,670.0,24.82,560.3,-405.55,25493.45,24389.835,24127.914,Hold
Eicher Motors,2017-04-05,25493.45,25800.0,25420.0,25676.5,25640.11972274732,3174,1221,81381740.0,1030.0,32.45,380.0,183.05,25676.5,24519.85,24184.541,Hold
Eicher Motors,2017-04-06,25699.0,25699.0,25395.0,25552.2,25514.439907993095,1739,722,44369611.0,447.0,25.7,304.0,-146.8,25552.2,24636.57,24240.696999999996,Hold
Eicher Motors,2017-04-07,25550.0,25988.9,25438.95,25778.3,25801.624045801527,2620,1147,67600255.0,890.0,33.97,549.95,228.3,25778.3,24751.7125,24301.703999999998,Hold
Eicher Motors,2017-04-10,25739.55,25747.55,25449.35,25564.55,25605.19342359768,1034,479,26475770.0,411.0,39.75,298.2,-175.0,25564.55,24859.719999999998,24352.857000000004,Hold
Eicher Motors,2017-04-11,25565.0,25929.9,25452.05,25819.2,25732.532881355928,1475,654,37955486.0,374.0,25.36,477.85,254.2,25819.2,24981.017499999998,24409.004,Hold
Eicher Motors,2017-04-12,26055.0,26480.0,26055.0,26357.7,26273.046558253507,13467,2738,353819118.0,6256.0,46.45,425.0,302.7,26357.7,25100.739999999998,24466.845999999998,Hold
Eicher Motors,2017-04-13,26355.0,26410.0,26055.0,26104.6,26237.305418719207,1624,659,42609384.0,625.0,38.49,355.0,-250.4,26104.6,25201.019999999997,24522.909,Hold
Eicher Motors,2017-04-17,26164.1,26350.1,26007.85,26107.9,26206.141414141413,1584,601,41510528.0,574.0,36.24,342.25,-56.2,26107.9,25280.69,24584.318,Hold
Eicher Motors,2017-04-18,26125.0,26300.0,25452.3,25566.2,25805.751483420598,2865,1259,73933478.0,848.0,29.6,847.7,-558.8,25566.2,25328.9125,24615.483000000004,Hold
Eicher Motors,2017-04-19,25565.0,25700.0,25316.45,25430.45,25507.64733840304,2104,978,53668090.0,713.0,33.89,383.55,-134.55,25430.45,25348.784999999996,24648.951,Hold
Eicher Motors,2017-04-20,25510.3,25609.8,25350.05,25502.1,25460.940507436568,1143,525,29101855.0,317.0,27.73,259.75,-8.2,25502.1,25378.7875,24691.34,Hold
Eicher Motors,2017-04-21,25500.0,25800.0,25500.0,25551.25,25628.86575990538,1691,731,43338412.0,355.0,20.99,300.0,51.25,25551.25,25429.265,24727.455,Hold
Eicher Motors,2017-04-24,25690.0,26150.0,25490.0,26091.15,25869.705687203794,2110,906,54585079.0,836.0,39.62,660.0,401.15,26091.15,25515.7425,24774.92,Hold
Eicher Motors,2017-04-25,26220.3,26220.3,25700.0,26089.65,25953.0640113798,2109,914,54735012.0,618.0,29.3,520.3,-130.65,26089.65,25601.927499999998,24819.355,Hold
Eicher Motors,2017-04-26,26101.15,26270.0,25900.0,26027.4,26206.354492305625,74405,1318,1949883806.0,71960.0,96.71,370.0,-73.75,26027.4,25694.8975,24862.763000000003,Hold
Eicher Motors,2017-04-27,25803.3,26251.0,25803.3,25974.8,26075.46128391793,1511,784,39400022.0,282.0,18.66,447.7,171.5,25974.8,25746.7975,24902.602,Hold
Eicher Motors,2017-04-28,25988.35,26250.0,25954.8,26022.25,26088.546312178387,1166,504,30419245.0,234.0,20.07,295.2,33.9,26022.25,25795.0975,24927.466999999997,Hold
Eicher Motors,2017-05-02,26289.95,26700.15,25336.8,25767.25,25785.86495902961,15499,2761,399655121.0,1757.0,11.34,1363.35,-522.7,25767.25,25801.552499999998,24936.411999999997,Hold
Eicher Motors,2017-05-03,25916.7,26050.0,25669.2,25900.05,25905.51724137931,1247,572,32304180.0,314.0,25.18,380.8,-16.65,25900.05,25818.8475,24960.036999999997,Hold
Eicher Motors,2017-05-04,26061.7,26098.9,25598.8,25764.6,25813.440512507623,1639,716,42308229.0,542.0,33.07,500.1,-297.1,25764.6,25832.405,24970.071,Hold
Eicher Motors,2017-05-05,25980.0,26150.1,25522.7,25837.45,25910.486376811597,5175,2113,134086767.0,1719.0,33.22,627.4,-142.55,25837.45,25840.4525,24986.002999999997,Hold
Eicher Motors,2017-05-08,26999.0,26999.0,26173.25,26910.3,26690.53583138173,8540,3073,227937176.0,3291.0,38.54,825.75,-88.7,26910.3,25908.3575,25021.879,Hold
Eicher Motors,2017-05-09,27010.0,27300.0,26810.1,27113.05,27024.36239847109,4186,1625,113123981.0,963.0,23.01,489.9,103.05,27113.05,25975.095,25059.451,Hold
Eicher Motors,2017-05-10,27115.0,27988.7,27115.0,27851.75,27656.901812996537,4909,2164,135767731.0,1102.0,22.45,873.7,736.75,27851.75,26089.455,25115.832000000002,Hold
Eicher Motors,2017-05-11,27851.0,29983.0,27850.0,29402.1,29194.740104911776,10485,4365,306106850.0,1053.0,10.04,2133.0,1551.1,29402.1,26268.6,25206.082,Hold
Eicher Motors,2017-05-12,29502.2,29776.95,28880.0,29169.6,29319.346014754807,6913,2500,202684639.0,1551.0,22.44,896.95,-332.6,29169.6,26409.195,25302.801,Hold
Eicher Motors,2017-05-15,29450.0,29461.0,28863.0,28937.05,29076.909142857145,1750,746,50884591.0,329.0,18.8,598.0,-512.95,28937.05,26550.817499999997,25398.161,Hold
Eicher Motors,2017-05-16,28950.0,29429.95,28771.2,29307.45,29090.282828282827,2970,1048,86398140.0,920.0,30.98,658.75,357.45,29307.45,26710.795000000002,25510.07,Hold
Eicher Motors,2017-05-17,29310.0,29310.0,29009.95,29116.15,29133.38003220612,1242,501,36183658.0,505.0,40.66,300.05,-193.85,29116.15,26888.2925,25623.409,Hold
Eicher Motors,2017-05-18,28908.55,28951.6,28200.0,28349.2,28535.00644814616,1861,809,53103647.0,591.0,31.76,751.6,-559.35,28349.2,27034.23,25728.778,Hold
Eicher Motors,2017-05-19,28351.3,28600.0,27750.0,27903.55,28017.269188795923,2749,1169,77019473.0,792.0,28.81,850.0,-447.75,27903.55,27154.3025,25825.325,Hold
Eicher Motors,2017-05-22,28000.0,28241.9,27108.0,27223.65,27479.864356139824,3347,1251,91975106.0,1474.0,44.04,1133.9,-776.35,27223.65,27237.922499999997,25905.442000000003,Hold
Eicher Motors,2017-05-23,27100.0,27880.0,27100.0,27589.35,27609.712978369385,6010,2241,165934375.0,930.0,15.47,780.0,489.35,27589.35,27312.8325,25987.72,Hold
Eicher Motors,2017-05-24,27530.0,27780.85,27340.95,27411.8,27499.1050955414,1256,632,34538876.0,390.0,31.05,439.9,-118.2,27411.8,27378.940000000002,26067.868,Hold
Eicher Motors,2017-05-25,27511.05,28100.0,27374.4,27954.05,27631.71923474664,1934,850,53439745.0,618.0,31.95,725.6,443.0,27954.05,27475.2725,26159.084,Hold
Eicher Motors,2017-05-26,27954.05,28619.95,27917.75,28348.45,28409.69246622395,4367,1167,124065127.0,2069.0,47.38,702.2,394.4,28348.45,27593.954999999998,26246.787999999997,Hold
Eicher Motors,2017-05-29,28348.45,28483.9,28060.05,28177.7,28294.61114570361,3212,1368,90882291.0,404.0,12.58,423.85,-170.75,28177.7,27701.7275,26328.361999999997,Hold
Eicher Motors,2017-05-30,28200.0,28442.1,27844.5,28336.25,28157.652413793105,2175,833,61242894.0,351.0,16.14,597.6,136.25,28336.25,27830.1775,26404.797,Hold
Eicher Motors,2017-05-31,28406.0,28575.0,28252.05,28431.15,28396.415652173917,1725,849,48983817.0,341.0,19.77,322.95,25.15,28431.15,27956.732499999995,26481.385,Hold
Eicher Motors,2017-06-01,28575.0,29000.0,28545.05,28756.1,28765.326341866225,6055,2006,174174051.0,395.0,6.52,454.95,181.1,28756.1,28106.307499999995,26555.846999999998,Hold
Eicher Motors,2017-06-02,28761.1,29284.95,28761.1,29179.95,29159.218876518215,3952,1704,115237233.0,1061.0,26.85,523.85,418.85,29179.95,28273.432500000003,26641.405,Hold
Eicher Motors,2017-06-05,29225.4,29400.0,29195.0,29323.8,29299.390686661405,1267,454,37122328.0,562.0,44.36,205.0,98.4,29323.8,28394.107499999995,26737.047,Hold
Eicher Motors,2017-06-06,29340.55,29340.55,29006.5,29224.6,29141.40356987375,2297,944,66937804.0,625.0,27.21,334.05,-115.95,29224.6,28499.685000000005,26834.307,Hold
Eicher Motors,2017-06-07,29241.1,29748.05,29232.0,29621.05,29517.19985465116,4128,1532,121847001.0,1870.0,45.3,516.05,379.95,29621.05,28588.15,26939.409000000003,Hold
Eicher Motors,2017-06-08,29769.75,29925.0,29450.0,29613.8,29657.52335509794,1991,844,59048129.0,588.0,29.53,475.0,-155.95,29613.8,28598.734999999997,27048.325,Hold
Eicher Motors,2017-06-09,29615.0,29810.0,29399.0,29748.5,29636.019565217393,1380,548,40897707.0,148.0,10.72,411.0,133.5,29748.5,28627.68,27144.558999999997,Hold
Eicher Motors,2017-06-12,29745.0,29750.0,29222.05,29311.7,29472.756605691055,1968,667,58002385.0,509.0,25.86,527.95,-433.3,29311.7,28646.4125,27229.668,Hold
Eicher Motors,2017-06-13,29550.0,29647.05,29001.0,29179.75,29183.79295019895,62328,1138,1818967447.0,60336.0,96.8,646.05,-370.25,29179.75,28640.027499999997,27300.5,Hold
Eicher Motors,2017-06-14,29179.75,29269.7,28869.25,29024.1,29137.663506677,21941,944,639309475.0,19641.0,89.52,400.45,-155.65,29024.1,28635.424999999996,27369.898999999998,Hold
Eicher Motors,2017-06-15,29025.0,29026.0,28522.05,28804.5,28784.88794926004,1892,812,54461008.0,421.0,22.25,503.95,-220.5,28804.5,28658.189999999995,27436.12,Hold
Eicher Motors,2017-06-16,28814.1,28883.65,28610.0,28722.65,28730.596026490064,1963,692,56398160.0,736.0,37.49,273.65,-91.45,28722.65,28699.145,27497.043,Hold
Eicher Motors,2017-06-19,28999.9,28999.9,28405.0,28465.0,28577.27565982405,1364,546,38979404.0,374.0,27.42,594.9,-534.9,28465.0,28761.2125,27555.299000000003,Hold
Eicher Motors,2017-06-20,28450.0,28539.95,27802.0,27878.35,28095.03278134505,2959,1171,83133202.0,1025.0,34.64,737.95,-571.65,27878.35,28775.662499999995,27597.3,Hold
Eicher Motors,2017-06-21,27879.0,27879.1,27322.0,27561.95,27545.849212303077,5332,1973,146874468.0,1413.0,26.5,557.1,-317.05,27561.95,28783.170000000002,27637.248,Hold
Eicher Motors,2017-06-22,28123.0,28123.0,27525.0,27652.85,27787.45268292683,2050,746,56964278.0,334.0,16.29,598.0,-470.15,27652.85,28768.109999999997,27673.921000000002,Hold
Eicher Motors,2017-06-23,27836.25,27836.25,27100.0,27172.4,27326.0881302104,2519,1062,68834416.0,946.0,37.55,736.25,-663.85,27172.4,28709.307500000003,27690.215,Hold
Eicher Motors,2017-06-27,27200.0,27359.95,26561.05,26669.0,26771.28017944535,2452,994,65643179.0,1034.0,42.17,798.9,-531.0,26669.0,28633.872499999998,27701.502999999997,Hold
Eicher Motors,2017-06-28,26750.0,27357.0,26388.0,27227.6,26838.623339535287,138666,1441,3721604544.0,136069.0,98.13,969.0,477.6,27227.6,28578.439999999995,27723.897,Hold
Eicher Motors,2017-06-29,27400.0,27550.0,27000.0,27436.2,27022.95441494592,76275,1941,2061175848.0,73799.0,96.75,550.0,36.2,27436.2,28528.692499999997,27761.297,Hold
Eicher Motors,2017-06-30,27213.45,27300.0,26953.0,27013.7,27004.533508436805,25128,769,678569918.0,24191.0,96.27,347.0,-199.75,27013.7,28441.572500000002,27792.961999999996,Hold
Eicher Motors,2017-07-03,27300.0,27809.95,27153.05,27752.1,27583.2909046574,4101,1543,113119076.0,1164.0,28.38,656.9,452.1,27752.1,28370.18,27837.962000000003,Hold
Eicher Motors,2017-07-04,27800.0,27950.0,27500.0,27841.95,27802.285121107263,2890,981,80348604.0,993.0,34.36,450.0,41.95,27841.95,28296.0875,27883.776,Hold
Eicher Motors,2017-07-05,27980.0,28172.65,27826.95,28048.2,28012.274067649607,1153,523,32298152.0,273.0,23.68,345.7,68.2,28048.2,28237.267499999998,27922.916999999998,Hold
Eicher Motors,2017-07-06,28475.4,28475.4,27560.65,27701.55,27910.771900826447,1815,653,50658051.0,856.0,47.16,914.75,-773.85,27701.55,28141.2925,27955.155,Hold
Eicher Motors,2017-07-07,27500.0,28090.0,27500.0,27856.6,27963.934228650138,5808,696,162414530.0,4760.0,81.96,590.0,356.6,27856.6,28053.432500000003,27991.738999999998,Hold
Eicher Motors,2017-07-10,27800.0,28040.8,27600.0,27928.75,27872.057872087847,6739,3374,187829798.0,3848.0,57.1,440.8,128.75,27928.75,27962.445,28030.818000000003,Sell
Eicher Motors,2017-07-11,28028.0,28250.0,27884.6,28125.1,28113.860430586486,1347,631,37869370.0,451.0,33.48,365.4,97.1,28125.1,27903.115,28072.875,Hold
Eicher Motors,2017-07-12,28180.0,28298.95,28161.05,28248.05,28251.257015147752,4027,875,113767812.0,2380.0,59.1,137.9,68.05,28248.05,27856.53,28122.491,Hold
Eicher Motors,2017-07-13,28371.0,28371.0,28003.15,28053.5,28164.31284357821,2001,664,56356790.0,642.0,32.08,367.85,-317.5,28053.5,27808.0,28165.56,Hold
Eicher Motors,2017-07-14,28054.2,28091.1,27629.25,27894.3,27849.37277908146,2983,1026,83074679.0,760.0,25.48,461.85,-159.9,27894.3,27762.49,28208.154,Hold
Eicher Motors,2017-07-17,27910.0,28200.0,27900.45,28050.95,28030.274096385543,7304,554,204733122.0,6387.0,87.45,299.55,140.95,28050.95,27728.905,28252.424,Hold
Eicher Motors,2017-07-18,28060.0,28650.0,28052.4,28568.1,28249.839104449293,10541,1114,297781554.0,8576.0,81.36,597.6,508.1,28568.1,27734.060000000005,28285.58,Hold
Eicher Motors,2017-07-19,28665.25,29250.0,28665.25,29181.0,29077.070838252657,2541,1157,73884837.0,916.0,36.05,584.75,515.75,29181.0,27799.192500000005,28326.939,Hold
Eicher Motors,2017-07-20,29201.0,29301.95,28905.0,29200.6,29122.844931506846,1825,732,53149192.0,546.0,29.92,396.95,-0.4,29200.6,27881.125,28353.915999999997,Hold
Eicher Motors,2017-07-21,29200.0,29383.0,28755.65,28858.25,29000.19521178637,1629,645,47241318.0,535.0,32.84,627.35,-341.75,28858.25,27941.395,28343.039,Hold
Eicher Motors,2017-07-24,29100.0,29100.0,28687.5,28843.1,28893.957796014067,853,330,24646546.0,310.0,36.34,412.5,-256.9,28843.1,28024.93,28336.509,Hold
Eicher Motors,2017-07-25,28848.95,28854.65,28118.25,28376.6,28463.040999057488,2122,1021,60398573.0,603.0,28.42,736.4,-472.35,28376.6,28110.309999999998,28325.3,Hold
Eicher Motors,2017-07-26,28999.0,29061.6,28424.0,28959.25,28886.402055234423,1557,652,44976128.0,484.0,31.09,637.6,-39.75,28959.25,28196.892499999998,28318.336,Hold
Eicher Motors,2017-07-27,29081.8,30115.75,28700.0,29061.65,29245.733563374208,16229,1612,474629010.0,964.0,5.94,1415.75,-20.15,29061.65,28278.165,28317.246,Hold
Eicher Motors,2017-07-28,28989.0,29401.0,28664.4,29332.55,29174.746532759444,2091,701,61004395.0,561.0,26.83,736.6,343.55,29332.55,28394.107500000002,28336.913000000004,Buy
Eicher Motors,2017-07-31,29489.0,30160.0,29416.0,30040.6,29869.936861652735,3231,1235,96509766.0,723.0,22.38,744.0,551.6,30040.6,28508.5325,28379.654,Hold
Eicher Motors,2017-08-01,30100.0,31532.35,30100.0,31437.05,30954.655205878276,7213,3208,223275928.0,2017.0,27.96,1432.35,1337.05,31437.05,28688.2875,28463.922,Hold
Eicher Motors,2017-08-02,31601.1,31745.0,31014.25,31172.65,31385.174047829936,2258,962,70867723.0,466.0,20.64,730.75,-428.45,31172.65,28844.51,28535.588000000003,Hold
Eicher Motors,2017-08-03,31198.0,31393.95,30632.0,30703.3,30839.19119226638,1862,763,57422574.0,584.0,31.36,761.95,-494.7,30703.3,28994.597500000003,28601.417999999998,Hold
Eicher Motors,2017-08-04,30704.0,31810.0,30533.2,31590.75,31179.74193548387,3317,1265,103423204.0,784.0,23.64,1276.8,886.75,31590.75,29181.305,28674.152,Hold
Eicher Motors,2017-08-07,31800.0,32200.0,31540.0,32007.65,31984.57938085771,3521,1391,112617704.0,669.0,19.0,660.0,207.65,32007.65,29385.25,28747.336,Hold
Eicher Motors,2017-08-08,32099.0,32464.95,31503.0,32135.6,32070.037288135594,4720,1948,151370576.0,853.0,18.07,961.95,36.6,32135.6,29585.775,28826.494,Hold
Eicher Motors,2017-08-09,32298.0,32350.0,31246.8,31520.55,31925.926750564697,6198,2320,197876894.0,1287.0,20.76,1103.2,-777.45,31520.55,29749.4,28890.18,Hold
Eicher Motors,2017-08-10,31497.9,31500.0,29855.05,30192.75,30501.842561315905,6809,2765,207687046.0,1188.0,17.45,1644.95,-1305.15,30192.75,29856.3625,28925.411999999997,Hold
Eicher Motors,2017-08-11,29899.95,30089.2,29151.0,29615.8,29651.40320650873,4179,1522,123913214.0,1772.0,42.4,938.2,-284.15,29615.8,29942.4375,28942.606,Hold
Eicher Motors,2017-08-14,29848.0,30923.65,29848.0,30401.95,30459.045711798,2297,1083,69964428.0,562.0,24.47,1075.65,553.95,30401.95,30059.9875,28967.046000000002,Hold
Eicher Motors,2017-08-16,30363.0,31400.0,30135.65,30589.9,30516.63864684777,1951,886,59537962.0,397.0,20.35,1264.35,226.9,30589.9,30161.077499999996,28992.368000000002,Hold
Eicher Motors,2017-08-17,30789.95,31065.9,30600.0,30847.65,30867.03536345776,1527,753,47133963.0,370.0,24.23,465.9,57.7,30847.65,30244.409999999996,29024.828999999998,Hold
Eicher Motors,2017-08-18,31370.0,31550.0,30566.1,31454.2,31185.339834958737,2666,1073,83140116.0,735.0,27.57,983.9,84.2,31454.2,30357.089999999997,29061.492,Hold
Eicher Motors,2017-08-21,31788.95,32024.95,31401.0,31523.4,31854.999770220587,8704,1112,277265918.0,6379.0,73.29,623.95,-265.55,31523.4,30490.347499999996,29099.684000000005,Hold
Eicher Motors,2017-08-22,31733.3,31838.75,30922.8,30997.8,31308.135104578854,1769,708,55384091.0,482.0,27.25,915.95,-735.5,30997.8,30598.0825,29124.67,Hold
Eicher Motors,2017-08-23,30900.0,31204.75,30260.0,30651.65,30608.99409216227,2539,993,77716236.0,750.0,29.54,944.75,-248.35,30651.65,30711.835000000003,29151.468999999997,Hold
Eicher Motors,2017-08-24,30678.7,30939.0,30525.0,30806.75,30756.656279508967,2118,803,65142598.0,322.0,15.2,414.0,128.05,30806.75,30804.210000000003,29184.009,Hold
Eicher Motors,2017-08-28,30806.0,31894.9,30806.0,31277.0,31448.890793650797,3150,1295,99064006.0,918.0,29.14,1088.9,471.0,31277.0,30914.9775,29229.067000000003,Hold
Eicher Motors,2017-08-29,31277.0,31319.85,30724.75,30846.45,30944.95919828203,1397,612,43230108.0,551.0,39.44,595.1,-430.55,30846.45,30990.672499999997,29269.906000000003,Hold
Eicher Motors,2017-08-30,31099.8,31384.55,30911.0,30973.7,31164.991701244813,1205,518,37553815.0,341.0,28.3,473.55,-126.1,30973.7,31037.327499999996,29314.926999999996,Hold
Eicher Motors,2017-08-31,30980.0,31500.0,30600.0,31404.25,30973.666768339175,6557,1189,203094333.0,4505.0,68.71,900.0,424.25,31404.25,31035.6875,29373.711999999996,Hold
Eicher Motors,2017-09-01,31548.0,31976.95,31334.9,31713.8,31735.493432203388,4720,1562,149791529.0,581.0,12.31,642.05,165.8,31713.8,31062.745000000003,29450.421000000002,Hold
Eicher Motors,2017-09-04,31950.0,31950.0,31432.05,31685.15,31659.701266857377,2447,803,77471289.0,844.0,34.49,517.95,-264.85,31685.15,31111.8375,29532.885,Hold
Eicher Motors,2017-09-05,31505.25,31995.9,31505.25,31883.8,31858.449029583568,5307,581,169072789.0,4254.0,80.16,490.65,378.55,31883.8,31126.489999999998,29617.504,Hold
Eicher Motors,2017-09-06,31691.1,32167.95,31674.0,32040.9,31917.29451038576,2696,843,86049026.0,1491.0,55.3,493.95,349.8,32040.9,31128.152499999997,29714.874000000003,Hold
Eicher Motors,2017-09-07,32449.8,33261.95,32364.8,32786.4,32835.61962365592,7440,2905,244297010.0,1668.0,22.42,897.15,336.6,32786.4,31160.692499999997,29837.222,Hold
Eicher Motors,2017-09-08,33390.0,33483.95,32500.0,32628.7,33032.52258064516,5890,2659,194561558.0,1399.0,23.75,983.95,-761.3,32628.7,31216.1,29945.244,Hold
Eicher Motors,2017-09-11,32625.05,32769.6,32410.0,32466.75,32574.541656888054,4261,894,138800122.0,2927.0,68.69,359.6,-158.3,32466.75,31329.8,30045.855,Hold
Eicher Motors,2017-09-12,32551.25,32677.55,32333.0,32582.3,32530.73482565648,2323,946,75568897.0,623.0,26.82,344.55,31.05,32582.3,31478.125,30157.227000000003,Hold
Eicher Motors,2017-09-13,32600.0,32600.0,32100.0,32210.9,32348.696696696697,999,511,32316348.0,437.0,43.74,500.0,-389.1,32210.9,31568.572500000002,30246.403,Hold
Eicher Motors,2017-09-14,32499.0,32499.0,31890.0,32059.4,32069.060009601537,2083,815,66799852.0,522.0,25.06,609.0,-439.6,32059.4,31642.047500000004,30330.752,Hold
Eicher Motors,2017-09-15,32062.0,32071.95,31678.05,31956.2,31849.58080260304,1844,731,58730627.0,403.0,21.85,393.9,-105.8,31956.2,31697.475,30408.912,Hold
Eicher Motors,2017-09-18,32184.5,32796.95,32146.05,32763.85,32615.808492922562,2402,773,78343172.0,733.0,30.52,650.9,579.35,32763.85,31762.9575,30510.158000000003,Hold
Eicher Motors,2017-09-19,32978.0,32978.0,32305.0,32354.85,32526.33607611211,3889,513,126494921.0,2987.0,76.81,673.0,-623.15,32354.85,31804.53,30600.123,Hold
Eicher Motors,2017-09-20,32500.0,32629.15,32244.3,32388.0,32409.08080808081,1089,454,35293489.0,271.0,24.89,384.85,-112.0,32388.0,31874.039999999997,30689.307999999997,Hold
Eicher Motors,2017-09-21,32366.3,32568.6,31699.95,31832.0,31994.33113311331,1818,732,58165694.0,618.0,33.99,868.65,-534.3,31832.0,31933.057499999995,30763.446,Hold
Eicher Motors,2017-09-22,31948.0,31948.0,31300.3,31522.8,31497.15992532669,1607,629,50615936.0,579.0,36.03,647.7,-425.2,31522.8,31968.859999999997,30828.941000000003,Hold
Eicher Motors,2017-09-25,31900.0,31900.0,30599.9,30970.45,31052.812627886586,3421,1186,106231672.0,1381.0,40.37,1300.1,-929.55,30970.45,31953.532499999994,30887.28,Hold
Eicher Motors,2017-09-26,30880.0,31092.8,30534.0,30823.85,30783.474166121647,1529,727,47067932.0,354.0,23.15,558.8,-56.15,30823.85,31952.402500000004,30945.871,Hold
Eicher Motors,2017-09-27,30911.0,31102.9,30361.9,30466.7,30581.98839050132,1895,706,57952868.0,549.0,28.97,741.0,-444.3,30466.7,31927.0525,30994.186,Hold
Eicher Motors,2017-09-28,30521.9,30600.9,29949.85,30168.45,30019.002669632922,8990,1054,269870834.0,1456.0,16.2,651.05,-353.45,30168.45,31865.2625,31026.193,Hold
Eicher Motors,2017-09-29,30488.0,31264.15,30408.75,31179.95,31038.759464627154,2615,938,81166356.0,427.0,16.33,855.4,691.95,31179.95,31838.57,31066.172,Hold
Eicher Motors,2017-10-03,31505.1,31974.4,30918.0,31157.75,31182.62887263339,4648,1204,144936859.0,2852.0,61.36,1056.4,-347.35,31157.75,31812.2,31105.315,Hold
Eicher Motors,2017-10-04,31399.0,31399.0,30815.2,30903.4,31001.57535641548,982,423,30443547.0,225.0,22.91,583.8,-495.6,30903.4,31763.180000000004,31146.218000000004,Hold
Eicher Motors,2017-10-05,31100.0,31189.95,30646.35,30787.55,30849.333333333332,1221,603,37667036.0,383.0,31.37,543.6,-312.45,30787.55,31700.5125,31185.107000000004,Hold
Eicher Motors,2017-10-06,30870.0,31699.0,30840.0,31538.2,31303.825268817203,2232,883,69870138.0,1016.0,45.52,859.0,668.2,31538.2,31638.1025,31248.339,Hold
Eicher Motors,2017-10-09,31599.15,31928.95,31335.6,31794.85,31739.868407578084,1953,789,61987963.0,510.0,26.11,593.35,195.7,31794.85,31596.410000000003,31305.050999999996,Hold
Eicher Motors,2017-10-10,31922.05,32066.0,31553.6,31605.65,31930.772063298846,6572,679,209849034.0,5631.0,85.68,512.4,-316.4,31605.65,31553.355000000003,31355.931,Hold
Eicher Motors,2017-10-11,31605.65,31749.0,30300.0,31251.15,31273.2656641604,2793,1081,87346231.0,516.0,18.47,1449.0,-354.5,31251.15,31486.797499999997,31394.303,Hold
Eicher Motors,2017-10-12,31101.0,31445.9,31069.1,31285.35,31293.24633821571,751,357,23501228.0,232.0,30.89,376.8,184.35,31285.35,31440.52,31419.198000000004,Hold
Eicher Motors,2017-10-13,31211.0,31596.15,31211.0,31368.2,31369.0,867,410,27196923.0,220.0,25.37,385.15,157.2,31368.2,31405.96,31417.821,Sell
Eicher Motors,2017-10-16,31500.0,31920.0,31500.0,31736.2,31740.7529228371,1283,552,40723386.0,230.0,17.93,420.0,236.2,31736.2,31394.96,31429.091999999997,Hold
Eicher Motors,2017-10-17,31628.15,31900.0,31332.0,31829.25,31652.9410745234,1154,432,36527494.0,287.0,24.87,568.0,201.1,31829.25,31348.230000000003,31451.611,Hold
Eicher Motors,2017-10-18,31830.0,31830.0,31350.05,31477.5,31511.927272727273,1045,427,32929964.0,353.0,33.78,479.95,-352.5,31477.5,31304.3625,31449.346,Hold
Eicher Motors,2017-10-19,31600.0,31693.25,31251.0,31486.3,31533.109375,256,124,8072476.0,99.0,38.67,442.25,-113.7,31486.3,31259.277500000004,31438.918999999998,Hold
Eicher Motors,2017-10-23,31500.0,31633.55,30895.05,31140.85,31169.53371868979,1557,646,48530964.0,260.0,16.7,738.5,-359.15,31140.85,31224.72,31419.024000000005,Hold
Eicher Motors,2017-10-24,31001.15,31712.0,31001.15,31466.1,31356.63113604488,1426,472,44714556.0,412.0,28.89,710.85,464.95,31466.1,31221.885,31417.935,Hold
Eicher Motors,2017-10-25,31400.0,31847.05,31345.8,31696.45,31623.035152636447,1081,458,34184501.0,382.0,35.34,501.25,296.45,31696.45,31258.185000000005,31448.009,Hold
Eicher Motors,2017-10-26,31696.0,31800.0,31357.0,31494.7,31541.940968122784,1694,703,53432048.0,253.0,14.94,443.0,-201.3,31494.7,31291.727499999997,31485.587000000003,Hold
Eicher Motors,2017-10-27,31400.0,31914.0,31400.0,31782.85,31777.946826758147,1166,464,37053086.0,268.0,22.98,514.0,382.85,31782.85,31357.534999999996,31513.205,Hold
Eicher Motors,2017-10-30,32000.0,32500.0,31950.0,32360.75,32321.914110429447,2282,805,73758608.0,726.0,31.81,550.0,360.75,32360.75,31467.15,31548.621999999996,Hold
Eicher Motors,2017-10-31,32290.0,32762.9,32239.65,32287.5,32420.985767790266,1335,518,43282016.0,493.0,36.93,523.25,-2.5,32287.5,31522.527499999997,31577.418999999998,Hold
Eicher Motors,2017-11-01,32351.0,32510.9,30880.9,30929.75,31190.914654554148,12549,2594,391414788.0,7476.0,59.57,1630.0,-1421.25,30929.75,31511.127499999995,31566.93,Hold
Eicher Motors,2017-11-02,30935.0,31415.75,30935.0,31151.5,31191.334905660377,1272,623,39675378.0,372.0,29.25,480.75,216.5,31151.5,31523.532499999994,31559.492,Hold
Eicher Motors,2017-11-03,31153.0,31424.0,30750.0,31168.85,31043.406185567008,1455,706,45168156.0,367.0,25.22,674.0,15.85,31168.85,31542.597500000003,31562.913000000004,Hold
Eicher Motors,2017-11-06,31235.0,31418.0,30931.25,31097.85,31185.685385169185,1389,532,43316917.0,506.0,36.43,486.75,-137.15,31097.85,31520.579999999998,31571.836999999996,Hold
Eicher Motors,2017-11-07,31200.0,31250.0,30954.3,31146.6,31089.924731182797,1674,741,52044534.0,613.0,36.62,295.7,-53.4,31146.6,31488.1675,31578.634,Hold
Eicher Motors,2017-11-08,31160.0,31300.0,31042.1,31120.55,31149.102564102563,936,355,29155560.0,381.0,40.71,257.9,-39.45,31120.55,31463.9125,31575.505,Hold
Eicher Motors,2017-11-09,31109.55,31231.3,30610.2,30819.75,30864.487143849892,1439,744,44413997.0,527.0,36.62,621.1,-289.8,30819.75,31442.342500000006,31574.971,Hold
Eicher Motors,2017-11-10,30900.0,30939.95,30374.25,30478.65,30545.39067944251,2296,941,70132217.0,751.0,32.71,565.7,-421.35,30478.65,31402.007499999996,31565.07,Hold
Eicher Motors,2017-11-13,30700.0,31050.0,30490.0,30561.85,30632.151291512917,1355,582,41506565.0,610.0,45.02,560.0,-138.15,30561.85,31361.690000000002,31548.222,Hold
Eicher Motors,2017-11-14,30565.0,30960.0,29648.0,30083.2,30177.854137725735,5039,2406,152066207.0,798.0,15.84,1312.0,-481.8,30083.2,31279.04,31515.61,Hold
Eicher Motors,2017-11-15,30151.0,30635.0,30046.95,30476.15,30377.741391941392,2730,1069,82931234.0,750.0,27.47,588.05,325.15,30476.15,31211.385000000002,31491.43,Hold
Eicher Motors,2017-11-16,30456.0,30731.15,30398.55,30483.95,30545.087809917357,968,487,29567645.0,258.0,26.65,332.6,27.95,30483.95,31161.707499999997,31463.433000000005,Hold
Eicher Motors,2017-11-17,30580.0,30780.0,30519.15,30637.6,30685.789932236203,1033,444,31698421.0,412.0,39.88,260.85,57.6,30637.6,31119.2725,31435.367,Hold
Eicher Motors,2017-11-20,30603.3,30775.8,30450.0,30650.25,30611.55128205128,312,189,9550804.0,109.0,34.94,325.8,46.95,30650.25,31094.7425,31392.644,Hold
Eicher Motors,2017-11-21,30320.0,31499.0,30259.35,30397.25,30535.414120126447,949,419,28978108.0,389.0,40.99,1239.65,77.25,30397.25,31041.3,31348.015,Hold
Eicher Motors,2017-11-22,30400.0,30610.95,30151.0,30198.05,30243.033347228007,7197,230,217659111.0,142.0,1.97,459.95,-201.95,30198.05,30966.379999999997,31302.641,Hold
Eicher Motors,2017-11-23,30151.0,30680.0,30151.0,30635.95,30532.4416,1875,550,57248328.0,1058.0,56.43,529.0,484.95,30635.95,30923.442499999997,31263.714,Hold
Eicher Motors,2017-11-24,30536.5,31026.0,30536.5,30808.2,30848.73222875468,7484,389,230871912.0,6936.0,92.68,489.5,271.7,30808.2,30874.710000000003,31235.66,Hold
Eicher Motors,2017-11-27,30805.9,31072.65,30763.1,30831.35,30922.327868852455,671,348,20748882.0,290.0,43.22,309.55,25.45,30831.35,30798.24,31211.099,Hold
Eicher Motors,2017-11-28,30760.0,30830.9,30425.05,30512.05,30593.895791583167,998,436,30532708.0,406.0,40.68,405.85,-247.95,30512.05,30709.467500000006,31182.216,Hold
Eicher Motors,2017-11-29,30859.0,30859.0,30140.0,30234.8,30547.976212578324,8618,557,263262459.0,7524.0,87.31,719.0,-624.2,30234.8,30674.72,31131.635,Hold
Eicher Motors,2017-11-30,30200.0,30239.95,29900.0,29981.05,30079.41158059468,1278,616,38441488.0,637.0,49.84,339.95,-218.95,29981.05,30616.197500000002,31084.159,Hold
Eicher Motors,2017-12-01,30206.0,30363.95,29166.8,29302.5,29797.722781930446,3077,1240,91687593.0,938.0,30.48,1197.15,-903.5,29302.5,30522.879999999997,31022.449,Hold
Eicher Motors,2017-12-04,29303.0,29717.05,29221.1,29399.1,29411.572916666664,960,487,28235110.0,349.0,36.35,495.95,96.1,29399.1,30437.942499999997,30973.791,Hold
Eicher Motors,2017-12-05,29398.0,29398.0,28521.55,28920.05,28824.21965065502,2290,1069,66007463.0,889.0,38.82,876.45,-477.95,28920.05,30326.615,30921.736,Hold
Eicher Motors,2017-12-06,29550.55,29550.55,28150.0,28204.75,28442.52380952381,2058,944,58534714.0,782.0,38.0,1400.55,-1345.8,28204.75,30180.825,30866.422000000002,Hold
Eicher Motors,2017-12-07,28500.0,28975.0,28100.0,28857.05,28676.413526328924,4007,1437,114906389.0,1762.0,43.97,875.0,357.05,28857.05,30082.689999999995,30827.086,Hold
Eicher Motors,2017-12-08,28704.15,29224.95,28502.35,29005.05,28935.415862068963,1450,639,41956353.0,456.0,31.45,722.6,300.9,29005.05,30009.010000000002,30797.853,Hold
Eicher Motors,2017-12-11,29344.65,29650.0,29200.05,29242.8,29409.963382157122,1502,606,44173765.0,537.0,35.75,449.95,-101.85,29242.8,29943.057499999995,30779.34,Hold
Eicher Motors,2017-12-12,29216.65,29216.65,28515.05,28610.1,28725.3748960931,1203,598,34556626.0,501.0,41.65,701.6,-606.55,28610.1,29869.402500000004,30727.943000000003,Hold
Eicher Motors,2017-12-13,29198.75,29198.75,28268.0,28689.5,28738.851228070173,1425,612,40952863.0,481.0,33.75,930.75,-509.25,28689.5,29780.07,30678.578,Hold
Eicher Motors,2017-12-14,28763.15,28914.65,28500.05,28702.95,28616.43155031732,3309,435,94691772.0,2777.0,83.92,414.6,-60.2,28702.95,29691.02,30634.569,Hold
Eicher Motors,2017-12-15,29150.0,29579.95,28925.3,29503.35,29374.18959731544,1192,517,35014034.0,615.0,51.59,654.65,353.35,29503.35,29634.307500000003,30608.885,Hold
Eicher Motors,2017-12-18,29800.0,29999.0,28855.1,29909.5,29722.45849546044,1542,662,45832031.0,504.0,32.68,1143.9,109.5,29909.5,29597.27,30576.311,Hold
Eicher Motors,2017-12-19,30000.0,31000.0,30000.0,30794.95,30632.95842227378,21550,4929,660140254.0,11771.0,54.62,1000.0,794.95,30794.95,29617.155000000006,30556.313000000002,Hold
Eicher Motors,2017-12-20,31100.0,31100.0,30020.0,30254.75,30869.25794581334,27719,1041,855664961.0,25534.0,92.12,1080.0,-845.25,30254.75,29619.99,30529.295,Hold
Eicher Motors,2017-12-21,30260.0,30480.85,30064.45,30221.4,30266.5219858156,705,334,21337898.0,197.0,27.94,416.4,-38.6,30221.4,29599.2625,30508.7,Hold
Eicher Motors,2017-12-22,30364.25,30699.85,30050.0,30247.85,30334.87551020408,1960,861,59456356.0,398.0,20.31,649.85,-116.4,30247.85,29571.245000000003,30487.95,Hold
Eicher Motors,2017-12-26,30250.75,30462.85,29977.05,30121.0,30123.79152426521,1463,582,44071107.0,519.0,35.48,485.8,-129.75,30121.0,29535.7275,30463.006,Hold
Eicher Motors,2017-12-27,30324.65,30324.65,30100.0,30164.0,30184.02545454545,550,270,16601214.0,136.0,24.73,224.65,-160.65,30164.0,29518.325,30431.562,Hold
Eicher Motors,2017-12-28,30000.1,30289.5,29700.0,29951.75,30082.7963963964,1110,597,33391904.0,403.0,36.31,589.5,-48.35,29951.75,29504.172500000004,30394.012000000002,Hold
Eicher Motors,2017-12-29,29939.3,30380.0,29939.3,30290.55,30140.519575315197,1507,500,45421763.0,439.0,29.13,440.7,351.25,30290.55,29519.6475,30370.273,Hold
Eicher Motors,2018-01-01,30472.0,30472.0,29857.2,29901.3,30082.833568406204,709,308,21328729.0,270.0,38.08,614.8,-570.7,29901.3,29549.5875,30338.572999999997,Hold
Eicher Motors,2018-01-02,30350.0,30350.0,28600.0,28697.45,29047.45673076923,5200,2583,151046775.0,1811.0,34.83,1750.0,-1652.55,28697.45,29514.504999999997,30289.705,Hold
Eicher Motors,2018-01-03,28961.95,28997.9,28551.0,28794.6,28765.67921146953,3906,1325,112358743.0,1442.0,36.92,446.9,-167.35,28794.6,29508.232499999995,30236.275,Hold
Eicher Motors,2018-01-04,28801.0,28962.45,28412.9,28574.7,28607.315484804632,2073,851,59302965.0,794.0,38.3,549.55,-226.3,28574.7,29526.73,30173.84,Hold
Eicher Motors,2018-01-05,28715.6,29300.0,28715.55,29250.85,28849.396735097696,8086,747,233276222.0,4115.0,50.89,584.45,535.25,29250.85,29546.420000000002,30128.963,Hold
Eicher Motors,2018-01-08,29450.0,29450.0,29075.0,29131.3,29185.901606425705,1494,682,43603737.0,415.0,27.78,375.0,-318.7,29131.3,29552.732500000002,30075.932,Hold
Eicher Motors,2018-01-09,29135.0,29199.95,28509.25,28594.0,28668.69368575624,3405,1261,97616902.0,1223.0,35.92,690.7,-541.0,28594.0,29520.292500000003,30000.597,Hold
Eicher Motors,2018-01-10,28998.0,28998.0,28050.0,28100.25,28228.756731662023,3231,1360,91207113.0,1048.0,32.44,948.0,-897.75,28100.25,29494.8,29916.852000000003,Hold
Eicher Motors,2018-01-11,28399.0,28450.0,27835.25,28382.95,28055.19925351708,3483,1120,97716259.0,1753.0,50.33,614.75,-16.05,28382.95,29479.472499999996,29865.916,Hold
Eicher Motors,2018-01-12,28750.0,28750.0,28200.0,28514.4,28514.620233463036,2570,1115,73282574.0,611.0,23.77,550.0,-235.6,28514.4,29470.045000000002,29813.174,Hold
Eicher Motors,2018-01-15,28651.0,28783.7,27889.75,27991.15,28095.193601044728,3063,1403,86055578.0,1447.0,47.24,893.95,-659.85,27991.15,29394.435000000005,29749.62,Hold
Eicher Motors,2018-01-16,27990.0,28149.9,27700.0,27906.55,27870.743144654087,3975,1065,110786204.0,1957.0,49.23,449.9,-83.45,27906.55,29294.2875,29685.794000000005,Hold
Eicher Motors,2018-01-17,27907.0,28260.0,27710.0,28193.9,27906.937262357413,1578,744,44037147.0,402.0,25.48,550.0,286.9,28193.9,29164.234999999997,29626.74,Hold
Eicher Motors,2018-01-18,28289.35,28440.0,27801.0,27926.35,28114.29045853001,5932,2121,166773971.0,2234.0,37.66,639.0,-363.0,27926.35,29047.814999999995,29562.856,Hold
Eicher Motors,2018-01-19,28069.85,28148.9,27760.05,27987.45,28022.263791267305,9390,1097,263129057.0,7780.0,82.85,388.85,-82.4,27987.45,28936.117500000004,29506.21,Hold
Eicher Motors,2018-01-22,28015.05,28015.05,27543.55,27652.0,27743.95347313237,1526,754,42337273.0,689.0,45.15,471.5,-363.05,27652.0,28806.325,29449.677000000003,Hold
Eicher Motors,2018-01-23,27718.05,27725.1,27075.0,27112.9,27293.8511060692,3526,1640,96238119.0,1397.0,39.62,650.1,-605.15,27112.9,28655.919999999995,29380.697999999997,Hold
Eicher Motors,2018-01-24,27099.8,27099.8,26300.0,26400.85,26716.24432320849,6782,2035,181189569.0,4402.0,64.91,799.8,-698.95,26400.85,28467.7625,29307.051,Hold
Eicher Motors,2018-01-25,26490.0,26724.55,26226.65,26524.95,26368.77753229912,20821,1368,549024317.0,18996.0,91.23,497.9,34.95,26524.95,28296.422499999997,29228.027000000002,Hold
Eicher Motors,2018-01-29,26600.0,27824.15,26000.0,27463.45,27284.44249466445,4217,1901,115058494.0,1675.0,39.72,1824.15,863.45,27463.45,28155.067499999997,29167.617,Hold
Eicher Motors,2018-01-30,27500.0,27500.0,26552.15,26653.1,26938.88303601481,71304,1493,1920850116.0,68529.0,96.11,947.85,-846.9,26653.1,27992.6575,29087.927000000003,Hold
Eicher Motors,2018-01-31,26700.0,27394.7,26550.5,26948.9,26965.4881477398,3628,1585,97830791.0,699.0,19.27,844.2,248.9,26948.9,27905.23,29013.9,Hold
Eicher Motors,2018-02-01,26940.0,28199.95,26701.25,27995.35,27447.119689355874,4378,2316,120163490.0,1178.0,26.91,1498.7,1055.35,27995.35,27865.267500000005,28965.862,Hold
Eicher Motors,2018-02-02,28000.0,28495.0,27244.0,27738.8,28033.207846410685,3594,1674,100751349.0,676.0,18.81,1251.0,-261.2,27738.8,27823.472499999996,28916.677000000003,Hold
Eicher Motors,2018-02-05,27489.6,27788.95,27300.0,27575.95,27575.236842105263,1444,600,39818642.0,341.0,23.61,488.95,86.35,27575.95,27739.7275,28855.477000000003,Hold
Eicher Motors,2018-02-06,26849.95,28006.0,26112.1,27567.95,27162.81519919652,2987,1291,81135329.0,610.0,20.42,1893.9,718.0,27567.95,27661.559999999998,28790.672000000002,Hold
Eicher Motors,2018-02-07,27999.0,28440.0,27135.95,27997.6,27968.67058034217,14905,2196,416873035.0,993.0,6.66,1304.05,-1.4,27997.6,27631.739999999998,28733.997000000003,Hold
Eicher Motors,2018-02-08,28198.0,28326.05,27858.05,28116.75,28139.13005272408,3983,1493,112078155.0,1082.0,27.17,468.0,-81.25,28116.75,27632.564999999995,28686.091,Hold
Eicher Motors,2018-02-09,27700.0,27959.75,27585.05,27743.1,27757.71422261484,2264,989,62843465.0,674.0,29.77,374.7,43.1,27743.1,27600.5725,28636.256999999998,Hold
Eicher Motors,2018-02-12,27950.4,28016.4,27729.5,27873.65,27881.81539888683,1078,440,30056597.0,401.0,37.2,286.9,-76.75,27873.65,27568.534999999996,28594.109000000004,Hold
Eicher Motors,2018-02-14,27820.0,28200.0,27740.75,28020.75,28029.63169642857,1792,700,50229100.0,540.0,30.13,459.25,200.75,28020.75,27570.015000000003,28568.474000000002,Hold
Eicher Motors,2018-02-15,28140.0,28400.0,28113.4,28322.4,28309.520469619576,13117,837,371335980.0,859.0,6.55,286.6,182.4,28322.4,27590.807500000003,28546.94,Hold
Eicher Motors,2018-02-16,28355.0,28402.95,27197.0,27350.1,27629.942897930046,2802,1173,77419100.0,827.0,29.51,1205.95,-1004.9,27350.1,27548.6175,28515.541,Hold
Eicher Motors,2018-02-19,27352.0,27567.0,26715.55,27083.1,27111.4301430143,1818,832,49288580.0,436.0,23.98,851.45,-268.9,27083.1,27506.454999999998,28493.107999999997,Hold
Eicher Motors,2018-02-20,27125.0,27400.1,26810.25,26924.6,27140.078571428567,1260,568,34196499.0,234.0,18.57,589.85,-200.4,26924.6,27453.3125,28454.459,Hold
Eicher Motors,2018-02-21,27084.95,27498.95,27017.5,27379.35,27271.8981018981,2002,894,54598340.0,723.0,36.11,481.45,294.4,27379.35,27439.68,28421.945,Hold
Eicher Motors,2018-02-22,27173.1,27210.0,26602.0,26805.45,26994.1717325228,1316,596,35524330.0,513.0,38.98,608.0,-367.65,26805.45,27424.307500000003,28373.198000000004,Hold
Eicher Motors,2018-02-23,27025.0,27166.95,26546.05,26717.35,26692.329469188528,1639,808,43748728.0,558.0,34.05,620.9,-307.65,26717.35,27440.1325,28335.342999999997,Hold
Eicher Motors,2018-02-26,27000.0,27290.0,26749.25,27181.05,27105.410364886306,1891,839,51256331.0,772.0,40.82,540.75,181.05,27181.05,27472.9375,28305.174,Hold
Eicher Motors,2018-02-27,27274.05,27337.15,27050.0,27141.65,27155.897959183676,1323,536,35927253.0,388.0,29.33,287.15,-132.4,27141.65,27456.847499999996,28273.947999999997,Hold
Eicher Motors,2018-02-28,26860.1,27555.0,26577.0,27421.45,27294.72102747909,1674,705,45691363.0,692.0,41.34,978.0,561.35,27421.45,27495.265000000003,28232.31,Hold
Eicher Motors,2018-03-01,27356.0,27960.5,27280.9,27734.85,27724.374860956617,1798,990,49848426.0,458.0,25.47,679.6,378.85,27734.85,27534.5625,28188.816999999995,Hold
Eicher Motors,2018-03-05,27682.75,27796.75,27450.0,27563.3,27560.490906177387,12481,509,343982487.0,410.0,3.28,346.75,-119.45,27563.3,27512.96,28124.183999999997,Hold
Eicher Motors,2018-03-06,27754.8,27777.95,27300.0,27421.1,27463.162197514717,1529,625,41991175.0,642.0,41.99,477.95,-333.7,27421.1,27497.075,28067.511000000002,Hold
Eicher Motors,2018-03-07,27400.1,27627.2,27341.95,27450.15,27471.735028712057,1219,519,33488045.0,436.0,35.77,285.25,50.05,27450.15,27490.784999999996,28012.086,Hold
Eicher Motors,2018-03-08,27538.0,27790.0,27450.0,27702.3,27518.668368187056,6073,557,167120873.0,5236.0,86.22,340.0,164.3,27702.3,27497.502500000002,27961.175,Hold
Eicher Motors,2018-03-09,27998.0,28024.15,27672.0,27875.0,27916.9057497988,11183,574,312194757.0,10338.0,92.44,352.15,-123.0,27875.0,27491.372499999998,27916.255,Hold
Eicher Motors,2018-03-12,27895.0,28378.7,27895.0,28323.3,28218.296084049663,1047,425,29544556.0,438.0,41.83,483.7,428.3,28323.3,27501.7,27879.441000000003,Hold
Eicher Motors,2018-03-13,28040.0,28839.0,28040.0,28794.7,28666.93058161351,1599,608,45838422.0,654.0,40.9,799.0,754.7,28794.7,27554.28,27856.3,Hold
Eicher Motors,2018-03-14,28960.0,29040.2,28638.95,28796.15,28885.87404255319,1175,444,33940902.0,409.0,34.81,401.25,-163.85,28796.15,27600.405,27826.411999999997,Hold
Eicher Motors,2018-03-15,28800.0,28900.0,28601.05,28655.35,28766.414834600368,4867,525,140006141.0,4034.0,82.88,298.95,-144.65,28655.35,27632.135,27801.493000000002,Hold
Eicher Motors,2018-03-16,28750.0,28789.0,27900.0,28048.0,28348.944917376062,1997,824,56612843.0,698.0,34.95,889.0,-702.0,28048.0,27618.415,27788.504,Hold
Eicher Motors,2018-03-19,28175.65,28289.15,27300.0,27421.25,27618.81090909091,1100,480,30380692.0,520.0,47.27,989.15,-754.4,27421.25,27621.972499999996,27761.037,Hold
Eicher Motors,2018-03-20,27450.0,28341.3,27337.95,28286.4,28099.67596972564,2114,952,59402715.0,891.0,42.15,1003.35,836.4,28286.4,27682.1375,27755.271,Hold
Eicher Motors,2018-03-21,28700.0,28700.0,27811.55,27954.5,27982.31650943396,2120,882,59322511.0,872.0,41.13,888.45,-745.5,27954.5,27733.632499999996,27729.343999999997,Buy
Eicher Motors,2018-03-22,28150.0,28466.1,27881.25,28008.6,28207.691075514875,1311,537,36980283.0,503.0,38.37,584.85,-141.4,28008.6,27765.094999999994,27706.89,Hold
Eicher Motors,2018-03-23,27500.0,28002.0,27322.55,27919.3,27758.76039279869,3055,1037,84803013.0,1532.0,50.15,679.45,419.3,27919.3,27820.7875,27693.396,Hold
Eicher Motors,2018-03-26,27800.0,27995.0,27626.15,27840.85,27854.070949185043,2086,626,58103592.0,1189.0,57.0,368.85,40.85,27840.85,27876.9625,27688.208,Hold
Eicher Motors,2018-03-27,28025.3,28533.9,28025.3,28412.6,28345.26928374656,1452,595,41157331.0,535.0,36.85,508.6,387.3,28412.6,27938.539999999997,27688.801,Hold
Eicher Motors,2018-03-28,28088.05,28669.7,28016.3,28336.95,28285.964991023335,1114,526,31510565.0,518.0,46.5,653.4,248.9,28336.95,27998.305,27685.252,Hold
Eicher Motors,2018-04-02,28350.0,28787.0,28022.15,28301.4,28542.139136769256,5491,562,156724886.0,4706.0,85.7,764.85,-48.6,28301.4,28042.3025,27691.457,Hold
Eicher Motors,2018-04-03,28051.25,28170.0,27800.0,28051.95,27966.122051282047,975,457,27266969.0,247.0,25.33,370.0,0.7,28051.95,28058.1575,27694.365,Hold
Eicher Motors,2018-04-04,28500.0,29257.3,28400.0,28944.4,28931.801506424457,4514,2143,130598152.0,1107.0,24.52,857.3,444.4,28944.4,28127.2125,27709.375,Hold
Eicher Motors,2018-04-05,29092.0,29750.0,29092.0,29667.0,29396.853312788902,3245,1470,95392789.0,936.0,28.84,658.0,575.0,29667.0,28239.5075,27744.188,Hold
Eicher Motors,2018-04-06,29655.0,29995.0,29595.05,29793.85,29794.510727190605,8856,938,263860187.0,7587.0,85.67,399.95,138.85,29793.85,28356.692499999997,27780.316000000003,Hold
Eicher Motors,2018-04-09,29796.0,30125.0,29740.0,29849.3,29849.40647341103,20422,1232,609584579.0,19410.0,95.04,385.0,53.3,29849.3,28464.042500000003,27824.262,Hold
Eicher Motors,2018-04-10,29849.0,30171.75,29662.05,29980.75,29975.439550949915,1158,606,34711559.0,312.0,26.94,509.7,131.75,29980.75,28569.330000000005,27881.619,Hold
Eicher Motors,2018-04-11,30050.0,30825.0,29924.3,30689.4,30465.00293255132,3069,1402,93497094.0,1171.0,38.16,900.7,639.4,30689.4,28687.635,27967.39,Hold
Eicher Motors,2018-04-12,30552.0,30899.95,30401.0,30671.8,30719.8838612368,1989,848,61101849.0,732.0,36.8,498.95,119.8,30671.8,28781.49,28050.327,Hold
Eicher Motors,2018-04-13,30675.0,31498.95,30675.0,31341.55,31125.02437785678,1969,968,61285173.0,854.0,43.37,823.95,666.55,31341.55,28908.760000000002,28127.889,Hold
Eicher Motors,2018-04-16,31400.0,31400.0,31001.8,31300.1,31193.692520775625,1444,566,45043692.0,469.0,32.48,398.2,-99.9,31300.1,29040.997500000005,28220.828999999998,Hold
Eicher Motors,2018-04-17,31300.1,31473.0,30802.0,31039.9,31121.076382942283,5839,466,181715965.0,342.0,5.86,671.0,-260.2,31039.9,29190.5925,28302.648999999998,Hold
Eicher Motors,2018-04-18,31117.05,31349.3,30829.3,30870.35,31010.507197549767,3265,530,101249306.0,272.0,8.33,520.0,-246.7,30870.35,29363.047500000004,28360.148999999998,Hold
Eicher Motors,2018-04-19,31051.25,31199.9,30568.2,30902.65,30819.30657127716,3774,995,116312063.0,1976.0,52.36,631.7,-148.6,30902.65,29493.860000000004,28423.425999999996,Hold
Eicher Motors,2018-04-20,30815.05,31250.0,30696.3,31155.0,30914.84640522876,1224,651,37839772.0,407.0,33.25,553.7,339.95,31155.0,29653.885000000002,28495.006999999998,Hold
Eicher Motors,2018-04-23,31150.0,31337.0,30566.4,30934.2,30967.832625482624,5180,621,160413373.0,4247.0,81.99,770.6,-215.8,30934.2,29800.165,28562.332000000002,Hold
Eicher Motors,2018-04-24,30999.0,31400.0,30836.0,31149.45,31092.970588235294,612,337,19028898.0,139.0,22.71,564.0,150.45,31149.45,29961.672499999997,28625.369,Hold
Eicher Motors,2018-04-25,31188.0,31188.0,30675.0,30739.3,30887.7793764988,834,422,25760408.0,214.0,25.66,513.0,-448.7,30739.3,30106.595,28677.82,Hold
Eicher Motors,2018-04-26,30869.6,31344.0,30821.15,31188.1,31052.965408805034,636,329,19749686.0,223.0,35.06,522.85,318.5,31188.1,30245.370000000003,28746.72,Hold
Eicher Motors,2018-04-27,31020.0,32209.5,31019.85,31557.55,31831.209077001527,1961,1044,62421001.0,791.0,40.34,1189.65,537.55,31557.55,30406.4,28820.397999999997,Hold
Eicher Motors,2018-04-30,31700.0,31889.35,31111.0,31214.95,31542.34539473684,608,336,19177746.0,205.0,33.72,778.35,-485.05,31214.95,30552.077499999996,28884.281999999996,Hold
Eicher Motors,2018-05-02,31331.0,31421.65,30320.0,30479.0,30768.56256517205,1918,840,59014103.0,651.0,33.94,1101.65,-852.0,30479.0,30673.43,28927.414,Hold
Eicher Motors,2018-05-03,30699.0,30699.0,29602.75,29905.1,29920.509990485247,1051,505,31446456.0,423.0,40.25,1096.25,-793.9,29905.1,30721.464999999997,28978.514,Hold
Eicher Motors,2018-05-04,29958.3,30048.8,29179.2,29217.3,29446.29647283127,1049,441,30889165.0,438.0,41.75,869.6,-741.0,29217.3,30698.98,29021.198000000004,Hold
Eicher Motors,2018-05-07,29324.7,29900.0,29111.1,29806.3,29625.80320366133,874,463,25892952.0,253.0,28.95,788.9,481.6,29806.3,30699.6025,29078.832,Hold
Eicher Motors,2018-05-08,29987.0,30475.05,29935.4,30435.25,30273.798646362095,1182,601,35783630.0,410.0,34.69,539.65,448.25,30435.25,30728.9,29139.95,Hold
Eicher Motors,2018-05-09,30400.05,30750.0,30000.0,30305.45,30543.826702997278,3670,1379,112095844.0,752.0,20.49,750.0,-94.6,30305.45,30745.135,29209.95,Hold
Eicher Motors,2018-05-10,30750.0,31159.55,30100.0,30688.6,30557.992090784042,2908,1265,88862641.0,729.0,25.07,1059.55,-61.4,30688.6,30745.095,29289.375,Hold
Eicher Motors,2018-05-11,30655.0,31105.0,30632.8,30861.15,30888.351672862453,1345,593,41544833.0,336.0,24.98,472.2,206.15,30861.15,30754.5625,29362.977000000003,Hold
Eicher Motors,2018-05-14,30836.0,30924.5,30350.05,30471.95,30614.995341614904,1288,535,39432114.0,513.0,39.83,574.45,-364.05,30471.95,30711.082499999997,29429.583000000002,Hold
Eicher Motors,2018-05-15,30454.05,30984.8,30229.4,30742.8,30677.986707566462,978,521,30003071.0,196.0,20.04,755.4,288.75,30742.8,30683.2175,29496.01,Hold
Eicher Motors,2018-05-16,30588.2,30951.5,30370.35,30549.95,30663.70241691843,662,300,20299371.0,208.0,31.42,581.15,-38.25,30549.95,30658.719999999994,29552.312,Hold
Eicher Motors,2018-05-17,30591.55,30899.0,30388.05,30494.8,30650.179675994106,679,291,20811472.0,242.0,35.64,510.95,-96.75,30494.8,30639.942499999997,29610.942000000003,Hold
Eicher Motors,2018-05-18,30705.25,30725.0,29772.75,30131.25,30341.407928388744,782,363,23726981.0,291.0,37.21,952.25,-574.0,30131.25,30601.372499999998,29665.145,Hold
Eicher Motors,2018-05-21,29986.8,30174.75,29341.0,29444.65,29811.09726443769,987,504,29423553.0,250.0,25.33,833.75,-542.15,29444.65,30515.855,29705.035,Hold
Eicher Motors,2018-05-22,29401.0,29971.3,29401.0,29918.0,29805.446920052425,763,399,22741556.0,233.0,30.54,570.3,517.0,29918.0,30465.045000000002,29749.349,Hold
Eicher Motors,2018-05-23,29730.0,29765.6,29265.7,29399.25,29455.302415458937,1035,610,30486238.0,358.0,34.59,499.9,-330.75,29399.25,30377.534999999996,29779.834,Hold
Eicher Motors,2018-05-24,29424.1,29724.25,29280.35,29483.35,29497.1173594132,818,429,24128642.0,237.0,28.97,443.9,59.25,29483.35,30314.7375,29803.035,Hold
Eicher Motors,2018-05-25,29649.45,30248.7,29649.45,30103.3,29991.446078431367,1020,565,30591275.0,289.0,28.33,599.25,453.85,30103.3,30260.497500000005,29829.207,Hold
Eicher Motors,2018-05-28,30222.75,30735.0,30111.3,30636.75,30634.50607287449,741,395,22700169.0,226.0,30.5,623.7,414.0,30636.75,30214.4575,29866.019,Hold
Eicher Motors,2018-05-29,30630.0,30747.0,30312.6,30492.95,30575.834331337323,501,238,15318493.0,115.0,22.95,434.4,-137.05,30492.95,30178.357500000002,29902.771,Hold
Eicher Motors,2018-05-30,30146.25,30969.05,30000.0,30239.35,30176.124361158432,587,264,17713385.0,173.0,29.47,969.05,93.1,30239.35,30166.375,29946.597999999998,Hold
Eicher Motors,2018-05-31,30500.0,31424.65,30150.0,30647.25,30558.44827586207,2233,780,68237015.0,684.0,30.63,1274.65,147.25,30647.25,30203.482500000002,30011.118,Hold
Eicher Motors,2018-06-01,30500.1,30582.5,29369.3,29788.8,29872.52280805687,3376,1844,100849637.0,751.0,22.25,1213.2,-711.3,29788.8,30232.057500000003,30041.166,Hold
Eicher Motors,2018-06-04,30333.0,30333.0,29309.05,29382.2,29775.78335433007,24607,1070,732692701.0,23259.0,94.52,1023.95,-950.8,29382.2,30210.852499999997,30069.72,Hold
Eicher Motors,2018-06-05,29429.0,29527.65,29076.3,29261.65,29263.238244514105,1595,734,46674865.0,562.0,35.24,451.35,-167.35,29261.65,30152.172499999997,30094.781000000003,Hold
Eicher Motors,2018-06-06,29740.0,30020.75,29220.0,29895.5,29748.340425531915,987,412,29361612.0,261.0,26.44,800.75,155.5,29895.5,30131.675,30134.305,Sell
Eicher Motors,2018-06-07,30210.35,30216.3,29532.3,29667.2,29872.725113122167,884,396,26407489.0,297.0,33.6,684.0,-543.15,29667.2,30080.605,30170.832000000002,Hold
Eicher Motors,2018-06-08,29548.65,29888.0,29307.9,29560.35,29460.94384707288,837,356,24658810.0,298.0,35.6,580.1,11.7,29560.35,30015.565000000002,30193.786999999997,Hold
Eicher Motors,2018-06-11,29590.1,29787.0,29539.0,29639.85,29665.790043290042,462,211,13705595.0,78.0,16.88,248.0,49.75,29639.85,29973.960000000003,30219.845,Hold
Eicher Motors,2018-06-12,29700.05,29961.9,29152.35,29225.2,29458.600364963502,1644,684,48429939.0,660.0,40.15,809.55,-474.85,29225.2,29898.079999999998,30238.321,Hold
Eicher Motors,2018-06-13,29400.0,29525.0,29300.0,29382.8,29459.894104873216,15657,253,461253562.0,10357.0,66.15,225.0,-17.2,29382.8,29839.722500000003,30264.938,Hold
Eicher Motors,2018-06-14,29348.2,29559.0,29152.35,29531.55,29374.95207253886,772,266,22677463.0,185.0,23.96,406.65,183.35,29531.55,29791.559999999998,30276.681,Hold
Eicher Motors,2018-06-15,29489.35,29650.0,29289.0,29506.4,29479.463312368967,954,357,28123408.0,336.0,35.22,361.0,17.05,29506.4,29760.317499999997,30273.468999999997,Hold
Eicher Motors,2018-06-18,29572.25,30238.0,29432.6,30125.05,30015.071875,1600,828,48024115.0,678.0,42.38,805.4,552.8,30125.05,29794.3375,30280.092999999997,Hold
Eicher Motors,2018-06-19,29935.75,30099.95,29600.0,29962.3,29847.91018998273,579,291,17281940.0,219.0,37.82,499.95,26.55,29962.3,29796.552499999998,30282.353000000003,Hold
Eicher Motors,2018-06-20,29930.0,30153.75,29650.0,29764.05,29905.53610108303,554,260,16567667.0,146.0,26.35,503.75,-165.95,29764.05,29814.7925,30278.019000000004,Hold
Eicher Motors,2018-06-21,30012.15,30012.15,29412.0,29492.5,29598.636239782016,734,347,21725399.0,242.0,32.97,600.15,-519.65,29492.5,29815.25,30254.081000000002,Hold
Eicher Motors,2018-06-22,29353.1,29398.35,28905.1,29154.65,29102.47364996747,1537,789,44730502.0,645.0,41.96,493.25,-198.45,29154.65,29767.817499999997,30223.737999999998,Hold
Eicher Motors,2018-06-25,29303.4,29700.0,29155.05,29436.1,29447.137426900583,1026,473,30212763.0,362.0,35.28,544.95,132.7,29436.1,29707.784999999996,30185.629000000004,Hold
Eicher Motors,2018-06-26,29493.45,29547.15,28983.0,29090.05,29251.418811881187,1010,405,29543933.0,493.0,48.81,564.15,-403.4,29090.05,29637.640000000003,30141.428,Hold
Eicher Motors,2018-06-27,29139.0,29139.0,28289.6,28371.3,28611.81289978678,1876,780,53675761.0,709.0,37.79,849.4,-767.7,28371.3,29544.2375,30088.056,Hold
Eicher Motors,2018-06-28,28290.0,28510.95,27736.5,28373.55,28081.127736663584,12972,1048,364268389.0,11013.0,84.9,774.45,83.55,28373.55,29430.5525,30038.12,Hold
Eicher Motors,2018-06-29,28646.35,28795.3,28425.0,28560.8,28575.85184102864,3422,461,97786565.0,2991.0,87.41,370.3,-85.55,28560.8,29369.152499999997,29991.283000000003,Hold
Eicher Motors,2018-07-02,29000.0,29000.0,27900.0,28200.5,28156.007637017072,2226,755,62675273.0,905.0,40.66,1100.0,-799.5,28200.5,29310.067499999997,29932.193000000003,Hold
Eicher Motors,2018-07-03,28235.05,28372.35,28050.0,28102.7,28184.1875,560,229,15783145.0,164.0,29.29,322.35,-132.35,28102.7,29252.120000000003,29875.563,Hold
Eicher Motors,2018-07-04,28181.0,28350.0,28059.45,28256.75,28242.5945709282,1142,367,32253043.0,528.0,46.23,290.55,75.75,28256.75,29170.182500000003,29817.709,Hold
Eicher Motors,2018-07-05,28272.05,28317.0,27900.0,27962.1,28013.13343677269,1289,421,36108929.0,502.0,38.94,417.0,-309.95,27962.1,29084.9275,29762.165,Hold
Eicher Motors,2018-07-06,27960.0,28200.0,27455.25,27586.0,27830.919384389887,2729,1068,75950579.0,1147.0,42.03,744.75,-374.0,27586.0,28986.21,29690.123,Hold
Eicher Motors,2018-07-09,28200.0,28200.0,27644.0,27686.6,27784.65941530872,24731,479,687142412.0,489.0,1.98,556.0,-513.4,27686.6,28888.547499999997,29612.703999999998,Hold
Eicher Motors,2018-07-10,27802.95,28399.0,27700.0,28280.7,28070.964155528556,1646,663,46204807.0,809.0,49.15,699.0,477.75,28280.7,28841.322500000002,29554.019,Hold
Eicher Motors,2018-07-11,28285.0,28597.4,28088.1,28178.25,28392.565110565112,1221,564,34667322.0,567.0,46.44,509.3,-106.75,28178.25,28781.095,29508.004,Hold
Eicher Motors,2018-07-12,28288.4,28288.95,27950.0,28020.35,28066.76065891473,1032,438,28964897.0,421.0,40.79,338.95,-268.05,28020.35,28705.535000000003,29470.308999999997,Hold
Eicher Motors,2018-07-13,28130.05,28179.95,27531.4,27601.3,27633.42134831461,1424,650,39349992.0,530.0,37.22,648.55,-528.75,27601.3,28610.28,29437.988999999998,Hold
Eicher Motors,2018-07-16,27600.0,27728.95,27051.05,27392.55,27417.623737373735,792,339,21714758.0,265.0,33.46,677.9,-207.45,27392.55,28473.655,29389.714,Hold
Eicher Motors,2018-07-17,27420.0,27431.75,27001.05,27215.95,27150.180080971655,6175,885,167652362.0,5181.0,83.9,430.7,-204.05,27215.95,28336.3375,29325.328,Hold
Eicher Motors,2018-07-18,27217.0,27680.0,27160.1,27262.5,27471.775202781,863,360,23708142.0,247.0,28.62,519.9,45.5,27262.5,28211.26,29264.468999999997,Hold
Eicher Motors,2018-07-19,27414.0,27414.0,26850.0,26982.0,27156.431746031743,630,253,17108552.0,247.0,39.21,564.0,-432.0,26982.0,28085.734999999997,29190.337000000003,Hold
Eicher Motors,2018-07-20,26966.45,27199.0,26802.0,27052.4,26999.998969072163,970,460,26189999.0,399.0,41.13,397.0,85.95,27052.4,27980.622499999998,29114.161999999997,Hold
Eicher Motors,2018-07-23,27800.0,27800.0,26889.5,26999.55,27029.566593886462,916,380,24759083.0,378.0,41.27,910.5,-800.45,26999.55,27858.795000000002,29044.714,Hold
Eicher Motors,2018-07-24,26950.0,27815.0,26870.05,27700.8,27567.94137638063,1177,485,32447467.0,506.0,42.99,944.95,750.8,27700.8,27789.332499999997,28983.874,Hold
Eicher Motors,2018-07-25,27800.0,27926.45,27112.3,27346.2,27583.86534653465,1010,401,27859704.0,260.0,25.74,814.15,-453.8,27346.2,27738.077500000003,28919.799,Hold
Eicher Motors,2018-07-26,27526.9,28892.0,27499.65,28266.7,28236.153908464963,2469,988,69715064.0,710.0,28.76,1392.35,739.8,28266.7,27732.734999999997,28875.236999999997,Hold
Eicher Motors,2018-07-27,28500.0,29045.0,28234.35,28963.8,28921.663736759074,4437,600,128325422.0,3539.0,79.76,810.65,463.8,28963.8,27752.885000000002,28851.888,Hold
Eicher Motors,2018-07-30,29067.9,29067.9,28475.0,28570.35,28595.603296703295,910,311,26021999.0,158.0,17.36,592.9,-497.55,28570.35,27771.377500000002,28834.402,Hold
Eicher Motors,2018-07-31,28575.0,28600.0,27758.75,27820.95,27992.86025998143,2154,636,60296621.0,986.0,45.78,841.25,-754.05,27820.95,27757.289999999997,28792.461,Hold
Hero Motocorp,2015-01-01,3100.0,3121.9,3081.6,3107.3,3101.609449501517,9228,1550,28621652.0,2482.0,26.9,40.3,7.3,3107.3,,,Hold
Hero Motocorp,2015-01-02,3110.0,3117.8,3092.55,3097.75,3103.053846153846,9620,1976,29851378.0,2108.0,21.91,25.25,-12.25,3097.75,,,Hold
Hero Motocorp,2015-01-05,3100.0,3149.2,3098.55,3118.65,3127.4525399030804,29509,3586,92287997.0,8041.0,27.25,50.65,18.65,3118.65,,,Hold
Hero Motocorp,2015-01-06,3100.0,3100.0,3001.05,3011.8,3043.406582003261,20237,4573,61589419.0,6800.0,33.6,98.95,-88.2,3011.8,,,Hold
Hero Motocorp,2015-01-07,3005.0,3019.8,2967.05,2977.1,2987.555679287305,16164,3841,48290850.0,3726.0,23.05,52.75,-27.9,2977.1,,,Hold
Hero Motocorp,2015-01-08,2980.0,2998.65,2954.05,2984.45,2976.1535142459797,28043,4622,83460273.0,11150.0,39.76,44.6,4.45,2984.45,,,Hold
Hero Motocorp,2015-01-09,3000.0,3010.0,2968.55,2993.15,2991.347604917338,16513,3060,49396123.0,6163.0,37.32,41.45,-6.85,2993.15,,,Hold
Hero Motocorp,2015-01-12,2990.25,2990.25,2925.65,2936.2,2949.5487969957644,22901,3979,67547617.0,9013.0,39.36,64.6,-54.05,2936.2,,,Hold
Hero Motocorp,2015-01-13,2925.0,2957.75,2887.25,2893.7,2913.7757107089656,31553,6970,91938365.0,13311.0,42.19,70.5,-31.3,2893.7,,,Hold
Hero Motocorp,2015-01-14,2882.55,2922.0,2882.55,2905.2,2898.807331771008,41818,6790,121222325.0,22478.0,53.75,39.45,22.65,2905.2,,,Hold
Hero Motocorp,2015-01-15,2915.05,2965.0,2915.05,2950.25,2945.4259872175303,17524,2576,51615645.0,6266.0,35.76,49.95,35.2,2950.25,,,Hold
Hero Motocorp,2015-01-16,2942.0,2954.75,2892.0,2896.85,2913.2399939357183,32980,6813,96078655.0,18554.0,56.26,62.75,-45.15,2896.85,,,Hold
Hero Motocorp,2015-01-19,2900.0,2920.55,2835.0,2841.75,2865.565497606608,31963,6139,91592070.0,18489.0,57.85,85.55,-58.25,2841.75,,,Hold
Hero Motocorp,2015-01-20,2859.0,2860.0,2797.2,2827.7,2824.0094008264464,38720,8281,109345644.0,19272.0,49.77,62.8,-31.3,2827.7,,,Hold
Hero Motocorp,2015-01-21,2830.0,2895.75,2830.0,2876.5,2858.8245618938486,35779,6760,102285884.0,17309.0,48.38,65.75,46.5,2876.5,,,Hold
Hero Motocorp,2015-01-22,2920.0,2920.0,2815.6,2838.15,2855.0271996215706,38052,6423,108639495.0,13533.0,35.56,104.4,-81.85,2838.15,,,Hold
Hero Motocorp,2015-01-23,2844.0,2893.5,2844.0,2859.65,2866.4344981205622,21549,4124,61768797.0,8364.0,38.81,49.5,15.65,2859.65,,,Hold
Hero Motocorp,2015-01-27,2880.0,2880.0,2822.05,2856.7,2842.9328521939956,17320,4549,49239597.0,7616.0,43.97,57.95,-23.3,2856.7,,,Hold
Hero Motocorp,2015-01-28,2862.25,2895.0,2842.2,2865.45,2869.061803700156,19837,5358,56913579.0,8572.0,43.21,52.8,3.2,2865.45,,,Hold
Hero Motocorp,2015-01-29,2864.5,2889.6,2863.55,2875.4,2880.288189077795,15528,2533,44725115.0,5702.0,36.72,26.05,10.9,2875.4,2935.685,,Hold
Hero Motocorp,2015-01-30,2889.85,2937.0,2860.05,2869.55,2905.2960631723504,26214,5073,76159431.0,5833.0,22.25,76.95,-20.3,2869.55,2923.7974999999997,,Hold
Hero Motocorp,2015-02-02,2874.5,2889.4,2815.0,2834.4,2843.326794279048,23143,4160,65803112.0,7544.0,32.6,74.4,-40.1,2834.4,2910.63,,Hold
Hero Motocorp,2015-02-03,2848.65,2855.85,2793.6,2812.35,2813.5641342178064,67234,6428,189167171.0,32176.0,47.86,62.25,-36.3,2812.35,2895.315,,Hold
Hero Motocorp,2015-02-04,2780.0,2863.0,2753.85,2829.9,2794.563153648909,69418,8429,193992985.0,22104.0,31.84,109.15,49.9,2829.9,2886.2200000000003,,Hold
Hero Motocorp,2015-02-05,2829.0,2857.6,2825.25,2847.05,2844.596122379673,64782,4753,184278626.0,45596.0,70.38,32.35,18.05,2847.05,2879.7174999999997,,Hold
Hero Motocorp,2015-02-06,2855.0,2855.0,2772.5,2779.5,2788.802748706845,66504,7463,185466538.0,28189.0,42.39,82.5,-75.5,2779.5,2869.47,,Hold
Hero Motocorp,2015-02-09,2767.0,2767.0,2705.2,2728.5,2726.9106481880003,34851,5751,95035563.0,12711.0,36.47,61.8,-38.5,2728.5,2856.2375,,Hold
Hero Motocorp,2015-02-10,2714.15,2750.0,2690.25,2720.65,2714.0059229238514,191966,9307,520996861.0,157883.0,82.25,59.75,6.5,2720.65,2845.46,,Hold
Hero Motocorp,2015-02-11,2724.35,2769.0,2700.0,2752.45,2736.433830296337,43464,5628,118936360.0,20095.0,46.23,69.0,28.1,2752.45,2838.3975,,Hold
Hero Motocorp,2015-02-12,2760.0,2817.0,2760.0,2805.35,2799.6808747220166,35074,5634,98196007.0,15651.0,44.62,57.0,45.35,2805.35,2833.4049999999997,,Hold
Hero Motocorp,2015-02-13,2845.0,2869.1,2814.8,2852.5,2842.520847121112,21154,3622,60130686.0,5677.0,26.84,54.3,7.5,2852.5,2828.5175,,Hold
Hero Motocorp,2015-02-16,2830.0,2859.9,2793.05,2806.25,2814.51685162351,19464,3857,54781756.0,7759.0,39.86,66.85,-23.75,2806.25,2823.9875,,Hold
Hero Motocorp,2015-02-18,2715.0,2748.0,2645.05,2663.45,2681.700558090996,906483,41653,2430915967.0,191831.0,21.16,102.95,-51.55,2663.45,2815.0724999999998,,Hold
Hero Motocorp,2015-02-19,2677.0,2701.85,2651.1,2667.2,2675.5687044237675,80497,9489,215375254.0,23804.0,29.57,50.75,-9.8,2667.2,2807.0474999999997,,Hold
Hero Motocorp,2015-02-20,2665.0,2682.5,2648.0,2659.85,2668.171547714515,62350,5955,166360496.0,33842.0,54.28,34.5,-5.15,2659.85,2796.215,,Hold
Hero Motocorp,2015-02-23,2660.0,2665.0,2630.15,2646.8,2645.409592516736,32713,5054,86539284.0,13632.0,41.67,34.85,-13.2,2646.8,2786.6475,,Hold
Hero Motocorp,2015-02-24,2655.4,2670.0,2641.0,2651.2,2654.970264903869,41298,3678,109644962.0,18103.0,43.84,29.0,-4.2,2651.2,2776.225,,Hold
Hero Motocorp,2015-02-25,2670.0,2670.0,2615.1,2625.55,2634.697414213693,30745,4295,81003772.0,11883.0,38.65,54.9,-44.45,2625.55,2764.6675,,Hold
Hero Motocorp,2015-02-26,2630.1,2633.65,2602.2,2625.65,2620.31159061219,44398,5191,116336594.0,21006.0,47.31,31.45,-4.45,2625.65,2752.6775,,Hold
Hero Motocorp,2015-02-27,2630.0,2679.6,2630.0,2670.35,2664.398226082528,70691,8184,188348975.0,41137.0,58.19,49.6,40.35,2670.35,2742.425,,Hold
Hero Motocorp,2015-02-28,2673.95,2699.4,2641.8,2682.65,2663.28893864214,33052,5092,88027026.0,7700.0,23.3,57.6,8.7,2682.65,2733.08,,Hold
Hero Motocorp,2015-03-02,2687.0,2703.25,2616.4,2624.75,2637.8894170961435,45016,5394,118747230.0,19550.0,43.43,86.85,-62.25,2624.75,2722.5975,,Hold
Hero Motocorp,2015-03-03,2626.0,2650.0,2600.05,2636.95,2629.90673630356,28146,4315,74021355.0,9741.0,34.61,49.95,10.95,2636.95,2713.8275000000003,,Hold
Hero Motocorp,2015-03-04,2640.0,2675.45,2611.0,2621.4,2646.823954777374,54486,4899,144214850.0,31086.0,57.05,64.45,-18.6,2621.4,2703.4024999999997,,Hold
Hero Motocorp,2015-03-05,2629.4,2634.0,2591.0,2608.1,2604.6740240117606,48976,6840,127566515.0,17834.0,36.41,43.0,-21.3,2608.1,2691.4550000000004,,Hold
Hero Motocorp,2015-03-09,2607.95,2607.95,2574.0,2599.65,2591.338078129974,21989,3426,56980933.0,7463.0,33.94,33.95,-8.3,2599.65,2682.4625,,Hold
Hero Motocorp,2015-03-10,2601.0,2626.0,2600.0,2620.55,2617.120132504056,44376,6743,116137323.0,19125.0,43.1,26.0,19.55,2620.55,2677.065,,Hold
Hero Motocorp,2015-03-11,2616.0,2624.2,2595.0,2617.0,2612.9433316557624,29805,4440,77878776.0,12058.0,40.46,29.2,1.0,2617.0,2671.8825,,Hold
Hero Motocorp,2015-03-12,2621.0,2647.45,2616.85,2642.65,2639.893255350771,166191,3883,438726500.0,153247.0,92.21,30.6,21.65,2642.65,2666.3925,,Hold
Hero Motocorp,2015-03-13,2660.0,2660.0,2604.05,2609.5,2620.9819220048166,36951,4456,96847903.0,17837.0,48.27,55.95,-50.5,2609.5,2656.6,2796.508,Hold
Hero Motocorp,2015-03-16,2615.25,2645.0,2600.75,2629.65,2620.5592567632616,20774,2733,54439498.0,5771.0,27.78,44.25,14.4,2629.65,2645.4575,2786.955,Hold
Hero Motocorp,2015-03-17,2648.0,2656.5,2634.8,2652.45,2649.5268562688902,27461,2750,72758657.0,14744.0,53.69,21.7,4.45,2652.45,2637.7675,2778.0490000000004,Hold
Hero Motocorp,2015-03-18,2653.0,2688.75,2640.05,2674.05,2675.936506693807,25546,5529,68359474.0,9646.0,37.76,48.7,21.05,2674.05,2638.2975,2769.1569999999997,Hold
Hero Motocorp,2015-03-19,2680.0,2698.0,2652.3,2665.05,2671.802954391182,30937,3634,82657568.0,14735.0,47.63,45.7,-14.95,2665.05,2638.1899999999996,2762.222,Hold
Hero Motocorp,2015-03-20,2665.0,2666.0,2605.0,2614.8,2628.6810890142897,87896,4538,231050553.0,71409.0,81.24,61.0,-50.2,2614.8,2635.9375,2754.9759999999997,Hold
Hero Motocorp,2015-03-23,2610.0,2644.6,2604.25,2638.0,2625.181222526333,12057,2069,31651810.0,3491.0,28.95,40.35,28.0,2638.0,2635.4975000000004,2748.047,Hold
Hero Motocorp,2015-03-24,2644.0,2645.0,2601.0,2607.8,2611.6997253789996,44789,4170,116975419.0,30341.0,67.74,44.0,-36.2,2607.8,2633.3275,2740.34,Hold
Hero Motocorp,2015-03-25,2623.7,2623.7,2590.0,2595.6,2597.1310494992017,34445,2336,89458179.0,26347.0,76.49,33.7,-28.1,2595.6,2631.8300000000004,2733.528,Hold
Hero Motocorp,2015-03-26,2599.0,2621.9,2577.4,2608.05,2606.3539515841935,22472,4128,58569986.0,10355.0,46.08,44.5,9.05,2608.05,2630.95,2727.815,Hold
Hero Motocorp,2015-03-27,2601.25,2601.25,2556.4,2576.75,2571.807985480944,27550,3787,70853310.0,14702.0,53.36,44.85,-24.5,2576.75,2626.27,2721.2460000000005,Hold
Hero Motocorp,2015-03-30,2580.0,2662.25,2564.35,2636.55,2621.681739130435,22425,3570,58791213.0,7008.0,31.25,97.9,56.55,2636.55,2623.965,2714.972,Hold
Hero Motocorp,2015-03-31,2643.55,2657.15,2620.1,2642.6,2641.546511627907,27434,2820,72468187.0,15110.0,55.08,37.05,-0.95,2642.6,2624.8575,2709.887,Hold
Hero Motocorp,2015-04-01,2633.9,2667.5,2629.2,2655.6,2650.3249505277045,12128,2196,32143141.0,3469.0,28.6,38.3,21.7,2655.6,2625.79,2706.164,Hold
Hero Motocorp,2015-04-06,2655.5,2678.0,2634.35,2671.8,2659.9819624819625,13860,2129,36867350.0,3488.0,25.17,43.65,16.3,2671.8,2628.3100000000004,2703.046,Hold
Hero Motocorp,2015-04-07,2680.0,2680.0,2622.2,2640.0,2643.716467740589,11981,2224,31674367.0,2019.0,16.85,57.8,-40.0,2640.0,2629.905,2698.316,Hold
Hero Motocorp,2015-04-08,2657.7,2657.7,2600.15,2605.1,2619.59668379262,17128,2465,44868452.0,7651.0,44.67,57.55,-52.6,2605.1,2630.1775000000002,2693.655,Hold
Hero Motocorp,2015-04-09,2625.0,2631.0,2602.7,2610.0,2607.2960644007157,84968,3541,221536732.0,70407.0,82.86,28.3,-15.0,2610.0,2629.65,2688.6620000000003,Hold
Hero Motocorp,2015-04-10,2629.0,2629.0,2575.0,2584.25,2597.5442518879327,383091,9356,995095825.0,362916.0,94.73,54.0,-44.75,2584.25,2628.0125,2683.2129999999997,Hold
Hero Motocorp,2015-04-13,2586.0,2595.45,2567.85,2580.65,2580.4800392423213,26502,5398,68387882.0,16259.0,61.35,27.6,-5.35,2580.65,2624.9125,2677.5170000000003,Hold
Hero Motocorp,2015-04-15,2581.0,2587.05,2505.0,2523.85,2553.5225608028813,24711,4049,63100096.0,11942.0,48.33,82.05,-57.15,2523.85,2620.63,2670.4860000000003,Hold
Hero Motocorp,2015-04-16,2525.0,2525.0,2415.0,2428.85,2451.8386152306966,67968,7555,166646567.0,33091.0,48.69,110.0,-96.15,2428.85,2610.5899999999997,2661.672,Hold
Hero Motocorp,2015-04-17,2430.0,2438.1,2383.2,2410.15,2408.418729360438,33007,5588,79494677.0,12730.0,38.57,54.9,-19.85,2410.15,2598.475,2653.187,Hold
Hero Motocorp,2015-04-20,2409.55,2426.0,2300.0,2314.7,2341.0001477614146,40606,7625,95058652.0,17383.0,42.81,126.0,-94.85,2314.7,2580.5074999999997,2643.2340000000004,Hold
Hero Motocorp,2015-04-21,2349.9,2349.9,2294.0,2329.45,2321.6007461321824,27341,5569,63474886.0,12437.0,45.49,55.9,-20.45,2329.45,2563.7275,2633.225,Hold
Hero Motocorp,2015-04-22,2348.45,2417.8,2341.35,2408.6,2381.2769930734758,29452,5938,70133370.0,12769.0,43.36,76.45,60.15,2408.6,2553.4175,2624.4559999999997,Hold
Hero Motocorp,2015-04-23,2410.0,2426.95,2362.0,2372.55,2386.762549329124,25340,4710,60480563.0,7729.0,30.5,64.95,-37.45,2372.55,2540.145,2616.317,Hold
Hero Motocorp,2015-04-24,2385.0,2394.0,2325.0,2352.55,2371.9373590021146,296547,5883,703390908.0,279727.0,94.33,69.0,-32.45,2352.55,2527.3825,2608.7980000000002,Hold
Hero Motocorp,2015-04-27,2351.0,2360.0,2298.45,2324.05,2313.8006789238852,491955,4446,1138285813.0,464134.0,94.34,61.55,-26.95,2324.05,2513.805,2600.866,Hold
Hero Motocorp,2015-04-28,2303.6,2369.8,2302.1,2356.35,2356.156813386686,68725,5214,161926877.0,46998.0,68.39,67.7,52.75,2356.35,2501.2200000000003,2592.944,Hold
Hero Motocorp,2015-04-29,2357.0,2389.7,2340.6,2372.85,2368.3978180538447,28415,5787,67298024.0,12384.0,43.58,49.1,15.85,2372.85,2491.025,2584.2940000000003,Hold
Hero Motocorp,2015-04-30,2365.1,2365.1,2324.9,2329.45,2336.058632758565,155715,8425,363759370.0,114236.0,73.36,40.2,-35.65,2329.45,2475.67,2573.833,Hold
Hero Motocorp,2015-05-04,2345.0,2397.95,2334.1,2386.0,2364.3759672685223,22486,5260,53165358.0,5045.0,22.44,63.85,41.0,2386.0,2462.84,2565.4280000000003,Hold
Hero Motocorp,2015-05-05,2389.55,2390.0,2340.65,2357.7,2360.1361263131407,31794,3555,75038168.0,18261.0,57.44,49.35,-31.85,2357.7,2447.945,2559.313,Hold
Hero Motocorp,2015-05-06,2356.0,2356.0,2310.0,2325.95,2326.46649694501,39280,5490,91383604.0,17319.0,44.09,46.0,-30.05,2325.95,2430.6524999999997,2552.488,Hold
Hero Motocorp,2015-05-07,2328.0,2371.0,2312.75,2354.1,2347.1019042204066,100251,11313,235299313.0,46930.0,46.81,58.25,26.1,2354.1,2416.3575,2546.373,Hold
Hero Motocorp,2015-05-08,2305.0,2330.0,2252.0,2301.55,2284.080327388837,71719,11378,163811957.0,15039.0,20.97,78.0,-3.45,2301.55,2401.18,2539.4680000000003,Hold
Hero Motocorp,2015-05-11,2345.0,2403.8,2311.4,2384.2,2375.865582692394,44466,3222,105645239.0,14273.0,32.1,92.4,39.2,2384.2,2389.8900000000003,2534.128,Hold
Hero Motocorp,2015-05-12,2399.0,2494.9,2385.15,2459.9,2455.5666438091966,93332,6985,229182946.0,13358.0,14.31,109.75,60.9,2459.9,2383.6724999999997,2530.815,Hold
Hero Motocorp,2015-05-13,2474.2,2527.45,2474.2,2502.1,2505.2996901979905,63589,6261,159309502.0,26376.0,41.48,53.25,27.9,2502.1,2379.745,2528.344,Hold
Hero Motocorp,2015-05-14,2503.0,2548.0,2483.2,2529.95,2528.0472371671235,29553,2736,74711380.0,6866.0,23.23,64.8,26.95,2529.95,2380.05,2525.536,Hold
Hero Motocorp,2015-05-15,2530.0,2552.2,2515.5,2528.4,2531.10554860242,14382,1197,36402360.0,3047.0,21.19,36.7,-1.6,2528.4,2385.0275,2522.4509999999996,Hold
Hero Motocorp,2015-05-18,2540.0,2547.7,2507.0,2520.6,2519.0516964370095,10581,929,26654086.0,3360.0,31.76,40.7,-19.4,2520.6,2390.55,2520.368,Hold
Hero Motocorp,2015-05-19,2519.0,2608.0,2519.0,2575.1,2581.9797369973285,28821,2129,74415238.0,5492.0,19.06,89.0,56.1,2575.1,2403.57,2519.131,Hold
Hero Motocorp,2015-05-20,2581.25,2595.0,2574.35,2579.25,2581.437435531223,12603,1479,32533856.0,4040.0,32.06,20.65,-2.0,2579.25,2416.06,2518.288,Hold
Hero Motocorp,2015-05-21,2579.0,2613.7,2555.95,2602.5,2588.899892756971,24244,1575,62765289.0,3114.0,12.84,57.75,23.5,2602.5,2425.755,2518.176,Hold
Hero Motocorp,2015-05-22,2580.0,2610.0,2579.0,2600.9,2594.5250818366803,11303,886,29325917.0,2037.0,18.02,31.0,20.9,2600.9,2437.1724999999997,2518.201,Hold
Hero Motocorp,2015-05-25,2601.95,2603.35,2580.0,2586.85,2589.8709239130435,8096,541,20967595.0,1684.0,20.8,23.35,-15.1,2586.85,2448.8875,2517.527,Hold
Hero Motocorp,2015-05-26,2599.0,2636.15,2587.85,2616.05,2616.6070976587216,18964,1759,49621337.0,3785.0,19.96,48.3,17.05,2616.05,2463.4875,2517.508,Hold
Hero Motocorp,2015-05-27,2600.0,2659.95,2593.0,2605.05,2634.6462012191287,31826,1912,83850250.0,4071.0,12.79,66.95,5.05,2605.05,2475.9224999999997,2516.756,Hold
Hero Motocorp,2015-05-28,2622.0,2659.0,2595.1,2641.95,2635.066932575675,36604,1665,96453990.0,3031.0,8.28,63.9,19.95,2641.95,2489.3775,2517.405,Hold
Hero Motocorp,2015-05-29,2640.0,2705.0,2623.25,2696.0,2664.1552036602397,33659,4054,89672800.0,11608.0,34.49,81.75,56.0,2696.0,2507.705,2518.732,Hold
Hero Motocorp,2015-06-01,2680.5,2738.6,2647.0,2709.7,2698.8234497969825,19949,1886,53838829.0,5449.0,27.31,91.6,29.2,2709.7,2523.89,2519.877,Buy
Hero Motocorp,2015-06-02,2700.0,2700.5,2601.35,2607.85,2629.4693996906008,53006,5466,139377655.0,17472.0,32.96,99.15,-92.15,2607.85,2536.3975,2518.553,Hold
Hero Motocorp,2015-06-03,2610.0,2630.0,2568.0,2578.05,2591.020104110573,22284,1842,57738292.0,5686.0,25.52,62.0,-31.95,2578.05,2549.0025,2516.813,Hold
Hero Motocorp,2015-06-04,2597.6,2597.6,2538.0,2548.4,2550.0765442723277,20916,1761,53337401.0,6176.0,29.53,59.6,-49.2,2548.4,2558.7174999999997,2515.485,Hold
Hero Motocorp,2015-06-05,2549.0,2589.0,2530.0,2576.85,2564.1976791412826,17235,1381,44193947.0,3768.0,21.86,59.0,27.85,2576.85,2572.4825,2514.262,Hold
Hero Motocorp,2015-06-08,2580.55,2596.35,2510.0,2519.2,2538.1096774193547,11005,1481,27931897.0,3068.0,27.88,86.35,-61.35,2519.2,2579.2324999999996,2512.49,Hold
Hero Motocorp,2015-06-09,2523.0,2530.8,2490.0,2501.65,2504.9430028328607,8825,904,22106122.0,1173.0,13.29,40.8,-21.35,2501.65,2581.32,2510.611,Hold
Hero Motocorp,2015-06-10,2505.0,2528.0,2502.4,2516.25,2515.8714636489804,18734,1445,47132336.0,5524.0,29.49,25.6,11.25,2516.25,2582.0274999999997,2508.775,Hold
Hero Motocorp,2015-06-11,2535.0,2547.0,2497.25,2503.65,2513.6800945712466,10997,778,27642940.0,1101.0,10.01,49.75,-31.35,2503.65,2580.7125,2507.313,Hold
Hero Motocorp,2015-06-12,2502.0,2522.0,2485.0,2506.8,2506.3096348721247,12434,966,31163454.0,4440.0,35.71,37.0,4.8,2506.8,2579.6325,2504.7180000000003,Hold
Hero Motocorp,2015-06-15,2500.0,2530.0,2497.4,2509.25,2511.174370886566,12915,1199,32431817.0,3353.0,25.96,32.6,9.25,2509.25,2579.065,2502.051,Hold
Hero Motocorp,2015-06-16,2519.9,2555.0,2500.15,2543.9,2526.82914624183,9792,912,24742711.0,3305.0,33.75,54.85,24.0,2543.9,2577.505,2499.817,Hold
Hero Motocorp,2015-06-17,2579.85,2579.85,2517.0,2525.6,2532.589221238265,26311,1967,66634955.0,8113.0,30.84,62.85,-54.25,2525.6,2574.8225,2496.893,Hold
Hero Motocorp,2015-06-18,2540.0,2547.0,2516.55,2523.9,2525.861191719116,128537,2425,324666620.0,100613.0,78.28,30.45,-16.1,2523.9,2570.8925,2494.571,Hold
Hero Motocorp,2015-06-19,2549.9,2578.0,2535.75,2551.7,2558.120843658157,17353,1697,44391071.0,3704.0,21.35,42.25,1.8,2551.7,2568.4325,2493.5029999999997,Hold
Hero Motocorp,2015-06-22,2589.5,2589.5,2567.15,2580.6,2579.2561806256303,7928,1010,20448343.0,2933.0,37.0,22.35,-8.9,2580.6,2568.12,2492.915,Hold
Hero Motocorp,2015-06-23,2589.9,2713.7,2516.8,2523.2,2537.7319064211047,20090,1998,50983034.0,5799.0,28.87,196.9,-66.7,2523.2,2563.4775,2491.694,Hold
Hero Motocorp,2015-06-24,2523.2,2545.25,2513.0,2521.15,2523.536425039199,16582,1232,41845281.0,5061.0,30.52,32.25,-2.05,2521.15,2559.2825000000003,2490.5040000000004,Hold
Hero Motocorp,2015-06-25,2525.4,2573.0,2525.4,2552.05,2553.976732161324,13538,1406,34575737.0,2184.0,16.13,47.6,26.65,2552.05,2554.7875,2491.0679999999998,Hold
Hero Motocorp,2015-06-26,2550.0,2567.3,2522.1,2547.0,2540.545257542924,17997,1444,45722193.0,3436.0,19.09,45.2,-3.0,2547.0,2547.3375,2493.4309999999996,Hold
Hero Motocorp,2015-06-29,2525.0,2555.45,2503.0,2538.45,2531.152018207377,14939,2048,37812880.0,4030.0,26.98,52.45,13.45,2538.45,2538.775,2495.9970000000003,Hold
Hero Motocorp,2015-06-30,2549.8,2551.7,2504.0,2524.3,2518.66268115942,13800,1373,34757545.0,3224.0,23.36,47.7,-25.5,2524.3,2534.5975000000003,2500.189,Hold
Hero Motocorp,2015-07-01,2552.0,2552.0,2500.0,2518.8,2515.968475412363,25948,2072,65284350.0,5044.0,19.44,52.0,-33.2,2518.8,2531.6349999999998,2503.976,Hold
Hero Motocorp,2015-07-02,2520.0,2567.3,2520.0,2532.85,2546.969024977311,25343,2253,64547836.0,3776.0,14.9,47.3,12.85,2532.85,2530.8575,2506.4610000000002,Hold
Hero Motocorp,2015-07-03,2528.3,2585.0,2528.3,2577.8,2565.686161935934,18637,2066,47816693.0,7977.0,42.8,56.7,49.5,2577.8,2530.9049999999997,2510.5660000000003,Hold
Hero Motocorp,2015-07-06,2575.0,2623.5,2556.0,2612.4,2604.2906199697572,20501,1824,53390562.0,6450.0,31.46,67.5,37.4,2612.4,2535.565,2515.763,Hold
Hero Motocorp,2015-07-07,2612.4,2634.35,2557.05,2562.5,2587.387862314703,43781,2774,113278428.0,21026.0,48.03,77.3,-49.9,2562.5,2538.6075,2520.532,Hold
Hero Motocorp,2015-07-08,2559.65,2581.7,2517.9,2552.95,2560.803477465111,30597,2633,78352904.0,7126.0,23.29,63.8,-6.7,2552.95,2540.4425,2524.464,Hold
Hero Motocorp,2015-07-09,2550.0,2610.0,2550.0,2605.4,2589.753546099291,20868,1859,54042977.0,5834.0,27.96,60.0,55.4,2605.4,2545.5299999999997,2529.115,Hold
Hero Motocorp,2015-07-10,2605.4,2618.0,2565.15,2572.5,2586.389794996097,24341,2003,62955314.0,8514.0,34.98,52.85,-32.9,2572.5,2548.8149999999996,2533.976,Hold
Hero Motocorp,2015-07-13,2572.2,2615.0,2552.2,2600.65,2579.187223386909,17172,1602,44289803.0,1429.0,8.32,62.8,28.45,2600.65,2553.3849999999998,2538.269,Hold
Hero Motocorp,2015-07-14,2600.65,2658.0,2596.2,2640.2,2633.624815678704,37299,2333,98231572.0,6690.0,17.94,61.8,39.55,2640.2,2558.2,2543.919,Hold
Hero Motocorp,2015-07-15,2674.95,2674.95,2653.0,2660.1,2662.345225027442,9110,773,24253965.0,2037.0,22.36,21.95,-14.85,2660.1,2564.925,2550.6020000000003,Hold
Hero Motocorp,2015-07-16,2651.0,2665.45,2640.0,2650.0,2652.44267053701,13091,1264,34723127.0,3789.0,28.94,25.45,-1.0,2650.0,2571.2300000000005,2556.52,Hold
Hero Motocorp,2015-07-17,2659.95,2678.1,2642.2,2649.8,2659.4563667886728,10382,895,27610476.0,2682.0,25.83,35.9,-10.15,2649.8,2576.1349999999998,2563.485,Hold
Hero Motocorp,2015-07-20,2674.55,2674.55,2654.85,2660.75,2662.313798305675,8617,1137,22941158.0,3001.0,34.83,19.7,-13.8,2660.75,2580.1425,2569.016,Hold
Hero Motocorp,2015-07-21,2662.0,2695.0,2662.0,2685.85,2683.240747954811,12835,1177,34439395.0,4839.0,37.7,33.0,23.85,2685.85,2588.275,2573.535,Hold
Hero Motocorp,2015-07-22,2685.95,2720.0,2678.45,2707.7,2702.8583353207728,12579,1466,33999255.0,3994.0,31.75,41.55,21.75,2707.7,2597.6025,2577.647,Hold
Hero Motocorp,2015-07-23,2706.7,2729.95,2676.3,2714.3,2703.937675397568,17104,1678,46248150.0,3292.0,19.25,53.65,7.6,2714.3,2605.7149999999997,2581.334,Hold
Hero Motocorp,2015-07-24,2709.5,2747.25,2700.0,2738.2,2724.8042747021723,14270,1308,38882957.0,4623.0,32.4,47.25,28.7,2738.2,2615.275,2585.53,Hold
Hero Motocorp,2015-07-27,2715.0,2738.0,2597.45,2605.65,2649.6964018691588,21400,2498,56703503.0,5957.0,27.84,140.55,-109.35,2605.65,2618.635,2587.231,Hold
Hero Motocorp,2015-07-28,2600.0,2629.0,2519.0,2531.55,2551.744079430612,39481,3883,100745408.0,11051.0,27.99,110.0,-68.45,2531.55,2618.9975,2586.36,Hold
Hero Motocorp,2015-07-29,2540.0,2580.3,2505.4,2566.25,2547.5948418576286,22954,1666,58477492.0,3195.0,13.92,74.9,26.25,2566.25,2621.37,2586.1,Hold
Hero Motocorp,2015-07-30,2565.0,2626.6,2565.0,2587.6,2597.7984117685346,15363,1429,39909977.0,2611.0,17.0,61.6,22.6,2587.6,2624.1074999999996,2585.8019999999997,Hold
Hero Motocorp,2015-07-31,2587.6,2693.5,2587.6,2674.45,2661.3325150146857,22811,2418,60707656.0,6200.0,27.18,105.9,86.85,2674.45,2628.94,2587.2729999999997,Hold
Hero Motocorp,2015-08-03,2655.0,2717.0,2604.15,2697.85,2664.0970787499086,68635,4335,182850303.0,5425.0,7.9,112.85,42.85,2697.85,2633.2125,2589.493,Hold
Hero Motocorp,2015-08-04,2785.0,2800.0,2613.8,2624.25,2705.7066925969975,124436,9054,336687318.0,30027.0,24.13,186.2,-160.75,2624.25,2636.3,2589.657,Hold
Hero Motocorp,2015-08-05,2644.95,2673.3,2629.75,2660.4,2652.6968640076316,33546,2453,88987369.0,5479.0,16.33,43.55,15.45,2660.4,2641.6725,2590.764,Hold
Hero Motocorp,2015-08-06,2665.25,2680.95,2641.0,2652.65,2655.5849453537894,19489,1425,51754695.0,4599.0,23.6,39.95,-12.6,2652.65,2644.0350000000003,2590.978,Hold
Hero Motocorp,2015-08-07,2652.65,2669.0,2641.0,2660.5,2657.889468047126,14005,1086,37223742.0,3172.0,22.65,28.0,7.85,2660.5,2648.4350000000004,2590.268,Hold
Hero Motocorp,2015-08-10,2673.0,2728.65,2663.1,2704.85,2702.531701259535,28185,2337,76170856.0,7290.0,25.86,65.55,31.85,2704.85,2653.645,2590.171,Hold
Hero Motocorp,2015-08-11,2704.85,2718.95,2668.0,2678.7,2700.880073668349,41809,1485,112921095.0,28522.0,68.22,50.95,-26.15,2678.7,2655.57,2591.588,Hold
Hero Motocorp,2015-08-12,2678.0,2692.0,2626.15,2635.35,2653.9699484471266,23859,1952,63321069.0,6209.0,26.02,65.85,-42.65,2635.35,2654.3324999999995,2592.734,Hold
Hero Motocorp,2015-08-13,2664.0,2681.0,2612.25,2643.85,2656.601383684059,17345,1884,46078751.0,4877.0,28.12,68.75,-20.15,2643.85,2654.025,2594.643,Hold
Hero Motocorp,2015-08-14,2640.0,2722.0,2640.0,2714.0,2689.225990409124,23147,1872,62247514.0,5982.0,25.84,82.0,74.0,2714.0,2657.2349999999997,2597.386,Hold
Hero Motocorp,2015-08-17,2682.0,2720.0,2642.0,2653.5,2673.6345075359272,22824,2436,61023034.0,8324.0,36.47,78.0,-28.5,2653.5,2656.8725,2600.072,Hold
Hero Motocorp,2015-08-18,2657.9,2678.7,2634.55,2641.85,2653.492556251057,11822,977,31369589.0,2406.0,20.35,44.15,-16.05,2641.85,2654.6725,2602.8759999999997,Hold
Hero Motocorp,2015-08-19,2645.0,2705.0,2617.35,2690.0,2676.094250773124,28456,2340,76150938.0,7951.0,27.94,87.65,45.0,2690.0,2653.7875,2606.3509999999997,Hold
Hero Motocorp,2015-08-20,2660.0,2660.0,2624.2,2633.9,2640.703883159133,14447,1565,38150249.0,3860.0,26.72,35.8,-26.1,2633.9,2649.7675000000004,2608.956,Hold
Hero Motocorp,2015-08-21,2625.0,2648.65,2535.1,2559.9,2555.683640277445,41810,3799,106853133.0,12429.0,29.73,113.55,-65.1,2559.9,2640.8525,2610.018,Hold
Hero Motocorp,2015-08-24,2539.95,2539.95,2405.0,2478.95,2477.0645329635795,262517,4891,650271550.0,208051.0,79.25,134.95,-61.0,2478.95,2634.5175,2609.412,Hold
Hero Motocorp,2015-08-25,2475.1,2514.3,2404.15,2477.5,2447.90204906983,37090,3095,90792687.0,12044.0,32.47,110.15,2.4,2477.5,2631.815,2608.084,Hold
Hero Motocorp,2015-08-26,2465.0,2475.0,2366.1,2391.95,2402.8151865031614,117183,5038,281569092.0,82344.0,70.27,108.9,-73.05,2391.95,2623.1,2605.411,Hold
Hero Motocorp,2015-08-27,2419.0,2419.0,2364.5,2380.7,2383.725212528469,44347,3381,105711062.0,16304.0,36.76,54.5,-38.3,2380.7,2612.755,2602.547,Hold
Hero Motocorp,2015-08-28,2418.0,2432.0,2381.15,2400.95,2410.822764775214,29695,2203,71589382.0,10199.0,34.35,50.85,-17.05,2400.95,2599.08,2599.532,Sell
Hero Motocorp,2015-08-31,2399.0,2411.45,2381.1,2397.35,2394.597961134119,15695,1249,37583215.0,4078.0,25.98,30.35,-1.65,2397.35,2584.055,2595.867,Hold
Hero Motocorp,2015-09-01,2394.95,2395.4,2369.55,2385.3,2381.638847390104,44178,2354,105216041.0,31736.0,71.84,25.85,-9.65,2385.3,2572.1075,2593.109,Hold
Hero Motocorp,2015-09-02,2360.15,2388.4,2302.7,2343.25,2347.7272514570127,47014,3283,110376049.0,9585.0,20.39,85.7,-16.9,2343.25,2556.25,2589.551,Hold
Hero Motocorp,2015-09-03,2350.0,2365.0,2322.9,2329.95,2337.0779096398082,24015,1884,56124926.0,8171.0,34.02,42.1,-20.05,2329.95,2540.115,2585.1090000000004,Hold
Hero Motocorp,2015-09-04,2330.0,2336.9,2270.0,2292.55,2289.0994955700703,30926,2280,70792691.0,8180.0,26.45,66.9,-37.45,2292.55,2521.7174999999997,2580.02,Hold
Hero Motocorp,2015-09-07,2293.0,2312.5,2259.1,2279.8,2279.944541355363,30383,1677,69271555.0,13912.0,45.79,53.4,-13.2,2279.8,2500.4649999999997,2574.8469999999998,Hold
Hero Motocorp,2015-09-08,2292.0,2330.0,2286.6,2317.3,2308.0670526079134,17792,1276,41065129.0,4190.0,23.55,43.4,25.3,2317.3,2482.395,2570.7070000000003,Hold
Hero Motocorp,2015-09-09,2328.05,2369.8,2328.05,2347.75,2352.5610318791946,14304,1155,33651033.0,3885.0,27.16,41.75,19.7,2347.75,2468.0150000000003,2567.286,Hold
Hero Motocorp,2015-09-10,2347.0,2363.0,2300.05,2343.95,2348.023304141309,80844,1474,189823596.0,67294.0,83.24,62.95,-3.05,2343.95,2453.0199999999995,2563.508,Hold
Hero Motocorp,2015-09-11,2349.9,2366.95,2332.9,2342.05,2343.201420148355,15773,996,36959316.0,4377.0,27.75,34.05,-7.85,2342.05,2434.4224999999997,2558.7929999999997,Hold
Hero Motocorp,2015-09-14,2350.0,2360.45,2322.35,2348.6,2341.2245824983297,7485,646,17524066.0,2071.0,27.67,38.1,-1.4,2348.6,2419.1775,2553.5170000000003,Hold
Hero Motocorp,2015-09-15,2350.0,2350.0,2307.95,2310.6,2313.8771141203574,35594,1970,82360142.0,21190.0,59.53,42.05,-39.4,2310.6,2402.615,2548.479,Hold
Hero Motocorp,2015-09-16,2322.25,2379.95,2321.7,2363.0,2362.363720560995,22674,2172,53564235.0,4157.0,18.33,58.25,40.75,2363.0,2386.265,2544.68,Hold
Hero Motocorp,2015-09-18,2375.0,2443.5,2375.0,2428.55,2425.7030631381535,23995,2414,58204745.0,5531.0,23.05,68.5,53.55,2428.55,2375.9975,2541.143,Hold
Hero Motocorp,2015-09-21,2427.7,2448.0,2394.65,2424.8,2424.942214668584,7649,702,18548383.0,1219.0,15.94,53.35,-2.9,2424.8,2369.2425000000003,2538.189,Hold
Hero Motocorp,2015-09-22,2433.0,2448.0,2376.65,2386.1,2408.420544713704,9326,1184,22460930.0,4021.0,43.12,71.35,-46.9,2386.1,2364.6,2533.8979999999997,Hold
Hero Motocorp,2015-09-23,2386.1,2405.0,2384.45,2401.3,2394.9713728494808,14357,716,34384604.0,3564.0,24.82,20.55,15.2,2401.3,2360.79,2529.12,Hold
Hero Motocorp,2015-09-24,2387.65,2421.0,2371.0,2380.65,2397.707455753984,12487,1038,29940173.0,1900.0,15.22,50.0,-7.0,2380.65,2360.225,2523.531,Hold
Hero Motocorp,2015-09-28,2400.0,2400.0,2339.0,2350.75,2352.398354792561,13980,1321,32886529.0,4143.0,29.64,61.0,-49.25,2350.75,2358.7275,2517.5460000000003,Hold
Hero Motocorp,2015-09-29,2350.0,2370.0,2305.0,2331.7,2332.537899758525,33958,1582,79208322.0,15150.0,44.61,65.0,-18.3,2331.7,2355.2650000000003,2511.1839999999997,Hold
Hero Motocorp,2015-09-30,2344.4,2410.0,2313.7,2395.65,2351.48112754514,20824,2122,48967243.0,4100.0,19.69,96.3,51.25,2395.65,2355.18,2505.8819999999996,Hold
Hero Motocorp,2015-10-01,2395.0,2470.95,2393.6,2413.35,2421.994123408423,46966,3735,113751376.0,8583.0,18.27,77.35,18.35,2413.35,2356.5824999999995,2500.4320000000002,Hold
Hero Motocorp,2015-10-05,2439.9,2516.0,2435.7,2501.65,2478.4361687756113,22207,2096,55038632.0,6332.0,28.51,80.3,61.75,2501.65,2364.5024999999996,2496.311,Hold
Hero Motocorp,2015-10-06,2515.0,2550.0,2512.4,2532.55,2526.902118663128,22231,1925,56175561.0,3283.0,14.77,37.6,17.55,2532.55,2374.6325,2492.676,Hold
Hero Motocorp,2015-10-07,2523.6,2554.0,2495.95,2539.2,2529.7259457486925,24663,2135,62390631.0,2356.0,9.55,58.05,15.6,2539.2,2386.9649999999997,2488.696,Hold
Hero Motocorp,2015-10-08,2539.0,2561.85,2524.65,2539.6,2538.220217749082,15798,1260,40098803.0,3253.0,20.59,37.2,0.6,2539.6,2399.9550000000004,2487.375,Hold
Hero Motocorp,2015-10-09,2560.0,2583.0,2554.4,2565.25,2568.2750386762627,14867,1062,38182545.0,1745.0,11.74,28.6,5.25,2565.25,2412.3525,2488.049,Hold
Hero Motocorp,2015-10-12,2575.0,2596.2,2540.1,2547.65,2566.7828073859077,16193,1248,41563914.0,3414.0,21.08,56.1,-27.35,2547.65,2422.3475,2487.6769999999997,Hold
Hero Motocorp,2015-10-13,2547.0,2562.0,2525.05,2538.85,2539.3669239250275,13605,1054,34548087.0,2693.0,19.79,36.95,-8.15,2538.85,2432.0925,2486.702,Hold
Hero Motocorp,2015-10-14,2538.0,2548.5,2493.7,2505.75,2509.8067787062246,10651,1226,26731952.0,1572.0,14.76,54.8,-32.25,2505.75,2440.2775,2483.328,Hold
Hero Motocorp,2015-10-15,2524.0,2578.6,2501.1,2567.45,2553.152129032258,15500,1445,39573858.0,5280.0,34.06,77.5,43.45,2567.45,2451.2200000000003,2480.72,Hold
Hero Motocorp,2015-10-16,2567.45,2598.0,2559.0,2586.85,2578.2312823390066,16041,1320,41357408.0,4308.0,26.86,39.0,19.4,2586.85,2465.0325000000003,2479.972,Hold
Hero Motocorp,2015-10-19,2582.0,2622.0,2565.0,2613.55,2603.8530156463025,15403,1579,40107148.0,4470.0,29.02,57.0,31.55,2613.55,2477.5600000000004,2479.035,Hold
Hero Motocorp,2015-10-20,2590.05,2625.0,2589.05,2605.05,2603.0936522991533,28467,2768,74102267.0,3176.0,11.16,35.95,15.0,2605.05,2486.3849999999998,2478.083,Buy
Hero Motocorp,2015-10-21,2665.0,2665.0,2592.2,2619.05,2625.6091537555294,44987,3980,118118279.0,7128.0,15.84,72.8,-45.95,2619.05,2496.0975,2477.254,Hold
Hero Motocorp,2015-10-23,2625.35,2644.35,2581.0,2594.95,2610.9931511000664,16499,1165,43078776.0,3122.0,18.92,63.35,-30.4,2594.95,2506.54,2475.056,Hold
Hero Motocorp,2015-10-26,2590.1,2631.0,2590.0,2619.3,2617.971588188348,12530,1490,32803184.0,2855.0,22.79,41.0,29.2,2619.3,2517.44,2473.868,Hold
Hero Motocorp,2015-10-27,2619.0,2642.0,2587.2,2620.4,2610.522791238375,32688,1541,85332769.0,17836.0,54.56,54.8,1.4,2620.4,2529.4275000000002,2473.569,Hold
Hero Motocorp,2015-10-28,2618.2,2631.9,2595.5,2623.55,2619.1785508913167,6956,755,18219006.0,1345.0,19.34,36.4,5.35,2623.55,2543.0675,2473.163,Hold
Hero Motocorp,2015-10-29,2618.0,2635.95,2605.85,2625.75,2621.8911511354736,7662,1065,20088930.0,1617.0,21.1,30.1,7.75,2625.75,2557.7699999999995,2471.3979999999997,Hold
Hero Motocorp,2015-10-30,2611.0,2626.95,2568.05,2585.0,2602.493517786561,12650,1396,32921543.0,2033.0,16.07,58.9,-26.0,2585.0,2567.2375,2470.028,Hold
Hero Motocorp,2015-11-02,2581.0,2584.0,2538.6,2549.1,2555.5868398052194,8009,1048,20467695.0,1290.0,16.11,45.4,-31.9,2549.1,2574.025,2468.1730000000002,Hold
Hero Motocorp,2015-11-03,2549.05,2596.55,2538.4,2583.75,2570.468204148472,14656,1423,37672782.0,2514.0,17.15,58.15,34.7,2583.75,2578.13,2466.0480000000002,Hold
Hero Motocorp,2015-11-04,2599.0,2632.0,2593.0,2614.4,2615.9393836315394,14699,1689,38451693.0,2965.0,20.17,39.0,15.4,2614.4,2582.2225,2465.658,Hold
Hero Motocorp,2015-11-05,2581.0,2659.0,2580.0,2638.6,2642.434915877665,29362,1803,77587174.0,7550.0,25.71,79.0,57.6,2638.6,2587.1925,2467.232,Hold
Hero Motocorp,2015-11-06,2626.05,2666.8,2592.2,2632.9,2644.539086294416,24625,2221,65121775.0,5473.0,22.23,74.6,6.85,2632.9,2591.8574999999996,2470.311,Hold
Hero Motocorp,2015-11-09,2615.0,2648.2,2605.0,2618.5,2620.9579095433887,9242,999,24222893.0,1340.0,14.5,43.2,3.5,2618.5,2594.5199999999995,2473.131,Hold
Hero Motocorp,2015-11-10,2637.9,2666.0,2605.0,2657.4,2650.515264724768,17131,1620,45405977.0,4124.0,24.07,61.0,19.5,2657.4,2600.0075,2478.44,Hold
Hero Motocorp,2015-11-11,2675.0,2677.25,2634.4,2644.4,2646.356696220252,10715,813,28355712.0,5329.0,49.73,42.85,-30.6,2644.4,2605.2850000000003,2483.714,Hold
Hero Motocorp,2015-11-13,2660.0,2664.0,2600.4,2610.95,2627.6140252976193,5376,739,14126053.0,939.0,17.47,63.6,-49.05,2610.95,2610.5449999999996,2487.9139999999998,Hold
Hero Motocorp,2015-11-16,2600.7,2643.8,2587.0,2611.45,2615.044112508735,11448,1014,29937025.0,1839.0,16.06,56.8,10.75,2611.45,2612.745,2492.196,Hold
Hero Motocorp,2015-11-17,2604.0,2615.55,2574.85,2597.8,2594.2505837162007,13277,1176,34443865.0,3251.0,24.49,40.7,-6.2,2597.8,2613.2925,2496.446,Hold
Hero Motocorp,2015-11-18,2597.75,2604.0,2556.7,2571.85,2584.39715206878,18610,1182,48095631.0,5312.0,28.54,47.3,-25.9,2571.85,2611.2075,2501.018,Hold
Hero Motocorp,2015-11-19,2609.9,2683.8,2580.0,2591.35,2645.3058591305185,62313,5658,164836944.0,16963.0,27.22,103.8,-18.55,2591.35,2610.5225,2506.246,Hold
Hero Motocorp,2015-11-20,2601.2,2638.95,2558.0,2563.65,2589.4685379863445,46135,3238,119465131.0,14042.0,30.44,80.95,-37.55,2563.65,2607.7525,2511.668,Hold
Hero Motocorp,2015-11-23,2573.35,2664.5,2571.8,2637.25,2638.9961207504584,42534,3887,112247061.0,9064.0,21.31,92.7,63.9,2637.25,2609.8675000000003,2518.817,Hold
Hero Motocorp,2015-11-24,2659.0,2667.7,2631.0,2645.8,2648.7622104884194,16666,1335,44144271.0,3739.0,22.43,36.7,-13.2,2645.8,2611.1925,2525.387,Hold
Hero Motocorp,2015-11-26,2610.0,2698.0,2610.0,2680.8,2641.0941228073984,690789,17150,1824438768.0,233465.0,33.8,88.0,70.8,2680.8,2614.2125,2532.048,Hold
Hero Motocorp,2015-11-27,2672.0,2714.05,2660.5,2704.15,2689.4356613388927,17268,1744,46441175.0,2754.0,15.95,53.55,32.15,2704.15,2618.2425000000003,2539.252,Hold
Hero Motocorp,2015-11-30,2700.05,2732.0,2680.1,2702.65,2711.134403592003,23608,2867,64004461.0,7664.0,32.46,51.9,2.6,2702.65,2622.0875,2546.464,Hold
Hero Motocorp,2015-12-01,2710.0,2715.7,2668.35,2677.75,2689.8276092638744,16451,1779,44250354.0,3954.0,24.04,47.35,-32.25,2677.75,2626.725,2553.047,Hold
Hero Motocorp,2015-12-02,2674.0,2699.9,2666.75,2675.85,2681.6761471103327,14275,1484,38280927.0,3777.0,26.46,33.15,1.85,2675.85,2633.0625,2560.3520000000003,Hold
Hero Motocorp,2015-12-03,2655.0,2680.05,2610.55,2618.35,2656.6933296226857,68272,2311,181377767.0,58239.0,85.3,69.5,-36.65,2618.35,2634.7925,2565.459,Hold
Hero Motocorp,2015-12-04,2625.0,2633.95,2603.05,2617.15,2616.5267479153304,7795,941,20395826.0,1506.0,19.32,30.9,-7.85,2617.15,2634.9300000000003,2569.231,Hold
Hero Motocorp,2015-12-07,2630.0,2662.95,2611.0,2621.35,2634.244685731763,13078,1424,34450652.0,2549.0,19.49,51.95,-8.65,2621.35,2634.0675,2573.162,Hold
Hero Motocorp,2015-12-08,2621.35,2637.05,2586.0,2602.85,2610.1669853409812,10983,838,28667464.0,2713.0,24.7,51.05,-18.5,2602.85,2632.565,2577.4970000000003,Hold
Hero Motocorp,2015-12-09,2600.0,2600.0,2534.9,2546.8,2561.593032384691,10190,1208,26102633.0,,,65.1,-53.2,2546.8,2628.9800000000005,2580.407,Hold
Hero Motocorp,2015-12-10,2570.0,2574.8,2535.55,2545.6,2552.1251624079687,13854,1508,35357142.0,3831.0,27.65,39.25,-24.4,2545.6,2623.3900000000003,2583.7059999999997,Hold
Hero Motocorp,2015-12-11,2562.0,2562.0,2516.0,2523.3,2535.497942104541,14578,1145,36962489.0,2999.0,20.57,46.0,-38.7,2523.3,2617.335,2587.1569999999997,Hold
Hero Motocorp,2015-12-14,2523.3,2556.0,2501.7,2537.45,2516.2349619766646,328351,1677,826208266.0,310003.0,94.41,54.3,14.15,2537.45,2613.6600000000003,2591.272,Hold
Hero Motocorp,2015-12-15,2500.0,2573.8,2500.0,2563.85,2545.202807646356,66960,1794,170426780.0,51968.0,77.61,73.8,63.85,2563.85,2611.2799999999997,2594.636,Hold
Hero Motocorp,2015-12-16,2585.4,2616.0,2573.9,2593.45,2596.2793831031267,11801,1238,30638693.0,2953.0,25.02,42.1,8.05,2593.45,2611.0625,2598.238,Hold
Hero Motocorp,2015-12-17,2615.0,2660.0,2603.0,2649.75,2631.395979963224,15771,1733,41499746.0,5670.0,35.95,57.0,34.75,2649.75,2614.9574999999995,2601.2,Hold
Hero Motocorp,2015-12-18,2645.0,2662.85,2622.5,2641.6,2645.808784648188,11725,1583,31022108.0,2802.0,23.9,40.35,-3.4,2641.6,2617.4700000000003,2603.381,Hold
Hero Motocorp,2015-12-21,2650.0,2705.0,2637.1,2695.8,2677.568207440812,10644,1586,28500036.0,2516.0,23.64,67.9,45.8,2695.8,2624.0775,2606.5130000000004,Hold
Hero Motocorp,2015-12-22,2710.0,2710.0,2662.0,2669.0,2686.556209700028,14268,1679,38331784.0,4841.0,33.93,48.0,-41.0,2669.0,2625.665,2609.101,Hold
Hero Motocorp,2015-12-23,2675.0,2693.0,2662.2,2675.2,2677.1685202639014,5305,643,14202379.0,395.0,7.45,30.8,0.2,2675.2,2627.135,2611.3,Hold
Hero Motocorp,2015-12-24,2653.1,2695.0,2653.1,2689.7,2687.0556573522676,8732,850,23463370.0,2379.0,27.24,41.9,36.6,2689.7,2627.58,2614.141,Hold
Hero Motocorp,2015-12-28,2691.0,2707.9,2688.0,2702.25,2699.879198326176,9081,943,24517603.0,2303.0,25.36,19.9,11.25,2702.25,2627.4849999999997,2617.409,Hold
Hero Motocorp,2015-12-29,2692.05,2740.0,2692.05,2734.25,2725.518395303327,10220,1428,27854798.0,2583.0,25.27,47.95,42.2,2734.25,2629.065,2621.979,Hold
Hero Motocorp,2015-12-30,2720.0,2732.65,2707.0,2711.65,2718.6268338223526,7498,722,20384264.0,2461.0,32.82,25.65,-8.35,2711.65,2630.76,2624.863,Hold
Hero Motocorp,2015-12-31,2715.0,2717.9,2672.05,2695.25,2707.5757447608307,63846,2163,172867881.0,52477.0,82.19,45.85,-19.75,2695.25,2631.73,2627.031,Hold
Hero Motocorp,2016-01-01,2695.0,2696.05,2674.0,2687.85,2686.813677264547,8335,832,22394592.0,1365.0,16.38,22.05,-7.15,2687.85,2635.205,2628.5170000000003,Hold
Hero Motocorp,2016-01-04,2665.0,2669.7,2635.45,2645.5,2652.4202882902337,18523,2459,49130781.0,5666.0,30.59,34.25,-19.5,2645.5,2636.6225,2629.3259999999996,Hold
Hero Motocorp,2016-01-05,2644.95,2655.25,2605.7,2621.05,2631.957505518764,9060,1183,23845535.0,1677.0,18.51,49.55,-23.9,2621.05,2636.6075,2629.366,Hold
Hero Motocorp,2016-01-06,2640.0,2640.0,2577.0,2581.75,2600.039184055784,38434,1178,99929906.0,1527.0,3.97,63.0,-58.25,2581.75,2635.5525000000002,2629.1020000000003,Hold
Hero Motocorp,2016-01-07,2561.9,2573.7,2505.85,2513.15,2528.461017689452,9158,1203,23155646.0,1493.0,16.3,67.85,-48.75,2513.15,2633.87,2626.9790000000003,Hold
Hero Motocorp,2016-01-08,2529.75,2537.35,2484.25,2489.0,2501.0435829372186,16199,1593,40514405.0,4625.0,28.55,53.1,-40.75,2489.0,2631.04,2624.3510000000006,Hold
Hero Motocorp,2016-01-11,2488.95,2525.0,2456.0,2503.2,2489.300897234298,10811,1261,26911832.0,1551.0,14.35,69.0,14.25,2503.2,2630.0350000000003,2621.9440000000004,Hold
Hero Motocorp,2016-01-12,2480.0,2500.0,2460.0,2469.55,2473.9086784359015,12122,2156,29988721.0,3011.0,24.84,40.0,-10.45,2469.55,2626.64,2618.82,Hold
Hero Motocorp,2016-01-13,2478.45,2479.7,2421.0,2470.75,2459.784669479606,14220,1730,34978138.0,3512.0,24.7,58.7,-7.7,2470.75,2621.9849999999997,2616.535,Hold
Hero Motocorp,2016-01-14,2449.0,2467.95,2416.6,2433.1,2432.00950691538,36079,1922,87744471.0,23447.0,64.99,51.35,-15.9,2433.1,2613.9675,2614.215,Sell
Hero Motocorp,2016-01-15,2449.0,2449.0,2410.0,2425.35,2430.61229601518,13175,1513,32023317.0,3619.0,27.47,39.0,-23.65,2425.35,2602.7475000000004,2611.047,Hold
Hero Motocorp,2016-01-18,2425.0,2450.0,2375.0,2431.2,2410.7460841768775,9385,1139,22624852.0,2194.0,23.38,75.0,6.2,2431.2,2592.2275,2607.3830000000003,Hold
Hero Motocorp,2016-01-19,2448.8,2498.45,2448.8,2482.95,2476.8655539392084,13061,1563,32350341.0,3247.0,24.86,49.65,34.15,2482.95,2581.585,2604.27,Hold
Hero Motocorp,2016-01-20,2470.0,2505.45,2458.0,2488.05,2483.1069890520416,19273,2529,47856921.0,6835.0,35.46,47.45,18.05,2488.05,2572.5375,2601.373,Hold
Hero Motocorp,2016-01-21,2488.0,2539.95,2466.0,2473.5,2495.387388513795,23994,2794,59874325.0,5318.0,22.16,73.95,-14.5,2473.5,2562.4525,2598.473,Hold
Hero Motocorp,2016-01-22,2483.45,2600.0,2478.1,2586.05,2552.1596677702273,17217,2550,43940533.0,3799.0,22.07,121.9,102.6,2586.05,2557.27,2597.046,Hold
Hero Motocorp,2016-01-25,2595.2,2597.8,2497.55,2520.8,2531.781233211962,16753,2217,42414931.0,3024.0,18.05,100.25,-74.4,2520.8,2548.1974999999998,2594.574,Hold
Hero Motocorp,2016-01-27,2538.75,2539.05,2471.0,2482.05,2501.928237224281,16457,2833,41174233.0,6322.0,38.42,68.05,-56.7,2482.05,2535.5875,2591.996,Hold
Hero Motocorp,2016-01-28,2489.1,2508.7,2430.0,2448.55,2477.263944723618,23880,3563,59157063.0,9234.0,38.67,78.7,-40.55,2448.55,2522.4325,2588.7380000000003,Hold
Hero Motocorp,2016-01-29,2442.15,2575.0,2442.15,2562.8,2523.2363983331384,25677,2429,64789141.0,5986.0,23.31,132.85,120.65,2562.8,2515.81,2588.038,Hold
Hero Motocorp,2016-02-01,2565.65,2568.75,2508.55,2535.0,2527.778324145535,45350,2139,114634747.0,24728.0,54.53,60.2,-30.65,2535.0,2508.1675,2587.301,Hold
Hero Motocorp,2016-02-02,2535.0,2545.5,2510.25,2521.8,2525.754729821696,7347,910,18556720.0,692.0,9.42,35.25,-13.2,2521.8,2501.9825,2585.91,Hold
Hero Motocorp,2016-02-03,2518.0,2541.9,2477.0,2484.7,2506.4382698636578,10635,1061,26655971.0,1891.0,17.78,64.9,-33.3,2484.7,2495.165,2584.331,Hold
Hero Motocorp,2016-02-04,2509.0,2525.0,2472.15,2510.5,2497.3797030709784,9834,1342,24559232.0,1239.0,12.6,52.85,1.5,2510.5,2491.6025,2581.7960000000003,Hold
Hero Motocorp,2016-02-05,2509.0,2590.0,2509.0,2578.05,2549.283312277051,53824,2728,137212625.0,39673.0,73.71,81.0,69.05,2578.05,2494.8475000000003,2580.441,Hold
Hero Motocorp,2016-02-08,2580.1,2585.0,2550.0,2568.1,2572.3785488958993,7608,833,19570656.0,1917.0,25.2,35.0,-12.0,2568.1,2498.8025000000002,2578.187,Hold
Hero Motocorp,2016-02-09,2549.85,2594.9,2518.0,2579.65,2569.0599044468945,8163,741,20971236.0,2076.0,25.43,76.9,29.8,2579.65,2502.625,2575.6969999999997,Hold
Hero Motocorp,2016-02-10,2569.6,2576.0,2545.8,2547.45,2549.354511533942,48509,471,123666638.0,43354.0,89.37,30.2,-22.15,2547.45,2506.52,2572.5930000000003,Hold
Hero Motocorp,2016-02-11,2550.1,2561.4,2481.0,2498.45,2519.22601676498,12884,1600,32457708.0,2491.0,19.33,80.4,-51.65,2498.45,2507.905,2569.007,Hold
Hero Motocorp,2016-02-12,2525.55,2533.8,2454.0,2486.5,2499.335399186372,31464,2462,78639089.0,3592.0,11.42,79.8,-39.05,2486.5,2510.575,2565.22,Hold
Hero Motocorp,2016-02-15,2514.0,2538.35,2491.0,2515.7,2509.730369729195,16174,1999,40592379.0,2323.0,14.36,47.35,1.7,2515.7,2515.0924999999997,2563.167,Hold
Hero Motocorp,2016-02-16,2515.7,2567.0,2504.0,2508.45,2525.673457924837,19584,1821,49462789.0,5210.0,26.6,63.0,-7.25,2508.45,2518.955,2560.993,Hold
Hero Motocorp,2016-02-17,2510.1,2534.0,2440.0,2523.9,2490.6651892793825,19178,1673,47765977.0,5728.0,29.87,94.0,13.8,2523.9,2521.0024999999996,2559.0440000000003,Hold
Hero Motocorp,2016-02-18,2545.0,2630.0,2545.0,2620.95,2600.203687200624,17954,2572,46684057.0,4512.0,25.13,85.0,75.95,2620.95,2527.6475,2559.406,Hold
Hero Motocorp,2016-02-19,2615.0,2712.85,2603.0,2704.85,2686.5574998742895,59661,4857,160282707.0,30953.0,51.88,109.85,89.85,2704.85,2539.215,2562.567,Hold
Hero Motocorp,2016-02-22,2690.05,2730.1,2673.55,2705.95,2706.194106309596,19716,2382,53355323.0,4064.0,20.61,56.55,15.9,2705.95,2545.21,2565.7740000000003,Hold
Hero Motocorp,2016-02-23,2705.0,2709.9,2655.4,2660.3,2670.5044446615216,10237,1312,27337954.0,2078.0,20.3,54.5,-44.7,2660.3,2552.1850000000004,2568.514,Hold
Hero Motocorp,2016-02-24,2660.3,2660.3,2610.0,2623.45,2635.405810362576,8743,1292,23041353.0,711.0,8.13,50.3,-36.85,2623.45,2559.255,2570.2340000000004,Hold
Hero Motocorp,2016-02-25,2621.0,2641.3,2593.25,2623.3,2610.0829546143123,16503,1710,43074199.0,2682.0,16.25,48.05,2.3,2623.3,2567.9925,2571.423,Hold
Hero Motocorp,2016-02-26,2640.0,2646.0,2535.1,2557.15,2561.932215989728,14797,2256,37908911.0,3084.0,20.84,110.9,-82.85,2557.15,2567.71,2570.697,Hold
Hero Motocorp,2016-02-29,2570.0,2570.0,2473.85,2499.65,2516.9672799650466,41198,4006,103694018.0,10625.0,25.79,96.15,-70.35,2499.65,2565.9425,2567.695,Hold
Hero Motocorp,2016-03-01,2508.5,2682.0,2506.0,2667.0,2617.5720597667287,42097,4137,110191931.0,9627.0,22.87,176.0,158.5,2667.0,2573.2025,2568.203,Buy
Hero Motocorp,2016-03-02,2681.0,2857.35,2681.0,2807.75,2823.1917658092457,94897,7224,267912429.0,45522.0,47.97,176.35,126.75,2807.75,2589.355,2570.442,Hold
Hero Motocorp,2016-03-03,2810.0,2847.05,2810.0,2824.75,2829.5221420370676,36582,3323,103509579.0,9970.0,27.25,37.05,14.75,2824.75,2605.0675,2573.557,Hold
Hero Motocorp,2016-03-04,2817.0,2854.25,2788.95,2835.8,2831.140403587444,22300,2360,63134431.0,4324.0,19.39,65.3,18.8,2835.8,2617.955,2576.769,Hold
Hero Motocorp,2016-03-08,2838.0,2850.0,2800.0,2809.9,2833.6468122362608,323236,1805,915936661.0,313657.0,97.04,50.0,-28.1,2809.9,2630.045,2579.173,Hold
Hero Motocorp,2016-03-09,2807.9,2828.75,2789.0,2816.95,2815.1225951061574,16061,1595,45213684.0,7462.0,46.46,39.75,9.05,2816.95,2641.91,2581.467,Hold
Hero Motocorp,2016-03-10,2827.7,2848.5,2797.75,2812.1,2814.020930410205,78546,4378,221030088.0,41606.0,52.97,50.75,-15.6,2812.1,2655.1425,2583.024,Hold
Hero Motocorp,2016-03-11,2812.0,2839.8,2795.0,2810.5,2820.6207565212767,37646,1752,106185089.0,23942.0,63.6,44.8,-1.5,2810.5,2670.745,2585.001,Hold
Hero Motocorp,2016-03-14,2815.1,2833.45,2803.15,2817.15,2814.858251583261,16106,1625,45336107.0,6594.0,40.94,30.3,2.05,2817.15,2687.2774999999997,2587.4390000000003,Hold
Hero Motocorp,2016-03-15,2815.0,2838.0,2807.0,2812.95,2826.2800788954637,20280,1140,57316960.0,11422.0,56.32,31.0,-2.05,2812.95,2702.1400000000003,2589.9410000000003,Hold
Hero Motocorp,2016-03-16,2820.0,2835.0,2763.5,2797.95,2802.25,24200,2085,67814450.0,7815.0,32.29,71.5,-22.05,2797.95,2716.6150000000002,2592.99,Hold
Hero Motocorp,2016-03-17,2810.0,2838.0,2807.45,2819.5,2824.8121523011346,13841,1042,39098225.0,5403.0,39.04,30.55,9.5,2819.5,2731.395,2596.959,Hold
Hero Motocorp,2016-03-18,2828.0,2837.85,2795.0,2832.9,2829.0588677697247,14626,1567,41377815.0,6584.0,45.02,42.85,4.9,2832.9,2741.9925,2601.982,Hold
Hero Motocorp,2016-03-21,2806.0,2823.95,2778.85,2802.75,2801.36521176253,54070,3594,151469817.0,31142.0,57.6,45.1,-3.25,2802.75,2746.8875,2607.774,Hold
Hero Motocorp,2016-03-22,2780.0,2899.0,2754.5,2866.75,2846.9678252458184,106481,5011,303147981.0,56879.0,53.42,144.5,86.75,2866.75,2754.9275000000002,2615.3289999999997,Hold
Hero Motocorp,2016-03-23,2870.0,2914.5,2864.0,2870.35,2888.4701923076923,42640,3753,123164369.0,10509.0,24.65,50.5,0.35,2870.35,2765.43,2622.672,Hold
Hero Motocorp,2016-03-28,2872.2,2878.5,2832.2,2848.2,2852.087937090851,25052,2913,71450507.0,9478.0,37.83,46.3,-24.0,2848.2,2776.6675,2630.245,Hold
Hero Motocorp,2016-03-29,2848.0,2878.9,2836.3,2851.35,2860.445236552171,10801,1034,30895669.0,2533.0,23.45,42.6,3.35,2851.35,2788.0699999999997,2637.857,Hold
Hero Motocorp,2016-03-30,2858.0,2923.85,2858.0,2922.45,2919.371021646357,77796,2706,227115388.0,62000.0,79.7,65.85,64.45,2922.45,2806.335,2647.644,Hold
Hero Motocorp,2016-03-31,2920.0,2985.0,2919.1,2943.4,2951.66373991457,46354,4300,136821421.0,17662.0,38.1,65.9,23.4,2943.4,2828.5225,2658.005,Hold
Hero Motocorp,2016-04-01,2939.0,2970.0,2923.0,2951.05,2949.8953047535724,17145,1670,50575955.0,3042.0,17.74,47.0,12.05,2951.05,2842.725,2668.402,Hold
Hero Motocorp,2016-04-04,2970.05,2987.8,2948.05,2979.4,2971.741097690719,15979,2210,47485451.0,3183.0,19.92,39.75,9.35,2979.4,2851.3075,2678.3309999999997,Hold
Hero Motocorp,2016-04-05,2978.0,3009.9,2936.7,2956.25,2971.643211547136,66510,2762,197643990.0,4946.0,7.44,73.2,-21.75,2956.25,2857.8825,2687.695,Hold
Hero Motocorp,2016-04-06,2960.0,3005.0,2960.0,2983.55,2987.4992185345222,10877,1763,32495029.0,1421.0,13.06,45.0,23.55,2983.55,2865.27,2697.896,Hold
Hero Motocorp,2016-04-07,2985.0,2985.05,2942.5,2968.3,2962.8435178765967,10097,1562,29915831.0,2395.0,23.72,42.55,-16.7,2968.3,2873.1899999999996,2705.5409999999997,Hold
Hero Motocorp,2016-04-08,2968.0,2968.0,2885.35,2920.3,2909.186899403965,16442,2270,47832851.0,1344.0,8.17,82.65,-47.7,2920.3,2878.3575,2713.531,Hold
Hero Motocorp,2016-04-11,2941.0,2985.0,2908.05,2976.55,2950.459180158457,17418,2495,51391098.0,4879.0,28.01,76.95,35.55,2976.55,2886.5800000000004,2723.4210000000003,Hold
Hero Motocorp,2016-04-12,2980.0,3060.0,2973.1,3049.95,3039.208899605436,27372,3375,83189226.0,7787.0,28.45,86.9,69.95,3049.95,2898.5525000000002,2735.449,Hold
Hero Motocorp,2016-04-13,3060.0,3170.0,3040.1,3151.65,3106.0678456159226,44616,5314,138580323.0,9056.0,20.3,129.9,91.65,3151.65,2915.2775,2747.2260000000006,Hold
Hero Motocorp,2016-04-18,3148.0,3157.5,3050.0,3065.35,3093.038179280537,22211,2980,68699471.0,5649.0,25.43,107.5,-82.65,3065.35,2927.8975,2757.8330000000005,Hold
Hero Motocorp,2016-04-20,3069.0,3079.0,3006.25,3040.7,3044.025258691507,265374,3246,807805159.0,245490.0,92.51,72.75,-28.3,3040.7,2940.035,2768.211,Hold
Hero Motocorp,2016-04-21,3050.05,3064.5,2980.0,2988.5,3040.3444596493823,270380,2693,822048335.0,252601.0,93.42,84.5,-61.55,2988.5,2948.4849999999997,2778.2870000000003,Hold
Hero Motocorp,2016-04-22,2980.0,3026.2,2952.05,3001.0,2999.6155784148978,406447,2729,1219184753.0,382674.0,94.15,74.15,21.0,3001.0,2956.89,2788.097,Hold
Hero Motocorp,2016-04-25,3000.0,3021.0,2960.0,2967.4,2983.167571480275,16578,2374,49454952.0,2809.0,16.94,61.0,-32.6,2967.4,2965.1225,2795.8839999999996,Hold
Hero Motocorp,2016-04-26,2964.45,2964.45,2919.0,2932.1,2939.4860411899317,17480,2429,51382216.0,4301.0,24.61,45.45,-32.35,2932.1,2968.39,2803.1639999999998,Hold
Hero Motocorp,2016-04-27,2932.1,2963.45,2932.1,2949.05,2940.8181549838428,64368,1563,189294583.0,51982.0,80.76,31.35,16.95,2949.05,2972.325,2810.5519999999997,Hold
Hero Motocorp,2016-04-28,2945.0,2947.0,2889.95,2901.3,2913.909766397605,18707,1886,54510510.0,5373.0,28.72,57.05,-43.7,2901.3,2974.9800000000005,2817.6290000000004,Hold
Hero Motocorp,2016-04-29,2890.1,2914.8,2870.0,2901.3,2901.522958870473,16290,1836,47265809.0,2580.0,15.84,44.8,11.2,2901.3,2977.4775,2825.6859999999997,Hold
Hero Motocorp,2016-05-02,2899.4,2930.0,2887.55,2907.7,2903.624930862832,14464,1676,41998031.0,2138.0,14.78,42.45,8.3,2907.7,2976.7400000000002,2834.11,Hold
Hero Motocorp,2016-05-03,2955.0,2959.0,2865.35,2884.4,2906.094183764928,41281,3742,119966474.0,5958.0,14.43,93.65,-70.6,2884.4,2973.79,2841.4839999999995,Hold
Hero Motocorp,2016-05-04,2899.9,2915.35,2884.55,2897.7,2902.2584968152864,19625,1699,56956823.0,6161.0,31.39,30.8,-2.2,2897.7,2971.1225000000004,2849.2690000000002,Hold
Hero Motocorp,2016-05-05,2922.9,2948.0,2881.0,2893.95,2914.471044427124,51320,4928,149570654.0,10032.0,19.55,67.0,-28.95,2893.95,2966.85,2856.67,Hold
Hero Motocorp,2016-05-06,2913.0,2913.0,2829.0,2885.05,2872.7454918306844,44863,3826,128879981.0,7378.0,16.45,84.0,-27.95,2885.05,2963.29,2861.952,Hold
Hero Motocorp,2016-05-09,2890.0,2960.0,2890.0,2948.1,2938.85850579774,27252,2358,80089772.0,7728.0,28.36,70.0,58.1,2948.1,2961.5175,2866.8169999999996,Hold
Hero Motocorp,2016-05-10,2948.1,2973.0,2931.0,2961.9,2956.56567284448,26061,2322,77051058.0,8627.0,33.1,42.0,13.8,2961.9,2961.1975,2871.936,Hold
Hero Motocorp,2016-05-11,2934.1,2980.9,2920.05,2960.65,2961.883942174222,29537,2846,87485166.0,7878.0,26.67,60.85,26.55,2960.65,2963.215,2877.9429999999998,Hold
Hero Motocorp,2016-05-12,2955.05,2979.1,2945.0,2950.15,2956.9288774132974,17041,1460,50389025.0,6080.0,35.68,34.1,-4.9,2950.15,2961.8949999999995,2884.4770000000003,Hold
Hero Motocorp,2016-05-13,2950.15,2950.15,2897.6,2915.85,2917.5037119041417,15356,1807,44801187.0,3553.0,23.14,52.55,-34.3,2915.85,2955.19,2890.328,Hold
Hero Motocorp,2016-05-16,2913.0,2913.0,2872.0,2902.95,2890.1890889830506,15104,1793,43653416.0,2123.0,14.06,41.0,-10.05,2902.95,2942.755,2897.244,Hold
Hero Motocorp,2016-05-17,2910.0,2958.0,2907.0,2927.95,2937.918521607673,19183,1566,56358091.0,4556.0,23.75,51.0,17.95,2927.95,2935.8849999999998,2905.81,Hold
Hero Motocorp,2016-05-18,2915.9,2915.9,2862.0,2884.85,2884.1953666895133,36475,2431,105201026.0,18487.0,50.68,53.9,-31.05,2884.85,2928.0925,2910.167,Hold
Hero Motocorp,2016-05-19,2897.4,2911.95,2869.0,2890.3,2892.7807795775857,17471,1473,50539773.0,3350.0,19.17,42.95,-7.1,2890.3,2923.1825,2911.8179999999998,Hold
Hero Motocorp,2016-05-20,2890.0,2907.7,2872.1,2896.75,2893.7528130936726,13686,1855,39603901.0,3699.0,27.03,35.6,6.75,2896.75,2917.9700000000003,2913.258,Hold
Hero Motocorp,2016-05-23,2897.0,2900.0,2864.75,2883.95,2884.3059472716122,13048,1757,37634424.0,3684.0,28.23,35.25,-13.05,2883.95,2913.7975,2914.2209999999995,Sell
Hero Motocorp,2016-05-24,2865.3,2905.0,2865.3,2893.3,2892.878290354243,11207,1038,32420487.0,4194.0,37.42,39.7,28.0,2893.3,2911.8575,2915.8889999999997,Hold
Hero Motocorp,2016-05-25,2924.0,2934.95,2907.0,2929.25,2924.7231436239763,14531,1851,42499152.0,3019.0,20.78,27.95,5.25,2929.25,2910.8675,2918.135,Hold
Hero Motocorp,2016-05-26,2924.75,2990.05,2916.4,2971.1,2959.535407586415,23173,2213,68581314.0,7348.0,31.71,73.65,46.35,2971.1,2914.3574999999996,2921.315,Hold
Hero Motocorp,2016-05-27,2971.1,3008.1,2970.15,3003.25,2998.1293720597255,19556,2113,58631418.0,4192.0,21.44,37.95,32.15,3003.25,2919.455,2925.17,Hold
Hero Motocorp,2016-05-30,3010.0,3105.7,3005.05,3093.9,3067.068739007143,27859,4211,85445468.0,6785.0,24.35,100.65,83.9,3093.9,2928.765,2930.705,Hold
Hero Motocorp,2016-05-31,3104.3,3124.3,3070.0,3099.15,3103.3392809822453,67926,2675,210797424.0,48348.0,71.18,54.3,-5.15,3099.15,2939.5025,2936.429,Buy
Hero Motocorp,2016-06-01,3100.05,3132.0,3068.65,3087.3,3121.019925400537,51743,1901,161490934.0,37538.0,72.55,63.35,-12.75,3087.3,2948.9825,2942.2160000000003,Hold
Hero Motocorp,2016-06-02,3087.3,3144.0,3060.1,3137.3,3124.0299360146246,21880,2419,68353775.0,3730.0,17.05,83.9,50.0,3137.3,2961.15,2948.572,Hold
Hero Motocorp,2016-06-03,3152.0,3207.9,3100.05,3146.8,3174.3076598056377,33134,3581,105177510.0,7272.0,21.95,107.85,-5.2,3146.8,2974.2375,2954.85,Hold
Hero Motocorp,2016-06-06,3140.0,3154.0,3090.0,3102.0,3120.416222319804,15941,2060,49742555.0,5679.0,35.63,64.0,-38.0,3102.0,2981.9325,2960.835,Hold
Hero Motocorp,2016-06-07,3125.0,3146.45,3111.7,3127.9,3131.8730819815873,13686,1975,42862815.0,3751.0,27.41,34.75,2.9,3127.9,2990.2325,2966.058,Hold
Hero Motocorp,2016-06-08,3130.0,3180.0,3111.8,3170.4,3160.87237425726,11949,1227,37769264.0,2191.0,18.34,68.2,40.4,3170.4,3000.72,2972.059,Hold
Hero Motocorp,2016-06-09,3160.0,3170.35,3072.0,3083.25,3102.4590932570427,25167,2525,78079588.0,10035.0,39.87,98.35,-76.75,3083.25,3007.375,2976.76,Hold
Hero Motocorp,2016-06-10,3055.0,3111.0,3055.0,3067.45,3077.1739010610445,14514,1945,44662102.0,2267.0,15.62,56.0,12.45,3067.45,3014.955,2981.0820000000003,Hold
Hero Motocorp,2016-06-13,3067.45,3067.45,3017.5,3039.2,3033.7953317197703,30161,2921,91502301.0,9272.0,30.74,49.95,-28.25,3039.2,3021.7675,2983.417,Hold
Hero Motocorp,2016-06-14,3036.45,3039.95,2990.5,3011.55,2998.6452461943386,64969,2148,194818983.0,46613.0,71.75,49.45,-24.9,3011.55,3025.9475,2984.78,Hold
Hero Motocorp,2016-06-15,3027.65,3086.45,3022.05,3066.7,3065.923409255867,28933,2877,88706362.0,7175.0,24.8,64.4,39.05,3066.7,3035.04,2987.093,Hold
Hero Motocorp,2016-06-16,3042.2,3054.95,3016.2,3023.4,3030.186414891713,11174,1315,33859303.0,2484.0,22.23,38.75,-18.8,3023.4,3041.695,2987.9730000000004,Hold
Hero Motocorp,2016-06-17,3043.35,3043.35,3015.0,3028.2,3029.9243262224563,11391,1675,34513868.0,3669.0,32.21,28.35,-15.15,3028.2,3048.2675,2989.4120000000003,Hold
Hero Motocorp,2016-06-20,3005.85,3092.0,3005.85,3048.65,3058.832370426191,11943,1772,36531635.0,2412.0,20.2,86.15,42.8,3048.65,3056.5024999999996,2990.7139999999995,Hold
Hero Motocorp,2016-06-21,3055.0,3074.0,3036.5,3048.75,3054.2190279887177,9218,1287,28153791.0,2056.0,22.3,37.5,-6.25,3048.75,3064.275,2992.323,Hold
Hero Motocorp,2016-06-22,3050.1,3074.1,3027.2,3068.6,3060.857558356328,13409,1600,41043039.0,2202.0,16.42,46.9,18.5,3068.6,3071.2425,2995.2889999999998,Hold
Hero Motocorp,2016-06-23,3077.55,3083.8,3038.75,3062.7,3061.3398793198025,9115,1218,27904113.0,2118.0,23.24,45.05,-14.85,3062.7,3075.8225,2997.012,Hold
Hero Motocorp,2016-06-24,3062.7,3076.0,2956.0,3055.95,2984.269770690654,117396,2340,350341334.0,96119.0,81.88,120.0,-6.75,3055.95,3078.4575,2997.132,Hold
Hero Motocorp,2016-06-27,3028.95,3082.0,3025.0,3054.6,3051.7464333269922,15771,1739,48129093.0,3472.0,22.02,57.0,25.65,3054.6,3076.4925,2995.191,Hold
Hero Motocorp,2016-06-28,3080.0,3080.0,3011.0,3025.5,3039.9481408434362,17239,2342,52405666.0,4902.0,28.44,69.0,-54.5,3025.5,3072.81,2994.3940000000002,Hold
Hero Motocorp,2016-06-29,3035.05,3154.9,3035.05,3145.0,3118.175215772306,34643,3504,108022944.0,8964.0,25.88,119.85,109.95,3145.0,3075.6949999999997,2996.48,Hold
Hero Motocorp,2016-06-30,3157.0,3222.35,2987.8,3180.85,3188.3537515793564,41156,5211,131219887.0,10287.0,25.0,234.55,23.85,3180.85,3077.8725000000004,3000.327,Hold
Hero Motocorp,2016-07-01,3185.5,3199.9,3160.35,3176.65,3179.884355146945,19361,2647,61565741.0,3990.0,20.61,39.55,-8.85,3176.65,3079.365,3003.84,Hold
Hero Motocorp,2016-07-04,3225.0,3225.0,3146.2,3161.75,3161.8471185692206,22645,2064,71600028.0,8095.0,35.75,78.8,-63.25,3161.75,3082.3525,3007.7270000000003,Hold
Hero Motocorp,2016-07-05,3159.8,3161.7,3105.0,3111.5,3124.8981177412893,12485,1749,39014353.0,4497.0,36.02,56.7,-48.3,3111.5,3081.5325,3011.315,Hold
Hero Motocorp,2016-07-07,3130.0,3135.0,3090.7,3101.3,3115.274688340259,16364,1400,50978355.0,3175.0,19.4,44.3,-28.7,3101.3,3078.0775000000003,3014.36,Hold
Hero Motocorp,2016-07-08,3125.0,3170.0,3117.55,3160.2,3151.077930281973,17413,1994,54869720.0,3811.0,21.89,52.45,35.2,3160.2,3081.925,3019.538,Hold
Hero Motocorp,2016-07-11,3170.0,3244.2,3170.0,3236.55,3230.3621345693123,63863,4899,206300617.0,24701.0,38.68,74.2,66.55,3236.55,3090.38,3026.2430000000004,Hold
Hero Motocorp,2016-07-12,3250.0,3259.35,3223.5,3243.75,3240.584024418337,17364,2149,56269501.0,3710.0,21.37,35.85,-6.25,3243.75,3100.6075,3032.9640000000004,Hold
Hero Motocorp,2016-07-13,3250.0,3259.95,3220.0,3235.55,3238.236701895362,11449,1815,37074572.0,1485.0,12.97,39.95,-14.45,3235.55,3111.8075,3039.987,Hold
Hero Motocorp,2016-07-14,3229.0,3271.0,3205.9,3251.3,3242.122201699298,27070,3090,87764248.0,9273.0,34.26,65.1,22.3,3251.3,3121.0375,3047.0589999999997,Hold
Hero Motocorp,2016-07-15,3270.0,3289.0,3220.45,3237.7,3260.680513211382,15744,1822,51336154.0,2202.0,13.99,68.55,-32.3,3237.7,3131.7525,3053.934,Hold
Hero Motocorp,2016-07-18,3253.65,3291.15,3240.0,3254.5,3271.1042667032516,21867,3282,71529237.0,6148.0,28.12,51.15,0.85,3254.5,3143.0675,3061.323,Hold
Hero Motocorp,2016-07-19,3260.0,3261.85,3208.0,3229.4,3227.805998378816,18505,1872,59730550.0,5803.0,31.36,53.85,-30.6,3229.4,3152.105,3066.9489999999996,Hold
Hero Motocorp,2016-07-20,3240.0,3283.0,3235.15,3276.6,3269.876069839096,11684,1410,38205232.0,3628.0,31.05,47.85,36.6,3276.6,3163.4975000000004,3073.243,Hold
Hero Motocorp,2016-07-21,3300.0,3306.1,3260.3,3265.65,3284.7997328286765,8983,1284,29507356.0,2007.0,22.34,45.8,-34.35,3265.65,3173.35,3079.343,Hold
Hero Motocorp,2016-07-22,3272.25,3285.85,3254.05,3260.35,3265.393965641692,6927,979,22619384.0,1773.0,25.6,31.8,-11.9,3260.35,3183.2325,3085.547,Hold
Hero Motocorp,2016-07-25,3260.35,3285.5,3250.0,3279.7,3270.830126893164,14658,1282,47943828.0,6922.0,47.22,35.5,19.35,3279.7,3194.42,3092.824,Hold
Hero Motocorp,2016-07-26,3280.0,3281.0,3173.0,3210.3,3240.8759812392,20255,2012,65643943.0,7339.0,36.23,108.0,-69.7,3210.3,3202.2050000000004,3098.9709999999995,Hold
Hero Motocorp,2016-07-27,3210.3,3257.15,3189.9,3203.5,3212.042115467471,9284,1233,29820599.0,2666.0,28.72,67.25,-6.8,3203.5,3211.1050000000005,3104.482,Hold
Hero Motocorp,2016-07-28,3203.6,3229.45,3150.0,3192.3,3202.547792137857,37140,3092,118942625.0,10313.0,27.77,79.45,-11.3,3192.3,3213.4700000000003,3110.631,Hold
Hero Motocorp,2016-07-29,3190.0,3243.7,3176.55,3206.45,3219.293306849645,16614,1447,53485339.0,3835.0,23.08,67.15,16.45,3206.45,3214.75,3116.954,Hold
Hero Motocorp,2016-08-01,3211.0,3395.0,3200.0,3219.35,3226.0249130938582,17260,1845,55681190.0,4864.0,28.18,195.0,8.35,3219.35,3216.885,3123.4060000000004,Hold
Hero Motocorp,2016-08-02,3220.0,3279.0,3201.95,3260.0,3259.46205939023,70584,3032,230065870.0,45093.0,63.89,77.05,40.0,3260.0,3221.7975,3130.927,Hold
Hero Motocorp,2016-08-03,3278.1,3305.9,3210.5,3237.1,3268.219232051398,32997,2337,107841430.0,8202.0,24.86,95.4,-41.0,3237.1,3228.0775000000003,3137.8030000000003,Hold
Hero Motocorp,2016-08-04,3255.0,3305.0,3250.0,3270.1,3279.462836447444,24298,1893,79684388.0,8861.0,36.47,55.0,15.1,3270.1,3236.5175,3144.62,Hold
Hero Motocorp,2016-08-05,3299.95,3455.65,3287.25,3434.3,3373.13076890774,47626,4147,160648726.0,12461.0,26.16,168.4,134.35,3434.3,3250.2225000000003,3153.884,Hold
Hero Motocorp,2016-08-08,3525.0,3553.55,3410.0,3456.8,3483.8617296546013,135264,13027,471241073.0,15951.0,11.79,143.55,-68.2,3456.8,3261.2349999999997,3162.955,Hold
Hero Motocorp,2016-08-09,3464.0,3490.0,3394.3,3407.3,3423.9617331642635,101733,4033,348329899.0,64765.0,63.66,95.7,-56.7,3407.3,3269.4125,3169.2230000000004,Hold
Hero Motocorp,2016-08-10,3424.0,3442.85,3303.0,3320.5,3386.401975768046,45147,2514,152885890.0,23378.0,51.78,139.85,-103.5,3320.5,3273.66,3173.65,Hold
Hero Motocorp,2016-08-11,3317.0,3369.95,3291.6,3303.8,3328.344720914593,22305,1820,74238729.0,4904.0,21.99,78.35,-13.2,3303.8,3276.2850000000003,3177.98,Hold
Hero Motocorp,2016-08-12,3310.0,3364.85,3301.5,3313.3,3336.2924714828896,26300,2571,87744492.0,7828.0,29.76,63.35,3.3,3313.3,3280.065,3181.5,Hold
Hero Motocorp,2016-08-16,3315.0,3320.0,3281.0,3294.7,3296.7897721414574,9699,1228,31975564.0,1800.0,18.56,39.0,-20.3,3294.7,3282.075,3184.458,Hold
Hero Motocorp,2016-08-17,3313.5,3429.0,3308.05,3360.15,3389.3118123914305,44902,3777,152186879.0,12065.0,26.87,120.95,46.65,3360.15,3288.6125,3189.6209999999996,Hold
Hero Motocorp,2016-08-18,3360.0,3410.0,3356.6,3369.4,3377.803884646232,28677,2777,96865282.0,6321.0,22.04,53.4,9.4,3369.4,3293.2525,3194.4509999999996,Hold
Hero Motocorp,2016-08-19,3380.0,3380.0,3343.8,3359.25,3358.8029382797113,12184,1244,40923655.0,1787.0,14.67,36.2,-20.75,3359.25,3297.9325000000003,3198.228,Hold
Hero Motocorp,2016-08-22,3365.0,3365.0,3306.8,3337.95,3329.2202106422524,14527,1330,48363582.0,3127.0,21.53,58.2,-27.05,3337.95,3301.8125,3203.322,Hold
Hero Motocorp,2016-08-23,3382.0,3382.0,3296.15,3306.45,3308.8534340941806,19452,2028,64363817.0,4933.0,25.36,85.85,-75.55,3306.45,3303.15,3208.1020000000003,Hold
Hero Motocorp,2016-08-24,3306.45,3323.0,3287.9,3309.5,3305.010820010941,16451,1676,54370733.0,4095.0,24.89,35.1,3.05,3309.5,3308.1099999999997,3213.5080000000003,Hold
Hero Motocorp,2016-08-25,3305.0,3332.95,3290.0,3303.75,3311.1980333242286,14644,1543,48489184.0,3230.0,22.06,42.95,-1.25,3303.75,3313.1225,3219.3520000000003,Hold
Hero Motocorp,2016-08-26,3322.25,3334.0,3300.0,3316.8,3313.2430894901904,13711,1534,45427876.0,3100.0,22.61,34.0,-5.45,3316.8,3319.3475,3224.3540000000003,Hold
Hero Motocorp,2016-08-29,3316.5,3415.0,3282.0,3405.75,3364.5605142986687,30877,2395,103887535.0,9174.0,29.71,133.0,89.25,3405.75,3329.3125,3232.0009999999997,Hold
Hero Motocorp,2016-08-30,3414.0,3483.4,3414.0,3473.35,3458.735147259085,37451,2464,129533090.0,14779.0,39.46,69.4,59.35,3473.35,3342.0125,3240.9040000000005,Hold
Hero Motocorp,2016-08-31,3480.0,3576.0,3480.0,3547.5,3548.8815335722497,44367,3165,157453227.0,10574.0,23.83,96.0,67.5,3547.5,3356.3875,3250.8810000000003,Hold
Hero Motocorp,2016-09-01,3551.0,3597.15,3520.0,3546.9,3564.368947815489,27077,2762,96512418.0,5648.0,20.86,77.15,-4.1,3546.9,3371.8775,3260.844,Hold
Hero Motocorp,2016-09-02,3580.0,3614.35,3553.85,3578.55,3577.7068346542032,29526,2865,105635372.0,6110.0,20.69,60.5,-1.45,3578.55,3387.3,3271.0429999999997,Hold
Hero Motocorp,2016-09-06,3581.0,3650.0,3581.0,3614.05,3620.438698363211,25660,2918,92900457.0,8439.0,32.89,69.0,33.05,3614.05,3396.2875,3282.07,Hold
Hero Motocorp,2016-09-07,3699.8,3699.8,3578.35,3609.85,3599.639682013912,15095,1918,54336561.0,4664.0,30.9,121.45,-89.95,3609.85,3403.94,3293.1480000000006,Hold
Hero Motocorp,2016-09-08,3605.0,3739.9,3605.0,3697.65,3699.739671244156,34007,3387,125817047.0,13803.0,40.59,134.9,92.65,3697.65,3418.4574999999995,3306.009,Hold
Hero Motocorp,2016-09-09,3690.0,3705.5,3568.65,3623.8,3626.2644481812554,22598,2829,81946324.0,6230.0,27.57,136.85,-66.2,3623.8,3433.6225,3317.975,Hold
Hero Motocorp,2016-09-12,3565.0,3565.0,3493.1,3529.05,3516.426084780899,27978,3302,98382569.0,5275.0,18.85,71.9,-35.95,3529.05,3444.8849999999998,3325.6560000000004,Hold
Hero Motocorp,2016-09-14,3530.0,3612.0,3530.0,3589.5,3573.9402144035184,14552,1971,52007978.0,2898.0,19.91,82.0,59.5,3589.5,3458.6949999999997,3333.829,Hold
Hero Motocorp,2016-09-15,3570.0,3573.0,3508.0,3522.6,3524.3486160997254,28398,3029,100084452.0,4031.0,14.19,65.0,-47.4,3522.6,3470.09,3340.748,Hold
Hero Motocorp,2016-09-16,3556.7,3639.0,3529.95,3585.15,3592.271767997724,42172,4052,151493285.0,5131.0,12.17,109.05,28.45,3585.15,3481.34,3349.2160000000003,Hold
Hero Motocorp,2016-09-19,3601.0,3617.15,3544.05,3554.3,3571.4144368963443,21639,2105,77281837.0,7485.0,34.59,73.1,-46.7,3554.3,3490.585,3358.072,Hold
Hero Motocorp,2016-09-20,3558.0,3558.0,3460.0,3468.1,3482.6178500090796,22028,2508,76715106.0,9377.0,42.57,98.0,-89.9,3468.1,3496.0274999999992,3365.408,Hold
Hero Motocorp,2016-09-21,3497.0,3510.0,3416.9,3460.0,3473.8655263523847,28764,3282,99922268.0,6528.0,22.7,93.1,-37.0,3460.0,3502.13,3371.4040000000005,Hold
Hero Motocorp,2016-09-22,3500.0,3577.8,3500.0,3538.6,3547.7707984119984,34005,3266,120641946.0,9730.0,28.61,77.8,38.6,3538.6,3513.7375,3377.4450000000006,Hold
Hero Motocorp,2016-09-23,3538.6,3553.45,3515.65,3531.75,3535.2966726766103,12202,1117,43137690.0,4044.0,33.14,37.8,-6.85,3531.75,3524.85,3383.205,Hold
Hero Motocorp,2016-09-26,3565.0,3565.0,3450.95,3463.7,3478.417975740704,20116,2794,69971856.0,7384.0,36.71,114.05,-101.3,3463.7,3532.8475,3387.768,Hold
Hero Motocorp,2016-09-27,3486.0,3499.9,3440.0,3450.55,3459.99252068746,25136,1948,86970372.0,10301.0,40.98,59.9,-35.45,3450.55,3539.535,3391.7530000000006,Hold
Hero Motocorp,2016-09-28,3475.0,3490.0,3439.5,3450.45,3464.6509256180025,9021,1200,31254616.0,3086.0,34.21,50.5,-24.55,3450.45,3541.7699999999995,3396.008,Hold
Hero Motocorp,2016-09-29,3485.0,3495.95,3409.95,3428.5,3454.90517390552,23116,2665,79863588.0,6911.0,29.9,86.0,-56.5,3428.5,3539.5275,3399.488,Hold
Hero Motocorp,2016-09-30,3462.0,3462.0,3392.0,3414.35,3419.355641298563,30064,3071,102799508.0,12226.0,40.67,70.0,-47.65,3414.35,3532.8700000000003,3403.187,Hold
Hero Motocorp,2016-10-03,3469.0,3542.85,3448.0,3523.0,3508.590799748344,27021,2806,94805632.0,11826.0,43.77,94.85,54.0,3523.0,3531.675,3408.115,Hold
Hero Motocorp,2016-10-04,3581.0,3600.0,3516.3,3531.55,3553.407341872441,37865,2791,134549769.0,7936.0,20.96,83.7,-49.45,3531.55,3529.325,3413.433,Hold
Hero Motocorp,2016-10-05,3583.0,3583.0,3485.0,3490.4,3497.884365488808,46327,2079,162046489.0,27755.0,59.91,98.0,-92.6,3490.4,3523.1425000000004,3418.034,Hold
Hero Motocorp,2016-10-06,3525.3,3525.3,3462.4,3473.6,3485.9623189384474,29617,2340,103243746.0,10268.0,34.67,62.9,-51.7,3473.6,3516.3300000000004,3421.9119999999994,Hold
Hero Motocorp,2016-10-07,3495.0,3495.0,3450.0,3471.7,3467.8095801059926,24530,1528,85065369.0,14513.0,59.16,45.0,-23.3,3471.7,3505.0325000000003,3427.14,Hold
Hero Motocorp,2016-10-10,3499.0,3512.9,3479.1,3489.7,3494.4511052440853,57951,4778,202506936.0,41467.0,71.56,33.8,-9.3,3489.7,3498.3275000000003,3432.864,Hold
Hero Motocorp,2016-10-13,3491.0,3519.0,3468.55,3493.5,3495.1608837046792,37207,3538,130044451.0,14524.0,39.04,50.45,2.5,3493.5,3496.55,3438.8880000000004,Hold
Hero Motocorp,2016-10-14,3515.0,3518.85,3466.95,3482.2,3491.7895777277467,18211,1582,63588980.0,7189.0,39.48,51.9,-32.8,3482.2,3491.185,3444.403,Hold
Hero Motocorp,2016-10-17,3510.0,3510.0,3393.0,3404.15,3427.594240455508,27398,2463,93909227.0,11670.0,42.59,117.0,-105.85,3404.15,3485.2625,3448.0989999999997,Hold
Hero Motocorp,2016-10-18,3404.15,3435.65,3383.25,3410.5,3410.5188689107254,38264,3278,130500094.0,21577.0,56.39,52.4,6.35,3410.5,3476.53,3451.1089999999995,Hold
Hero Motocorp,2016-10-19,3420.0,3420.0,3360.0,3367.0,3378.7215409099417,21364,2305,72183007.0,7367.0,34.48,60.0,-53.0,3367.0,3467.165,3453.7069999999994,Hold
Hero Motocorp,2016-10-20,3376.3,3404.45,3355.5,3362.75,3380.242539868897,20442,1667,69098918.0,7034.0,34.41,48.95,-13.55,3362.75,3461.8975000000005,3455.56,Hold
Hero Motocorp,2016-10-21,3371.1,3375.5,3344.55,3360.55,3360.9627397577797,17257,1612,58000134.0,2785.0,16.14,30.95,-10.55,3360.55,3456.925,3454.085,Hold
Hero Motocorp,2016-10-24,3360.0,3371.5,3330.0,3334.3,3349.13492614256,20174,2064,67565448.0,9010.0,44.66,41.5,-25.7,3334.3,3446.71,3451.635,Sell
Hero Motocorp,2016-10-25,3335.0,3372.7,3331.05,3357.25,3348.858988421694,16410,1738,54954776.0,7728.0,47.09,41.65,22.25,3357.25,3437.9849999999997,3450.6339999999996,Hold
Hero Motocorp,2016-10-26,3410.0,3454.8,3375.0,3421.55,3420.5125573145647,52997,4949,181276904.0,12813.0,24.18,79.8,11.55,3421.55,3435.8775,3452.655,Hold
Hero Motocorp,2016-10-27,3470.0,3470.0,3300.15,3314.75,3348.413432774937,147088,5748,492511435.0,94914.0,64.53,169.85,-155.25,3314.75,3429.0875,3452.8740000000003,Hold
Hero Motocorp,2016-10-28,3345.0,3420.0,3324.9,3347.65,3349.852679369392,27973,2357,93705429.0,4477.0,16.0,95.1,2.65,3347.65,3423.9474999999998,3453.561,Hold
Hero Motocorp,2016-10-30,3370.6,3381.4,3350.0,3354.6,3358.6780528281006,7231,617,24286601.0,3499.0,48.39,31.4,-16.0,3354.6,3420.2525,3454.759,Hold
Hero Motocorp,2016-11-01,3370.0,3388.1,3355.0,3370.8,3374.3163406852545,14418,1540,48650893.0,4492.0,31.16,33.1,0.8,3370.8,3418.075,3454.972,Hold
Hero Motocorp,2016-11-02,3360.0,3360.0,3316.25,3324.25,3337.401830663616,13110,1658,43753338.0,3738.0,28.51,43.75,-35.75,3324.25,3408.1375,3454.0690000000004,Hold
Hero Motocorp,2016-11-03,3330.0,3400.0,3317.0,3379.5,3371.5187374394136,25377,2554,85559031.0,8478.0,33.41,83.0,49.5,3379.5,3400.535,3454.474,Hold
Hero Motocorp,2016-11-04,3390.0,3390.0,3250.0,3282.95,3300.63795540201,25472,3684,84073850.0,6700.0,26.3,140.0,-107.05,3282.95,3390.1625,3453.3740000000003,Hold
Hero Motocorp,2016-11-07,3300.0,3379.0,3264.65,3350.15,3326.2245315323885,21026,2726,69937197.0,3989.0,18.97,114.35,50.15,3350.15,3383.9900000000002,3454.248,Hold
Hero Motocorp,2016-11-08,3378.0,3381.0,3327.0,3369.6,3360.25730328553,13179,1714,44284831.0,3572.0,27.1,54.0,-8.4,3369.6,3378.8849999999998,3455.45,Hold
Hero Motocorp,2016-11-09,3262.0,3262.0,3097.95,3235.7,3204.124582481679,60177,6516,192814605.0,10739.0,17.85,164.05,-26.3,3235.7,3366.185,3454.0889999999995,Hold
Hero Motocorp,2016-11-10,3290.0,3312.45,3135.0,3144.55,3204.4965909873513,43561,5156,139591076.0,15637.0,35.9,177.45,-145.45,3144.55,3348.7375,3450.6440000000002,Hold
Hero Motocorp,2016-11-11,3144.55,3144.55,2970.0,2981.75,3020.294168059305,46674,5392,140969210.0,13501.0,28.93,174.55,-162.8,2981.75,3323.715,3442.164,Hold
Hero Motocorp,2016-11-15,2980.0,2980.0,2869.0,2900.7,2904.7038776781865,41726,4708,121201674.0,17142.0,41.08,111.0,-79.3,2900.7,3298.5425000000005,3430.711,Hold
Hero Motocorp,2016-11-16,2926.0,3018.0,2894.35,2914.5,2954.852871657918,32577,2957,96260242.0,5147.0,15.8,123.65,-11.5,2914.5,3273.7425000000003,3418.051,Hold
Hero Motocorp,2016-11-17,2949.0,2949.0,2844.4,2878.15,2875.383648652317,36841,4613,105932009.0,11591.0,31.46,104.6,-70.85,2878.15,3249.3,3404.676,Hold
Hero Motocorp,2016-11-18,2900.0,2942.0,2876.0,2934.75,2923.122438042852,98899,3908,289093886.0,78081.0,78.95,66.0,34.75,2934.75,3227.9,3391.8,Hold
Hero Motocorp,2016-11-21,2945.0,2953.45,2897.0,2928.1,2920.99936776386,50614,2522,147843462.0,37234.0,73.56,56.45,-16.9,2928.1,3206.2775,3378.0809999999997,Hold
Hero Motocorp,2016-11-22,2941.0,3015.0,2933.25,2997.0,2979.551675064425,25999,2525,77465364.0,7670.0,29.5,81.75,56.0,2997.0,3189.4125,3365.8239999999996,Hold
Hero Motocorp,2016-11-23,3030.0,3030.0,2996.35,3012.85,3011.7337212524244,14436,1419,43477388.0,2937.0,20.34,33.65,-17.15,3012.85,3172.1925,3352.1279999999997,Hold
Hero Motocorp,2016-11-24,2999.0,3069.0,2978.55,3049.6,3028.059966072943,11790,1696,35700827.0,2599.0,22.04,90.45,50.6,3049.6,3153.5950000000003,3340.6440000000002,Hold
Hero Motocorp,2016-11-25,3050.0,3092.5,3029.4,3039.1,3056.8933428350847,16839,1755,51475027.0,4524.0,26.87,63.1,-10.9,3039.1,3139.8125,3330.845,Hold
Hero Motocorp,2016-11-28,3050.0,3117.0,3050.0,3101.5,3093.8103613848875,19785,2457,61211038.0,2609.0,13.19,67.0,51.5,3101.5,3127.505,3321.085,Hold
Hero Motocorp,2016-11-29,3117.9,3180.0,3074.4,3160.05,3143.9834987351624,25695,2898,80784656.0,3582.0,13.94,105.6,42.15,3160.05,3117.7775,3313.8340000000003,Hold
Hero Motocorp,2016-11-30,3160.0,3176.0,3135.0,3169.0,3160.861311695079,13433,1573,42459850.0,3992.0,29.72,41.0,9.0,3169.0,3107.6875,3305.511,Hold
Hero Motocorp,2016-12-01,3159.5,3215.0,3148.7,3178.35,3167.618263637361,18222,2249,57720340.0,4186.0,22.97,66.3,18.85,3178.35,3100.3925,3297.992,Hold
Hero Motocorp,2016-12-02,3160.0,3213.0,3150.5,3183.7,3179.2959828810426,20562,2281,65372684.0,3663.0,17.81,62.5,23.7,3183.7,3090.6025,3292.3039999999996,Hold
Hero Motocorp,2016-12-05,3183.65,3258.0,3170.6,3224.4,3224.134340473506,22175,2195,71495179.0,4543.0,20.49,87.4,40.75,3224.4,3087.675,3287.592,Hold
Hero Motocorp,2016-12-06,3228.7,3241.2,3186.2,3198.0,3212.970894200974,9036,944,29032405.0,1318.0,14.59,55.0,-30.7,3198.0,3080.0675,3280.78,Hold
Hero Motocorp,2016-12-07,3250.0,3250.0,3200.0,3227.2,3228.907217541366,19702,1679,63615930.0,6559.0,33.29,50.0,-22.8,3227.2,3072.9474999999998,3274.689,Hold
Hero Motocorp,2016-12-08,3260.0,3331.5,3248.1,3308.95,3301.360669607784,33094,3574,109255230.0,15889.0,48.01,83.4,48.95,3308.95,3076.6099999999997,3271.594,Hold
Hero Motocorp,2016-12-09,3344.0,3344.0,3271.05,3281.15,3285.7674433869374,15235,1720,50058667.0,3203.0,21.02,72.95,-62.85,3281.15,3083.44,3268.2059999999997,Hold
Hero Motocorp,2016-12-12,3272.0,3272.0,3199.55,3216.55,3226.5060612905654,13281,1303,42851227.0,3214.0,24.2,72.45,-55.45,3216.55,3095.18,3263.528,Hold
Hero Motocorp,2016-12-13,3210.0,3239.45,3195.45,3201.95,3207.5991235758106,28525,1405,91496765.0,15488.0,54.3,44.0,-8.05,3201.95,3110.2425,3258.9970000000003,Hold
Hero Motocorp,2016-12-14,3206.9,3221.05,3142.0,3163.2,3171.6877747837184,14102,1729,44727141.0,2557.0,18.13,79.05,-43.7,3163.2,3122.6775,3253.974,Hold
Hero Motocorp,2016-12-15,3149.6,3200.15,3120.05,3168.1,3175.227557411273,18202,1991,57795492.0,3397.0,18.66,80.1,18.5,3168.1,3137.175,3246.8759999999997,Hold
Hero Motocorp,2016-12-16,3168.1,3183.4,3119.5,3128.0,3133.8595473012188,8615,1074,26998200.0,2347.0,27.24,63.9,-40.1,3128.0,3146.8375,3238.805,Hold
Hero Motocorp,2016-12-19,3151.65,3151.65,3087.7,3105.7,3111.9921494315104,14776,1279,45982796.0,6001.0,40.61,63.95,-45.95,3105.7,3155.7174999999997,3231.111,Hold
Hero Motocorp,2016-12-20,3135.0,3135.0,3040.2,3057.15,3060.72227649608,39921,2536,122187094.0,27881.0,69.84,94.8,-77.85,3057.15,3158.7249999999995,3222.782,Hold
Hero Motocorp,2016-12-21,3068.0,3101.0,3021.05,3026.65,3056.86555652936,17115,2109,52318254.0,5472.0,31.97,79.95,-41.35,3026.65,3159.415,3213.881,Hold
Hero Motocorp,2016-12-22,3022.0,3040.0,2983.8,3000.5,3005.0250790305586,14235,1514,42776532.0,4324.0,30.38,56.2,-21.5,3000.5,3156.96,3204.0969999999998,Hold
Hero Motocorp,2016-12-23,3008.0,3050.0,2992.15,3036.0,3022.128564749883,8556,898,25857332.0,2027.0,23.69,57.85,28.0,3036.0,3156.805,3194.9469999999997,Hold
Hero Motocorp,2016-12-26,3040.1,3045.85,2976.5,3004.4,2998.306242762396,9499,932,28480911.0,3106.0,32.7,69.35,-35.7,3004.4,3151.95,3185.3910000000005,Hold
Hero Motocorp,2016-12-27,2981.0,3046.35,2957.0,3034.0,2993.3546399406086,13470,1561,40320487.0,2194.0,16.29,89.35,53.0,3034.0,3145.6475,3177.9880000000003,Hold
Hero Motocorp,2016-12-28,3035.0,3050.0,3000.0,3004.8,3023.5390746500775,10288,1459,31106170.0,3138.0,30.5,50.0,-30.2,3004.8,3137.4375,3169.8740000000003,Hold
Hero Motocorp,2016-12-29,3032.95,3050.0,2975.0,3032.3,3016.467072203121,18905,1697,57026310.0,6275.0,33.19,75.0,-0.65,3032.3,3130.1349999999998,3163.18,Hold
Hero Motocorp,2016-12-30,3045.0,3061.5,3028.0,3044.75,3046.8315466219988,17910,1513,54568753.0,6286.0,35.1,33.5,-0.25,3044.75,3123.1875,3156.82,Hold
Hero Motocorp,2017-01-02,3045.0,3068.1,2991.5,3028.7,3018.372486288848,19692,2200,59437791.0,5539.0,28.13,76.6,-16.3,3028.7,3113.4025,3150.183,Hold
Hero Motocorp,2017-01-03,2972.7,3018.45,2966.0,2987.35,2995.536390322907,19758,1989,59185808.0,5826.0,29.49,52.45,14.65,2987.35,3102.87,3143.244,Hold
Hero Motocorp,2017-01-04,3012.0,3025.95,2976.05,3014.25,2998.4089376932966,28777,3234,86285214.0,5841.0,20.3,49.9,2.25,3014.25,3092.2225,3136.384,Hold
Hero Motocorp,2017-01-05,3020.0,3081.5,3015.25,3072.3,3058.3842028767604,39906,3317,122047880.0,14783.0,37.04,66.25,52.3,3072.3,3080.3900000000003,3129.3989999999994,Hold
Hero Motocorp,2017-01-06,3085.0,3118.25,3055.95,3068.6,3082.6249686260726,19921,2494,61408972.0,4492.0,22.55,62.3,-16.4,3068.6,3069.7625,3124.4759999999997,Hold
Hero Motocorp,2017-01-09,3100.0,3108.0,3029.3,3035.9,3067.2984099324763,13773,1713,42245901.0,3282.0,23.83,78.7,-64.1,3035.9,3060.7300000000005,3118.241,Hold
Hero Motocorp,2017-01-10,3040.1,3073.45,3020.1,3062.95,3047.943180827887,11475,1788,34975148.0,2340.0,20.39,53.35,22.85,3062.95,3053.7799999999997,3112.408,Hold
Hero Motocorp,2017-01-11,3070.0,3092.05,3040.0,3087.0,3068.106050995814,15766,2059,48371760.0,4960.0,31.46,52.05,17.0,3087.0,3049.9700000000003,3106.732,Hold
Hero Motocorp,2017-01-12,3114.7,3114.7,3065.0,3079.65,3084.479652491998,30618,2818,94440598.0,17839.0,58.26,49.7,-35.05,3079.65,3045.5475,3101.84,Hold
Hero Motocorp,2017-01-13,3084.9,3092.7,3021.95,3044.65,3046.8422993945296,14369,2116,43780077.0,4274.0,29.74,70.75,-40.25,3044.65,3041.38,3095.143,Hold
Hero Motocorp,2017-01-16,3051.0,3100.0,3029.0,3091.4,3069.2192495921695,9195,1341,28221471.0,2962.0,32.21,71.0,40.4,3091.4,3040.665,3091.3119999999994,Hold
Hero Motocorp,2017-01-17,3110.0,3155.0,3074.4,3131.65,3117.9322179974647,19725,1697,61501213.0,7117.0,36.08,80.6,21.65,3131.65,3044.3900000000003,3086.942,Hold
Hero Motocorp,2017-01-18,3141.0,3159.0,3077.0,3088.85,3112.218345456787,40555,3051,126216015.0,13840.0,34.13,82.0,-52.15,3088.85,3047.5,3081.3269999999993,Hold
Hero Motocorp,2017-01-19,3104.0,3117.7,3068.0,3107.9,3092.6486575198583,15233,1660,47110317.0,3566.0,23.41,49.7,3.9,3107.9,3052.87,3078.771,Hold
Hero Motocorp,2017-01-20,3105.05,3120.0,3050.55,3056.6,3080.609873403726,18089,1560,55725152.0,6451.0,35.66,69.45,-48.45,3056.6,3053.9,3077.0119999999997,Hold
Hero Motocorp,2017-01-23,3058.0,3108.9,3044.7,3099.55,3056.3918662040865,117313,1719,358554499.0,103338.0,88.09,64.2,41.55,3099.55,3058.6575000000003,3079.368,Hold
Hero Motocorp,2017-01-24,3112.0,3141.45,3087.05,3133.25,3121.9745998798276,18307,1972,57153989.0,9010.0,49.22,54.4,21.25,3133.25,3063.62,3084.0190000000002,Hold
Hero Motocorp,2017-01-25,3140.0,3265.0,3124.85,3240.35,3190.1160701525146,48979,4971,156248695.0,19349.0,39.5,140.15,100.35,3240.35,3075.3975,3090.5360000000005,Hold
Hero Motocorp,2017-01-27,3235.0,3263.0,3201.05,3216.3,3224.738621597171,121590,2102,392095969.0,102844.0,84.58,61.95,-18.7,3216.3,3084.5975000000003,3097.2990000000004,Hold
Hero Motocorp,2017-01-30,3216.3,3216.3,3160.15,3196.85,3188.085465763123,19774,1693,63041202.0,4562.0,23.07,56.15,-19.45,3196.85,3092.2025000000003,3102.541,Hold
Hero Motocorp,2017-01-31,3210.0,3220.0,3153.75,3179.25,3183.975499881451,12653,1497,40286842.0,1862.0,14.72,66.25,-30.75,3179.25,3099.73,3107.5640000000003,Hold
Hero Motocorp,2017-02-01,3194.0,3300.0,3170.05,3284.1,3238.8996068315614,48071,3559,155697143.0,13200.0,27.46,129.95,90.1,3284.1,3114.5675,3113.3060000000005,Buy
Hero Motocorp,2017-02-02,3269.8,3291.55,3217.5,3226.0,3245.775740586408,39597,3541,128522982.0,10402.0,26.27,74.05,-43.8,3226.0,3125.1549999999997,3117.5690000000004,Hold
Hero Motocorp,2017-02-03,3227.0,3229.0,3202.0,3215.7,3215.616209686276,27317,4310,87840988.0,12220.0,44.73,27.0,-11.3,3215.7,3132.325,3120.8909999999996,Hold
Hero Motocorp,2017-02-06,3264.0,3284.5,3249.0,3262.8,3266.0872287503216,23318,2924,76158622.0,10276.0,44.07,35.5,-1.2,3262.8,3142.035,3125.365,Hold
Hero Motocorp,2017-02-07,3270.0,3270.05,3227.5,3258.75,3249.347761928185,10165,1107,33029620.0,3684.0,36.24,42.55,-11.25,3258.75,3153.1775000000002,3128.51,Hold
Hero Motocorp,2017-02-08,3269.0,3282.25,3210.0,3223.8,3243.4942560092145,32991,3639,107006119.0,7228.0,21.91,72.25,-45.2,3223.8,3161.2200000000003,3129.785,Hold
Hero Motocorp,2017-02-09,3273.0,3312.0,3228.0,3264.3,3263.3337228389396,35943,2877,117294004.0,12564.0,34.96,84.0,-8.7,3264.3,3170.085,3131.691,Hold
Hero Motocorp,2017-02-10,3265.0,3279.0,3244.0,3266.45,3265.6409200968524,12390,1194,40461291.0,3841.0,31.0,35.0,1.45,3266.45,3179.425,3133.453,Hold
Hero Motocorp,2017-02-13,3266.45,3272.55,3211.7,3226.4,3238.260537181636,24461,2600,79211091.0,11633.0,47.56,60.85,-40.05,3226.4,3188.5125000000003,3134.3070000000002,Hold
Hero Motocorp,2017-02-14,3233.85,3233.9,3146.5,3161.15,3166.119872560733,22599,2064,71551143.0,7710.0,34.12,87.4,-72.7,3161.15,3192.0,3133.0419999999995,Hold
Hero Motocorp,2017-02-15,3161.15,3165.0,3089.1,3098.4,3118.2463671029577,19406,2898,60512689.0,7208.0,37.14,75.9,-62.75,3098.4,3190.3375,3131.05,Hold
Hero Motocorp,2017-02-16,3110.0,3158.0,3054.0,3126.1,3105.136524453694,19220,2375,59680724.0,3324.0,17.29,104.0,16.1,3126.1,3192.2,3129.028,Hold
Hero Motocorp,2017-02-17,3126.1,3133.0,3074.0,3085.65,3093.7712510590227,17705,2441,54775220.0,5531.0,31.24,59.0,-40.45,3085.65,3191.0875,3124.562,Hold
Hero Motocorp,2017-02-20,3086.1,3122.45,3081.0,3103.0,3103.9899085037678,14864,1363,46137706.0,4066.0,27.35,41.45,16.9,3103.0,3193.4075000000003,3120.9990000000003,Hold
Hero Motocorp,2017-02-21,3107.35,3139.0,3090.5,3128.5,3108.464490039029,63799,1972,198316926.0,19588.0,30.7,48.5,21.15,3128.5,3194.855,3119.2380000000003,Hold
Hero Motocorp,2017-02-22,3118.05,3173.95,3111.85,3164.8,3136.805413170525,30629,4734,96077213.0,17579.0,57.39,62.1,46.75,3164.8,3196.4325,3118.495,Hold
Hero Motocorp,2017-02-23,3150.0,3199.0,3149.55,3177.2,3177.9468941555324,35401,3283,112502498.0,15752.0,44.5,49.45,27.2,3177.2,3193.275,3118.775,Hold
Hero Motocorp,2017-02-27,3218.0,3218.0,3155.9,3168.35,3181.2036568537255,17392,1759,55327494.0,4742.0,27.27,62.1,-49.65,3168.35,3190.8774999999996,3118.78,Hold
Hero Motocorp,2017-02-28,3172.1,3177.95,3129.95,3135.0,3147.0273740386124,63710,1528,200497114.0,4185.0,6.57,48.0,-37.1,3135.0,3187.785,3118.92,Hold
Hero Motocorp,2017-03-01,3149.05,3196.0,3149.05,3184.0,3182.4498578302714,18288,1935,58200643.0,4599.0,25.15,46.95,34.95,3184.0,3188.0225,3120.486,Hold
Hero Motocorp,2017-03-02,3203.0,3260.5,3191.05,3227.55,3238.858833715818,118959,2472,385291408.0,95394.0,80.19,69.45,24.55,3227.55,3185.195,3123.8940000000002,Hold
Hero Motocorp,2017-03-03,3223.95,3289.95,3209.4,3270.55,3242.902694136292,12620,1420,40925432.0,3414.0,27.05,80.55,46.6,3270.55,3187.4225,3128.772,Hold
Hero Motocorp,2017-03-06,3275.95,3332.0,3274.6,3320.85,3305.1776412518375,19044,3618,62943803.0,7952.0,41.76,57.4,44.9,3320.85,3192.68,3135.179,Hold
Hero Motocorp,2017-03-07,3315.0,3320.0,3281.65,3299.4,3304.8607068607066,8177,1022,27023846.0,1931.0,23.62,38.35,-15.6,3299.4,3194.51,3140.447,Hold
Hero Motocorp,2017-03-08,3331.0,3331.0,3258.5,3270.9,3281.91210996898,16441,2094,53957917.0,4222.0,25.68,72.5,-60.1,3270.9,3195.1175,3145.7769999999996,Hold
Hero Motocorp,2017-03-09,3285.0,3297.85,3259.95,3273.7,3275.1759642364577,21027,1845,68867125.0,10916.0,51.91,37.9,-11.3,3273.7,3197.6125,3150.571,Hold
Hero Motocorp,2017-03-10,3302.9,3326.95,3290.1,3311.6,3307.9078414166406,101423,1395,335497937.0,92806.0,91.5,36.85,8.7,3311.6,3199.9775,3156.7070000000003,Hold
Hero Motocorp,2017-03-14,3351.0,3379.8,3348.0,3357.5,3360.375280599663,533233,4170,1791862992.0,509083.0,95.47,31.8,6.5,3357.5,3204.5299999999997,3163.2110000000002,Hold
Hero Motocorp,2017-03-15,3351.1,3406.0,3340.75,3399.25,3368.6297583946566,562322,2961,1894254623.0,544361.0,96.81,65.25,48.15,3399.25,3213.1724999999997,3170.3010000000004,Hold
Hero Motocorp,2017-03-16,3367.0,3387.35,3341.1,3348.8,3362.5701172077584,19282,2269,64837077.0,6691.0,34.7,46.25,-18.2,3348.8,3222.5550000000003,3176.703,Hold
Hero Motocorp,2017-03-17,3350.2,3374.8,3336.75,3345.25,3358.8231564572766,10252,1303,34434655.0,2787.0,27.18,38.05,-4.95,3345.25,3234.8975,3183.861,Hold
Hero Motocorp,2017-03-20,3351.7,3366.9,3325.0,3337.65,3340.733233793704,8037,873,26849473.0,4439.0,55.23,41.9,-14.05,3337.65,3245.475,3190.3289999999997,Hold
Hero Motocorp,2017-03-21,3341.05,3358.15,3330.0,3342.8,3341.513221153846,6656,733,22241112.0,1581.0,23.75,28.15,1.75,3342.8,3258.3325,3195.739,Hold
Hero Motocorp,2017-03-22,3325.0,3338.8,3301.0,3310.55,3316.9427963449743,15978,1437,52998112.0,7464.0,46.71,37.8,-14.45,3310.55,3268.71,3200.578,Hold
Hero Motocorp,2017-03-23,3333.35,3378.0,3328.05,3366.55,3360.027743995135,13156,2084,44204525.0,4863.0,36.96,49.95,33.2,3366.55,3280.6125,3207.1910000000003,Hold
Hero Motocorp,2017-03-24,3356.1,3385.0,3344.55,3376.6,3371.66462769086,17002,1853,57325042.0,8347.0,49.09,40.45,20.5,3376.6,3291.2025000000003,3213.4639999999995,Hold
Hero Motocorp,2017-03-27,3375.0,3397.0,3311.6,3340.25,3342.895255671588,22216,2280,74265761.0,5902.0,26.57,85.4,-34.75,3340.25,3299.3550000000005,3218.5289999999995,Hold
Hero Motocorp,2017-03-28,3344.0,3356.9,3312.0,3328.05,3330.396111250944,15892,1991,52926655.0,5578.0,35.1,44.9,-15.95,3328.05,3307.34,3223.4970000000003,Hold
Hero Motocorp,2017-03-29,3328.05,3336.4,3180.0,3223.25,3284.8637968234766,171949,6884,564829045.0,103495.0,60.19,156.4,-104.8,3223.25,3311.7525,3227.0690000000004,Hold
Hero Motocorp,2017-03-30,3210.0,3265.0,3202.65,3231.5,3243.485743865245,35739,3007,115918937.0,10331.0,28.91,62.35,21.5,3231.5,3314.1275,3229.8710000000005,Hold
Hero Motocorp,2017-03-31,3206.05,3232.05,3200.0,3223.85,3215.352720918622,48072,2312,154568436.0,8618.0,17.93,32.05,17.8,3223.85,3313.9425,3231.715,Hold
Hero Motocorp,2017-04-03,3250.0,3263.95,3195.2,3204.7,3223.88035514715,16106,1298,51923817.0,3909.0,24.27,68.75,-45.3,3204.7,3310.65,3234.032,Hold
Hero Motocorp,2017-04-05,3205.0,3226.5,3191.0,3196.35,3203.3268283067214,15219,1580,48751431.0,5776.0,37.95,35.5,-8.65,3196.35,3304.425,3235.801,Hold
Hero Motocorp,2017-04-06,3190.0,3219.75,3180.0,3205.35,3201.821741370428,17469,1956,55932624.0,5245.0,30.02,39.75,15.35,3205.35,3299.7225,3238.7760000000003,Hold
Hero Motocorp,2017-04-07,3207.9,3235.0,3200.0,3216.6,3218.728142076503,16836,1952,54190507.0,7619.0,45.25,35.0,8.7,3216.6,3297.0075000000006,3241.117,Hold
Hero Motocorp,2017-04-10,3214.0,3226.95,3187.2,3199.45,3201.8952488687783,8840,1025,28304754.0,3226.0,36.49,39.75,-14.55,3199.45,3293.2949999999996,3242.441,Hold
Hero Motocorp,2017-04-11,3200.05,3224.25,3186.7,3201.35,3206.1110688474705,13145,2267,42144330.0,7100.0,54.01,37.55,1.3,3201.35,3287.7825,3241.6609999999996,Hold
Hero Motocorp,2017-04-12,3210.95,3233.5,3200.6,3226.15,3221.2439335887607,10962,931,35311276.0,3591.0,32.76,32.9,15.2,3226.15,3281.215,3241.8579999999997,Hold
Hero Motocorp,2017-04-13,3221.4,3245.5,3212.0,3224.9,3227.6311111111113,9000,1045,29048680.0,2591.0,28.79,33.5,3.5,3224.9,3272.4975,3242.419,Hold
Hero Motocorp,2017-04-17,3210.0,3245.0,3210.0,3229.95,3232.5599802737024,16222,3016,52438588.0,6144.0,37.87,35.0,19.95,3229.95,3266.555,3243.433,Hold
Hero Motocorp,2017-04-18,3242.15,3258.9,3218.2,3223.95,3243.3031674208146,11934,1557,38705580.0,5534.0,46.37,40.7,-18.2,3223.95,3260.49,3242.23,Hold
Hero Motocorp,2017-04-19,3243.6,3243.6,3185.0,3204.6,3210.668563776364,11948,853,38361068.0,6454.0,54.02,58.6,-39.0,3204.6,3253.8375,3241.8019999999997,Hold
Hero Motocorp,2017-04-20,3202.7,3215.0,3182.7,3201.25,3199.2516083916084,7150,863,22874649.0,2034.0,28.45,32.3,-1.45,3201.25,3246.7599999999998,3241.513,Hold
Hero Motocorp,2017-04-21,3212.45,3218.0,3191.5,3204.9,3204.630682831164,11218,1144,35949547.0,4040.0,36.01,26.5,-7.55,3204.9,3241.4775,3240.355,Hold
Hero Motocorp,2017-04-24,3204.9,3218.85,3190.0,3204.55,3204.6054346972437,12733,1043,40804241.0,4917.0,38.62,28.85,-0.35,3204.55,3233.3775,3239.2709999999997,Sell
Hero Motocorp,2017-04-25,3204.55,3315.0,3203.25,3305.7,3271.765770252324,24096,2321,78836468.0,7142.0,29.64,111.75,101.15,3305.7,3229.8324999999995,3240.909,Hold
Hero Motocorp,2017-04-26,3310.0,3324.0,3270.05,3309.7,3293.446259351621,40100,2158,132067195.0,24443.0,60.96,53.95,-0.3,3309.7,3228.305,3241.817,Hold
Hero Motocorp,2017-04-27,3315.25,3360.05,3275.0,3297.15,3329.1812288613305,14192,1540,47247740.0,3100.0,21.84,85.05,-18.1,3297.15,3226.7599999999998,3242.4309999999996,Hold
Hero Motocorp,2017-04-28,3350.0,3350.0,3290.0,3310.7,3313.2747197167664,11863,894,39305378.0,2670.0,22.51,60.0,-39.3,3310.7,3231.1325,3244.117,Hold
Hero Motocorp,2017-05-02,3315.65,3382.0,3303.55,3351.0,3350.71305130513,16665,1721,55839633.0,4682.0,28.09,78.45,35.35,3351.0,3237.1075,3247.914,Hold
Hero Motocorp,2017-05-03,3374.45,3381.0,3351.95,3368.15,3368.040590405904,10027,849,33771343.0,1935.0,19.3,29.05,-6.3,3368.15,3244.3225,3253.3089999999997,Hold
Hero Motocorp,2017-05-04,3376.35,3410.0,3357.8,3394.1,3385.2841777777776,11250,1323,38084447.0,4206.0,37.39,52.2,17.75,3394.1,3253.7925,3258.6690000000003,Hold
Hero Motocorp,2017-05-05,3376.55,3411.75,3341.0,3362.6,3382.524236983842,13925,1397,47101650.0,2947.0,21.16,70.75,-13.95,3362.6,3262.105,3264.208,Hold
Hero Motocorp,2017-05-08,3383.0,3409.9,3370.0,3393.85,3393.9323294629894,5512,555,18707355.0,1738.0,31.53,39.9,10.85,3393.85,3271.5299999999997,3270.025,Buy
Hero Motocorp,2017-05-09,3409.95,3435.85,3280.0,3289.8,3332.78967609606,23402,2210,77993944.0,7694.0,32.88,155.85,-120.15,3289.8,3275.19,3273.2509999999997,Hold
Hero Motocorp,2017-05-10,3288.0,3340.0,3271.9,3322.4,3304.4214598540143,34250,4213,113176435.0,8645.0,25.24,68.1,34.4,3322.4,3281.3375,3276.403,Hold
Hero Motocorp,2017-05-11,3360.0,3482.6,3295.5,3463.8,3408.937193079988,75549,6079,257541796.0,18378.0,24.33,187.1,103.8,3463.8,3294.46,3282.135,Hold
Hero Motocorp,2017-05-12,3465.0,3554.8,3462.15,3536.95,3513.3295225539127,53095,3921,186540231.0,10667.0,20.09,92.65,71.95,3536.95,3310.0,3289.507,Hold
Hero Motocorp,2017-05-15,3545.0,3556.95,3501.0,3517.3,3523.287968621728,10963,1243,38625806.0,2635.0,24.04,55.95,-27.7,3517.3,3324.6200000000003,3297.1530000000002,Hold
Hero Motocorp,2017-05-16,3525.0,3631.5,3493.05,3619.0,3572.5652997364955,24288,2198,86770466.0,6372.0,26.24,138.45,94.0,3619.0,3344.0724999999998,3305.8530000000005,Hold
Hero Motocorp,2017-05-17,3604.0,3680.7,3595.45,3642.75,3651.0225011353778,24221,2274,88431416.0,6523.0,26.93,85.25,38.75,3642.75,3365.0125,3314.157,Hold
Hero Motocorp,2017-05-18,3535.35,3640.0,3535.35,3596.1,3603.005628717077,9416,1237,33925901.0,2463.0,26.16,104.65,60.75,3596.1,3384.5875,3320.6679999999997,Hold
Hero Motocorp,2017-05-19,3590.0,3654.0,3539.15,3572.95,3597.862150662412,20682,1902,74410985.0,5911.0,28.58,114.85,-17.05,3572.95,3403.1724999999997,3325.71,Hold
Hero Motocorp,2017-05-22,3590.0,3640.25,3552.2,3564.5,3587.5082158645423,11989,1333,43010636.0,2034.0,16.97,88.05,-25.5,3564.5,3421.1525,3331.012,Hold
Hero Motocorp,2017-05-23,3590.0,3618.95,3563.65,3585.45,3583.58600119308,10058,1334,36043708.0,1731.0,17.21,55.3,-4.55,3585.45,3440.1974999999998,3337.3030000000003,Hold
Hero Motocorp,2017-05-24,3585.0,3604.9,3528.05,3562.8,3566.7458779884582,9704,1248,34611702.0,1941.0,20.0,76.85,-22.2,3562.8,3453.0525000000002,3343.085,Hold
Hero Motocorp,2017-05-25,3570.0,3635.0,3529.65,3615.75,3592.9573844914694,13657,1382,49069019.0,3878.0,28.4,105.35,45.75,3615.75,3468.3550000000005,3349.1679999999997,Hold
Hero Motocorp,2017-05-26,3625.0,3659.0,3606.55,3616.1,3637.643996834393,235026,1158,854940918.0,225991.0,96.16,52.45,-8.9,3616.1,3484.3024999999993,3354.34,Hold
Hero Motocorp,2017-05-29,3617.0,3676.0,3595.05,3667.5,3641.8011645290735,12709,1232,46283651.0,2276.0,17.91,80.95,50.5,3667.5,3502.1424999999995,3359.705,Hold
Hero Motocorp,2017-05-30,3674.0,3752.0,3663.6,3739.5,3710.5409859056167,28522,2648,105832050.0,8101.0,28.4,88.4,65.5,3739.5,3521.5674999999997,3367.5190000000002,Hold
Hero Motocorp,2017-05-31,3725.0,3760.0,3720.55,3742.8,3741.613336456625,12807,1455,47918842.0,1914.0,14.94,39.45,17.8,3742.8,3540.3,3375.47,Hold
Hero Motocorp,2017-06-01,3741.0,3813.1,3716.0,3734.55,3769.873431241656,18725,1896,70590880.0,2187.0,11.68,97.1,-6.45,3734.55,3557.3224999999998,3383.4080000000004,Hold
Hero Motocorp,2017-06-02,3780.0,3850.0,3764.05,3841.75,3822.587209100683,28833,2959,110216657.0,4132.0,14.33,85.95,61.75,3841.75,3581.28,3393.387,Hold
Hero Motocorp,2017-06-05,3874.0,3880.25,3811.6,3826.7,3845.1718360071295,25245,1904,97071363.0,5845.0,23.15,68.65,-47.3,3826.7,3602.9224999999997,3403.71,Hold
Hero Motocorp,2017-06-06,3834.9,3838.0,3791.3,3815.8,3810.427351766272,12767,1180,48647726.0,3126.0,24.48,46.7,-19.1,3815.8,3629.2225,3412.695,Hold
Hero Motocorp,2017-06-07,3815.8,3856.0,3805.0,3844.05,3843.9081990189206,12843,1893,49367313.0,4034.0,31.41,51.0,28.25,3844.05,3655.3050000000003,3422.0440000000003,Hold
Hero Motocorp,2017-06-08,3841.5,3855.0,3773.2,3784.55,3803.51119110972,12778,2201,48601266.0,3416.0,26.73,81.8,-56.95,3784.55,3671.3425,3430.93,Hold
Hero Motocorp,2017-06-09,3800.0,3800.95,3756.7,3779.35,3781.210479131388,10039,972,37959572.0,2311.0,23.02,44.25,-20.65,3779.35,3683.4625,3439.9559999999997,Hold
Hero Motocorp,2017-06-12,3791.9,3791.9,3760.1,3774.65,3776.357475954532,6862,749,25913365.0,2059.0,30.01,31.8,-17.25,3774.65,3696.3300000000004,3450.9839999999995,Hold
Hero Motocorp,2017-06-13,3770.0,3787.5,3744.55,3752.55,3763.2464758650153,4682,601,17619520.0,1425.0,30.44,42.95,-17.45,3752.55,3703.0075000000006,3461.405,Hold
Hero Motocorp,2017-06-14,3752.6,3806.0,3752.6,3786.65,3791.3254025161327,30682,1433,116325446.0,18193.0,59.3,53.4,34.05,3786.65,3710.2025000000003,3472.6609999999996,Hold
Hero Motocorp,2017-06-15,3792.6,3819.0,3759.6,3779.35,3785.761056863871,6964,782,26364040.0,1580.0,22.69,59.4,-13.25,3779.35,3719.3650000000002,3484.1540000000005,Hold
Hero Motocorp,2017-06-16,3780.0,3792.85,3760.0,3778.4,3778.6052601222746,8669,761,32756729.0,3358.0,38.74,32.85,-1.6,3778.4,3729.6375,3495.795,Hold
Hero Motocorp,2017-06-19,3800.0,3836.0,3796.9,3826.05,3822.667865834303,9451,1027,36128034.0,3870.0,40.95,39.1,26.05,3826.05,3742.715,3508.209,Hold
Hero Motocorp,2017-06-20,3830.0,3842.9,3786.85,3801.2,3807.887007192935,10983,949,41822023.0,4660.0,42.43,56.05,-28.8,3801.2,3753.5025,3519.901,Hold
Hero Motocorp,2017-06-21,3801.2,3807.2,3760.05,3768.65,3773.3285382156346,6882,606,25968047.0,2957.0,42.97,47.15,-32.55,3768.65,3763.7949999999996,3531.285,Hold
Hero Motocorp,2017-06-22,3770.0,3795.5,3720.0,3733.15,3750.3238804774487,12483,1016,46815293.0,4980.0,39.89,75.5,-36.85,3733.15,3769.665,3541.921,Hold
Hero Motocorp,2017-06-23,3735.0,3736.0,3653.0,3660.3,3679.94666254908,22667,1193,83413351.0,14850.0,65.51,83.0,-74.7,3660.3,3771.875000000001,3550.6040000000003,Hold
Hero Motocorp,2017-06-27,3670.7,3708.8,3636.55,3695.95,3666.753732918272,37906,982,138991967.0,30598.0,80.72,72.25,25.25,3695.95,3773.2975000000006,3560.025,Hold
Hero Motocorp,2017-06-28,3673.2,3723.5,3668.5,3687.85,3691.028782287823,42005,830,155041664.0,34733.0,82.69,55.0,14.65,3687.85,3770.715,3569.183,Hold
Hero Motocorp,2017-06-29,3737.0,3737.0,3685.0,3719.15,3708.3733091388976,12124,1144,44960318.0,2590.0,21.36,52.0,-17.85,3719.15,3769.5325000000003,3579.0869999999995,Hold
Hero Motocorp,2017-06-30,3690.0,3710.85,3666.0,3696.7,3687.918106686702,9317,985,34360333.0,1596.0,17.13,44.85,6.7,3696.7,3767.6400000000003,3588.929,Hold
Hero Motocorp,2017-07-03,3695.0,3788.55,3677.4,3777.0,3736.0627550796503,22787,2419,85133662.0,3767.0,16.53,111.15,82.0,3777.0,3764.4025,3600.4440000000004,Hold
Hero Motocorp,2017-07-04,3800.0,3800.0,3685.0,3699.95,3697.4135655659807,2099389,13070,7762309368.0,1581695.0,75.34,115.0,-100.05,3699.95,3758.065,3610.345,Hold
Hero Motocorp,2017-07-05,3705.0,3717.0,3697.6,3707.05,3709.375094584369,9251,698,34315429.0,2635.0,28.48,19.4,2.05,3707.05,3752.6275,3620.395,Hold
Hero Motocorp,2017-07-06,3707.05,3745.0,3707.05,3721.4,3731.3903490759753,9740,777,36343742.0,3282.0,33.7,37.95,14.35,3721.4,3746.495,3628.709,Hold
Hero Motocorp,2017-07-07,3723.9,3723.9,3675.0,3682.5,3691.285268553599,8974,1289,33125594.0,2889.0,32.19,48.9,-41.4,3682.5,3741.3924999999995,3636.165,Hold
Hero Motocorp,2017-07-10,3694.0,3743.0,3680.55,3732.75,3721.9977803371376,47755,7024,177744004.0,25236.0,52.84,62.45,38.75,3732.75,3739.0625,3644.877,Hold
Hero Motocorp,2017-07-11,3700.0,3755.55,3700.0,3750.1,3749.639130434783,11040,977,41396016.0,5364.0,48.59,55.55,50.1,3750.1,3737.835,3653.665,Hold
Hero Motocorp,2017-07-12,3711.0,3777.35,3711.0,3731.95,3739.4245055889937,11630,1114,43489507.0,3822.0,32.86,66.35,20.95,3731.95,3736.8049999999994,3661.284,Hold
Hero Motocorp,2017-07-13,3740.0,3767.3,3725.0,3749.7,3758.056981595092,20375,682,76570411.0,13956.0,68.5,42.3,9.7,3749.7,3734.9574999999995,3668.915,Hold
Hero Motocorp,2017-07-14,3760.0,3792.0,3733.8,3753.2,3762.5633458646616,15960,930,60050511.0,7672.0,48.07,58.2,-6.8,3753.2,3733.65,3676.097,Hold
Hero Motocorp,2017-07-17,3767.5,3785.25,3742.5,3763.75,3765.484313516962,9403,662,35406849.0,3597.0,38.25,42.75,-3.75,3763.75,3732.9175000000005,3684.12,Hold
Hero Motocorp,2017-07-18,3735.95,3807.3,3712.1,3785.5,3786.2020835253993,10847,879,41068934.0,3329.0,30.69,95.2,49.55,3785.5,3730.8899999999994,3691.953,Hold
Hero Motocorp,2017-07-19,3787.3,3795.0,3756.0,3766.2,3774.6968084367313,71971,1109,271668704.0,64145.0,89.13,39.0,-21.1,3766.2,3729.1400000000003,3701.4809999999998,Hold
Hero Motocorp,2017-07-20,3775.3,3786.3,3721.55,3729.55,3736.618602362205,8128,1652,30371236.0,2596.0,31.94,64.75,-45.75,3729.55,3727.1850000000004,3709.6240000000003,Hold
Hero Motocorp,2017-07-21,3732.8,3737.0,3672.0,3679.65,3696.444235385713,15413,2377,56973295.0,5876.0,38.12,65.0,-53.15,3679.65,3724.5099999999998,3713.941,Hold
Hero Motocorp,2017-07-24,3728.0,3728.0,3686.05,3691.15,3700.599371254544,10179,1127,37668401.0,5024.0,49.36,41.95,-36.85,3691.15,3726.0524999999993,3717.025,Hold
Hero Motocorp,2017-07-25,3715.0,3747.0,3699.9,3706.85,3730.6335689303814,534387,2778,1993602081.0,515070.0,96.39,47.1,-8.15,3706.85,3726.5975,3720.816,Hold
Hero Motocorp,2017-07-26,3710.0,3741.0,3689.95,3717.75,3719.119573820396,16425,1170,61086539.0,4422.0,26.92,51.05,7.75,3717.75,3728.0925,3722.7909999999997,Hold
Hero Motocorp,2017-07-27,3723.4,3759.0,3685.0,3707.45,3736.348503937008,12700,1263,47451626.0,5151.0,40.56,74.0,-15.95,3707.45,3727.5074999999997,3724.085,Hold
Hero Motocorp,2017-07-28,3749.0,3749.0,3619.0,3631.8,3665.262696735272,97466,1285,357238494.0,85469.0,87.69,130.0,-117.2,3631.8,3724.2625,3724.7990000000004,Sell
Hero Motocorp,2017-07-31,3670.0,3673.95,3607.0,3654.1,3648.42697109803,49097,2589,179126819.0,36608.0,74.56,66.95,-15.9,3654.1,3718.1175000000003,3726.422,Hold
Hero Motocorp,2017-08-01,3665.1,3735.0,3665.1,3721.55,3697.319222810872,156101,2594,577155228.0,116041.0,74.34,69.9,56.45,3721.55,3719.1974999999998,3729.563,Hold
Hero Motocorp,2017-08-02,3755.1,3838.0,3743.45,3800.35,3803.6374572213326,68083,3968,258963049.0,37526.0,55.12,94.55,45.25,3800.35,3723.8625,3733.861,Hold
Hero Motocorp,2017-08-03,3830.0,3843.9,3775.0,3839.15,3819.1126397248495,13956,1454,53299536.0,4231.0,30.32,68.9,9.15,3839.15,3729.75,3739.388,Hold
Hero Motocorp,2017-08-04,3839.15,3967.2,3813.85,3958.65,3919.4845291978927,67385,6321,264114465.0,34143.0,50.67,153.35,119.5,3958.65,3743.5575000000003,3746.2459999999996,Hold
Hero Motocorp,2017-08-07,3950.0,4019.4,3931.4,3953.6,3975.704707560628,25236,2799,100330884.0,6753.0,26.76,88.0,3.6,3953.6,3754.6,3752.9959999999996,Buy
Hero Motocorp,2017-08-08,3970.0,4003.0,3900.0,3912.7,3935.9092218222095,18055,1628,71062841.0,6900.0,38.22,103.0,-57.3,3912.7,3762.7300000000005,3757.9,Hold
Hero Motocorp,2017-08-09,3913.0,3939.65,3860.15,3884.25,3883.453804460259,24169,2977,93859195.0,10976.0,45.41,79.5,-28.75,3884.25,3770.345,3760.795,Hold
Hero Motocorp,2017-08-10,3880.0,3944.0,3860.45,3886.9,3917.404534826482,97512,1128,381993951.0,84785.0,86.95,83.55,6.9,3886.9,3777.2050000000004,3763.677,Hold
Hero Motocorp,2017-08-11,3885.0,3885.0,3800.0,3844.75,3835.5294585987263,11304,1360,43356825.0,2812.0,24.88,85.0,-40.25,3844.75,3781.7825,3765.881,Hold
Hero Motocorp,2017-08-14,3844.75,3969.0,3844.75,3954.15,3932.2986202365305,9132,860,35909751.0,1451.0,15.89,124.25,109.4,3954.15,3791.3024999999993,3768.1289999999995,Hold
Hero Motocorp,2017-08-16,3969.9,4043.75,3939.05,4018.05,4025.812843867504,97603,3034,392931411.0,76835.0,78.72,104.7,48.15,4018.05,3802.9299999999994,3771.956,Hold
Hero Motocorp,2017-08-17,4030.0,4036.0,3975.7,3996.85,4000.340955399592,8834,995,35339012.0,3030.0,34.3,60.3,-33.15,3996.85,3814.4625,3775.5769999999993,Hold
Hero Motocorp,2017-08-18,3975.0,3999.8,3970.15,3982.75,3980.367160468944,59538,959,236983100.0,53397.0,89.69,29.65,7.75,3982.75,3827.1225000000004,3778.3509999999997,Hold
Hero Motocorp,2017-08-21,4001.2,4036.05,3950.05,3967.6,3990.828421052632,7600,839,30330296.0,2055.0,27.04,86.0,-33.6,3967.6,3841.5199999999995,3782.012,Hold
Hero Motocorp,2017-08-22,4002.0,4002.0,3877.8,3885.3,3890.9643933733537,38813,1313,151020001.0,27000.0,69.56,124.2,-116.7,3885.3,3851.2275,3784.1310000000003,Hold
Hero Motocorp,2017-08-23,4200.0,4200.0,3870.3,3890.15,3903.72398937316,13927,1201,54367164.0,2828.0,20.31,329.7,-309.85,3890.15,3860.3925000000004,3786.4410000000003,Hold
Hero Motocorp,2017-08-24,3919.4,3920.0,3870.0,3874.5,3896.3668075692326,75939,1842,295886199.0,65612.0,86.4,50.0,-44.9,3874.5,3868.2300000000005,3788.88,Hold
Hero Motocorp,2017-08-28,3890.05,3990.6,3840.75,3960.05,3944.8240355521934,10576,1203,41720459.0,2961.0,28.0,149.85,70.0,3960.05,3880.8599999999997,3792.348,Hold
Hero Motocorp,2017-08-29,3940.0,3982.0,3924.35,3948.8,3954.416293600125,102752,1272,406324183.0,91604.0,89.15,57.65,8.8,3948.8,3896.71,3795.737,Hold
Hero Motocorp,2017-08-30,3950.0,4013.95,3950.0,3987.15,3992.0181647563513,14919,1146,59556919.0,6429.0,43.09,63.95,37.15,3987.15,3913.3625000000006,3799.9120000000003,Hold
Hero Motocorp,2017-08-31,3976.15,4019.7,3970.0,3998.1,3997.439195275748,19982,2301,79876830.0,7063.0,35.35,49.7,21.95,3998.1,3927.19,3803.3530000000005,Hold
Hero Motocorp,2017-09-01,4001.95,4090.0,3996.55,4047.3,4051.615859896068,24439,1834,99017440.0,9460.0,38.71,93.45,45.35,4047.3,3939.5375,3808.275,Hold
Hero Motocorp,2017-09-04,4079.0,4079.0,3966.55,3973.6,4002.1954755832626,21174,1339,84742487.0,6028.0,28.47,112.45,-105.4,3973.6,3946.2600000000007,3812.3740000000003,Hold
Hero Motocorp,2017-09-05,3988.35,4005.3,3958.8,3970.6,3979.1734190678794,20684,778,82305223.0,13936.0,67.38,46.5,-17.75,3970.6,3946.8574999999996,3817.1230000000005,Hold
Hero Motocorp,2017-09-06,3970.6,3993.85,3933.7,3950.55,3962.866099486472,13047,898,51703514.0,4542.0,34.81,60.15,-20.05,3950.55,3946.7050000000004,3822.928,Hold
Hero Motocorp,2017-09-07,3964.3,4009.15,3964.3,3982.9,3982.5846471068335,23279,1595,92710588.0,15887.0,68.25,44.85,18.6,3982.9,3950.2149999999992,3828.667,Hold
Hero Motocorp,2017-09-08,3991.2,4001.45,3941.0,3959.0,3970.910245183888,6852,928,27208677.0,2897.0,42.28,60.45,-32.2,3959.0,3953.9524999999994,3834.09,Hold
Hero Motocorp,2017-09-11,3993.0,3993.0,3939.1,3945.85,3959.386735277301,8745,915,34624837.0,3941.0,45.07,53.9,-47.15,3945.85,3956.9,3838.6240000000003,Hold
Hero Motocorp,2017-09-12,4025.0,4025.0,3907.9,3917.55,3926.8081845130496,13831,1039,54311684.0,6388.0,46.19,117.1,-107.45,3917.55,3960.54,3843.0409999999997,Hold
Hero Motocorp,2017-09-13,3918.0,3968.5,3880.0,3895.5,3925.281790838716,20281,1319,79608640.0,9683.0,47.74,88.5,-22.5,3895.5,3957.6075000000005,3845.4109999999996,Hold
Hero Motocorp,2017-09-14,3938.9,3938.9,3886.55,3894.7,3900.789377475373,9847,752,38411073.0,3282.0,33.33,52.35,-44.2,3894.7,3951.44,3849.3059999999996,Hold
Hero Motocorp,2017-09-15,3894.7,3910.1,3872.0,3891.25,3891.3119165755606,11891,745,46271590.0,3597.0,30.25,38.1,-3.45,3891.25,3946.16,3852.99,Hold
Hero Motocorp,2017-09-18,3903.0,3958.0,3900.0,3951.05,3942.155432466979,11735,834,46261194.0,3065.0,26.12,58.0,48.05,3951.05,3944.575,3857.583,Hold
Hero Motocorp,2017-09-19,3965.0,3972.25,3941.2,3948.6,3953.4090058350766,9083,731,35908814.0,2612.0,28.76,31.05,-16.4,3948.6,3943.625,3862.905,Hold
Hero Motocorp,2017-09-20,3983.7,3983.7,3845.0,3858.1,3879.366266482976,20324,1651,78844240.0,7703.0,37.9,138.7,-125.6,3858.1,3942.2650000000003,3865.4120000000003,Hold
Hero Motocorp,2017-09-21,3904.7,3904.7,3818.4,3888.85,3870.4970508992938,13733,972,53153536.0,4191.0,30.52,86.3,-15.85,3888.85,3942.2,3868.187,Hold
Hero Motocorp,2017-09-22,3888.0,3888.0,3781.5,3788.15,3809.1822835633625,19925,1599,75897957.0,4279.0,21.48,106.5,-99.85,3788.15,3937.8824999999997,3869.3109999999997,Hold
Hero Motocorp,2017-09-25,3849.0,3849.0,3725.0,3755.65,3741.3798070120824,35339,1380,132216621.0,22835.0,64.62,124.0,-93.35,3755.65,3927.6625,3869.43,Hold
Hero Motocorp,2017-09-26,3794.9,3808.0,3755.8,3785.85,3779.486364568382,24385,5136,92162775.0,9127.0,37.43,52.2,-9.05,3785.85,3919.5150000000003,3870.083,Hold
Hero Motocorp,2017-09-27,3813.7,3825.05,3712.65,3732.4,3767.4435422239208,10468,968,39437599.0,3055.0,29.18,112.4,-81.3,3732.4,3906.7774999999992,3869.4559999999997,Hold
Hero Motocorp,2017-09-28,3755.9,3773.0,3677.95,3744.55,3719.5677078233616,30639,2346,113963835.0,9785.0,31.94,95.05,-11.35,3744.55,3894.1,3868.637,Hold
Hero Motocorp,2017-09-29,3750.0,3818.3,3728.9,3781.2,3775.636775602988,67746,2145,255784289.0,38938.0,57.48,89.4,31.2,3781.2,3880.7949999999996,3868.937,Hold
Hero Motocorp,2017-10-03,3829.9,3846.05,3795.0,3805.55,3828.3482400408952,109548,1409,419387893.0,98455.0,89.87,51.05,-24.35,3805.55,3872.3924999999995,3870.4570000000003,Hold
Hero Motocorp,2017-10-04,3850.0,3865.0,3778.0,3794.0,3820.574453093544,29804,2584,113868401.0,11650.0,39.09,87.0,-56.0,3794.0,3863.5625,3872.744,Sell
Hero Motocorp,2017-10-05,3799.0,3799.0,3740.05,3757.2,3766.5834121231214,19038,1362,71708215.0,8129.0,42.7,58.95,-41.8,3757.2,3853.8949999999995,3874.065,Hold
Hero Motocorp,2017-10-06,3790.0,3790.0,3682.15,3703.7,3732.041340271028,34978,1601,130539342.0,17873.0,51.1,107.85,-86.3,3703.7,3839.9350000000004,3874.002,Hold
Hero Motocorp,2017-10-09,3705.0,3714.55,3680.0,3687.7,3691.6310647845194,21394,1450,78978755.0,9857.0,46.07,34.55,-17.3,3687.7,3826.3700000000003,3873.401,Hold
Hero Motocorp,2017-10-10,3699.0,3719.95,3662.0,3692.4,3700.352702940658,11358,1090,42028606.0,3637.0,32.02,57.95,-6.6,3692.4,3813.6974999999998,3873.1,Hold
Hero Motocorp,2017-10-11,3700.45,3739.9,3675.8,3687.6,3708.374123277498,12119,1088,44941786.0,3277.0,27.04,64.1,-12.85,3687.6,3802.2,3874.216,Hold
Hero Motocorp,2017-10-12,3700.0,3761.95,3699.1,3742.3,3735.1311862904417,20307,1561,75849309.0,7920.0,39.0,62.85,42.3,3742.3,3794.54,3875.98,Hold
Hero Motocorp,2017-10-13,3743.9,3785.0,3743.9,3754.1,3763.643548255956,12299,1027,46289052.0,4008.0,32.59,41.1,10.2,3754.1,3787.5099999999998,3876.6310000000003,Hold
Hero Motocorp,2017-10-16,3789.9,3804.4,3762.4,3773.75,3786.648099947944,9605,1421,36370755.0,3058.0,31.84,42.0,-16.15,3773.75,3781.6349999999998,3876.099,Hold
Hero Motocorp,2017-10-17,3783.0,3829.0,3763.55,3789.35,3799.7139694181137,14453,1413,54917266.0,4026.0,27.86,65.45,6.35,3789.35,3773.55,3875.103,Hold
Hero Motocorp,2017-10-18,3799.9,3810.2,3726.95,3747.8,3760.701482326112,8770,1105,32981352.0,2262.0,25.79,83.25,-52.1,3747.8,3763.5100000000007,3870.8860000000004,Hold
Hero Motocorp,2017-10-19,3755.0,3755.25,3724.55,3738.15,3743.9871223377913,2019,234,7559110.0,1072.0,53.1,30.7,-16.85,3738.15,3757.5125,3866.577,Hold
Hero Motocorp,2017-10-23,3778.9,3815.0,3770.65,3790.4,3794.740117190724,24234,1834,91961732.0,7309.0,30.16,44.35,11.5,3790.4,3752.5899999999992,3864.131,Hold
Hero Motocorp,2017-10-24,3751.0,3802.95,3743.65,3760.05,3779.56008492569,4710,499,17801728.0,1410.0,29.94,59.3,9.05,3760.05,3751.185,3861.647,Hold
Hero Motocorp,2017-10-25,3789.9,3792.9,3724.75,3769.3,3761.502194549352,9797,843,36851437.0,1847.0,18.85,68.15,-20.6,3769.3,3751.8675000000003,3859.295,Hold
Hero Motocorp,2017-10-26,3772.0,3788.9,3740.0,3762.35,3771.084442964936,9012,840,33985013.0,2699.0,29.95,48.9,-9.65,3762.35,3750.6925,3857.647,Hold
Hero Motocorp,2017-10-27,3725.05,3829.95,3725.05,3797.05,3819.8047632878306,51645,1543,197273817.0,35886.0,69.49,104.9,72.0,3797.05,3753.925,3854.505,Hold
Hero Motocorp,2017-10-30,3826.0,3841.0,3810.55,3830.8,3829.661809123463,32115,822,122989589.0,25885.0,80.6,30.45,4.8,3830.8,3758.2375,3850.76,Hold
Hero Motocorp,2017-10-31,3849.0,3868.95,3822.5,3854.75,3847.9840125178575,29398,935,113123034.0,23010.0,78.27,46.45,5.75,3854.75,3761.915,3847.9180000000006,Hold
Hero Motocorp,2017-11-01,3895.0,3895.0,3801.5,3816.45,3853.8349781588736,24724,1923,95282216.0,6156.0,24.9,93.5,-78.55,3816.45,3762.46,3844.592,Hold
Hero Motocorp,2017-11-02,3745.05,3803.05,3710.75,3733.05,3760.899365750529,21285,2118,80050743.0,6449.0,30.3,92.3,-12.0,3733.05,3759.4125,3839.9010000000003,Hold
Hero Motocorp,2017-11-03,3825.0,3825.0,3682.5,3690.8,3710.35199125008,15543,1532,57670001.0,5384.0,34.64,142.5,-134.2,3690.8,3756.0925,3836.011,Hold
Hero Motocorp,2017-11-06,3692.0,3713.85,3662.05,3691.4,3695.4412926755135,9871,1193,36477701.0,4370.0,44.27,51.8,-0.6,3691.4,3755.4774999999995,3832.0359999999996,Hold
Hero Motocorp,2017-11-07,3692.0,3727.0,3677.05,3681.7,3693.5739650974024,9856,793,36403865.0,2761.0,28.01,49.95,-10.3,3681.7,3755.1775000000002,3828.18,Hold
Hero Motocorp,2017-11-08,3681.1,3715.0,3621.5,3632.0,3655.8406283092127,11332,1147,41427986.0,4164.0,36.75,93.5,-49.1,3632.0,3752.1575000000003,3821.619,Hold
Hero Motocorp,2017-11-09,3636.0,3654.95,3592.0,3603.95,3616.958606801909,13408,1296,48496181.0,3203.0,23.89,62.95,-32.05,3603.95,3747.975,3814.7219999999998,Hold
Hero Motocorp,2017-11-10,3591.15,3635.0,3555.0,3606.4,3591.557112278653,10278,1026,36914024.0,3338.0,32.48,80.0,15.25,3606.4,3741.1799999999994,3807.107,Hold
Hero Motocorp,2017-11-13,3610.0,3627.75,3570.1,3583.5,3590.7593913456967,10515,1924,37756835.0,5314.0,50.54,57.65,-26.5,3583.5,3732.65,3798.815,Hold
Hero Motocorp,2017-11-14,3555.1,3660.0,3555.1,3653.65,3635.863131638236,12428,1042,45186507.0,2141.0,17.23,104.9,98.55,3653.65,3726.6450000000004,3790.942,Hold
Hero Motocorp,2017-11-15,3640.0,3709.95,3640.0,3675.5,3676.4918767833224,17173,1512,63136395.0,6926.0,40.33,69.95,35.5,3675.5,3720.9525000000003,3784.98,Hold
Hero Motocorp,2017-11-16,3670.0,3686.75,3636.85,3661.6,3665.733370084528,10884,794,39897842.0,3788.0,34.8,49.9,-8.4,3661.6,3716.6424999999995,3778.8,Hold
Hero Motocorp,2017-11-17,3666.0,3694.45,3625.0,3634.6,3654.407019818485,10798,1177,39460287.0,4081.0,37.79,69.45,-31.4,3634.6,3711.465,3772.4809999999998,Hold
Hero Motocorp,2017-11-20,3605.5,3685.8,3605.5,3658.5,3653.9705101739896,10173,1494,37171842.0,4162.0,40.91,80.3,53.0,3658.5,3704.8700000000003,3765.993,Hold
Hero Motocorp,2017-11-21,3665.0,3692.95,3664.9,3680.5,3682.051686154889,5901,581,21727787.0,2032.0,34.43,28.05,15.5,3680.5,3700.8925000000004,3760.423,Hold
Hero Motocorp,2017-11-22,3699.9,3700.0,3644.5,3661.85,3672.8495149798264,11649,1339,42785024.0,4068.0,34.92,55.5,-38.05,3661.85,3695.5199999999995,3754.743,Hold
Hero Motocorp,2017-11-23,3666.65,3693.0,3645.2,3679.1,3676.644225271584,6996,458,25721803.0,2286.0,32.68,47.8,12.45,3679.1,3691.3574999999996,3749.974,Hold
Hero Motocorp,2017-11-24,3679.2,3694.9,3645.2,3654.65,3658.507592737869,35692,716,130579453.0,30807.0,86.31,49.7,-24.55,3654.65,3684.2375,3745.157,Hold
Hero Motocorp,2017-11-27,3656.0,3670.1,3607.25,3654.7,3648.8078694962614,13241,857,48313865.0,3064.0,23.14,62.85,-1.3,3654.7,3675.4325000000003,3740.357,Hold
Hero Motocorp,2017-11-28,3640.1,3679.9,3640.1,3673.85,3669.6713459950447,7266,608,26663832.0,3531.0,48.6,39.8,33.75,3673.85,3666.3875,3736.009,Hold
Hero Motocorp,2017-11-29,3665.55,3692.5,3647.0,3656.85,3671.178236149676,7563,833,27765121.0,3497.0,46.24,45.5,-8.7,3656.85,3658.4075000000003,3730.125,Hold
Hero Motocorp,2017-11-30,3650.0,3677.45,3636.0,3642.3,3651.0993813610057,5011,470,18295659.0,1427.0,28.48,41.45,-7.7,3642.3,3653.8700000000003,3723.9990000000003,Hold
Hero Motocorp,2017-12-01,3642.0,3680.0,3571.0,3606.95,3627.217284814556,17148,1444,62199522.0,11455.0,66.8,109.0,-35.05,3606.95,3649.6775000000002,3718.9759999999997,Hold
Hero Motocorp,2017-12-04,3614.4,3626.85,3596.35,3605.6,3611.28897969608,7831,806,28280004.0,2713.0,34.64,30.5,-8.8,3605.6,3645.3875,3713.3109999999997,Hold
Hero Motocorp,2017-12-05,3580.1,3588.95,3513.05,3522.15,3533.9536111634925,15909,2118,56221668.0,6096.0,38.32,75.9,-57.95,3522.15,3637.41,3707.991,Hold
Hero Motocorp,2017-12-06,3510.0,3519.0,3473.7,3500.35,3494.410500181664,16514,1764,57706695.0,5617.0,34.01,45.3,-9.65,3500.35,3630.8274999999994,3702.885,Hold
Hero Motocorp,2017-12-07,3502.6,3569.0,3502.6,3555.4,3548.592394145321,7652,661,27153829.0,2797.0,36.55,66.4,52.8,3555.4,3628.4,3698.276,Hold
Hero Motocorp,2017-12-08,3556.45,3564.6,3502.0,3513.05,3514.3666222491415,123825,2063,435166447.0,109205.0,88.19,62.6,-43.4,3513.05,3623.7325000000005,3693.889,Hold
Hero Motocorp,2017-12-11,3519.0,3547.2,3502.0,3514.55,3515.406678082192,8176,775,28741965.0,3035.0,37.12,45.2,-4.45,3514.55,3620.285,3689.2889999999998,Hold
Hero Motocorp,2017-12-12,3504.0,3530.5,3434.0,3444.95,3470.7593220338986,15045,2658,52217574.0,5757.0,38.27,96.5,-59.05,3444.95,3609.85,3682.5640000000003,Hold
Hero Motocorp,2017-12-13,3442.0,3487.75,3410.0,3421.85,3447.085858585858,12474,1170,42998949.0,2924.0,23.44,77.75,-20.15,3421.85,3597.1674999999996,3674.89,Hold
Hero Motocorp,2017-12-14,3423.0,3467.9,3418.85,3454.45,3441.43288183092,10705,725,36840539.0,4101.0,38.31,49.05,31.45,3454.45,3586.81,3668.0989999999997,Hold
Hero Motocorp,2017-12-15,3478.0,3513.05,3469.15,3502.0,3489.5247167868174,9710,1363,33883285.0,4321.0,44.5,43.9,24.0,3502.0,3580.1799999999994,3662.995,Hold
Hero Motocorp,2017-12-18,3500.0,3549.0,3438.0,3530.85,3499.802526708496,11794,1344,41276671.0,3301.0,27.99,111.0,30.85,3530.85,3573.7974999999997,3659.538,Hold
Hero Motocorp,2017-12-19,3530.0,3704.75,3530.0,3696.8,3634.2165539782736,62414,2668,226825992.0,30751.0,49.27,174.75,166.8,3696.8,3574.6125,3659.72,Hold
Hero Motocorp,2017-12-20,3703.1,3792.0,3700.0,3740.6,3766.7542437508823,106215,2639,400085802.0,73259.0,68.97,92.0,37.5,3740.6,3578.55,3660.6839999999997,Hold
Hero Motocorp,2017-12-21,3790.0,3820.0,3765.45,3809.0,3798.8746595147295,23863,2326,90652546.0,9259.0,38.8,54.55,19.0,3809.0,3585.0449999999996,3663.112,Hold
Hero Motocorp,2017-12-22,3809.05,3833.95,3772.2,3785.95,3795.445851877211,17526,1151,66518984.0,3338.0,19.05,61.75,-23.1,3785.95,3591.6100000000006,3663.985,Hold
Hero Motocorp,2017-12-26,3787.0,3830.0,3746.6,3804.65,3783.8335637268447,10851,922,41058378.0,2512.0,23.15,83.4,17.65,3804.65,3599.1074999999996,3664.9959999999996,Hold
Hero Motocorp,2017-12-27,3808.0,3833.1,3756.25,3779.35,3789.5502809819586,6762,694,25624939.0,2074.0,30.67,76.85,-28.65,3779.35,3604.3825000000006,3665.1079999999997,Hold
Hero Motocorp,2017-12-28,3760.0,3788.0,3656.85,3713.5,3736.960278673183,28851,1542,107815041.0,12740.0,44.16,131.15,-46.5,3713.5,3607.215,3663.5910000000003,Hold
Hero Motocorp,2017-12-29,3717.0,3807.3,3717.0,3786.3,3766.120129650888,14809,1184,55772473.0,5905.0,39.87,90.3,69.3,3786.3,3614.4149999999995,3664.361,Hold
Hero Motocorp,2018-01-01,3790.15,3806.85,3755.3,3768.8,3770.6765853216,11023,663,41564168.0,3889.0,35.28,51.55,-21.35,3768.8,3622.5074999999997,3664.974,Hold
Hero Motocorp,2018-01-02,3780.5,3783.45,3723.05,3747.45,3751.0083033329456,17222,1312,64599865.0,4947.0,28.72,60.4,-33.05,3747.45,3629.6,3664.115,Hold
Hero Motocorp,2018-01-03,3743.0,3768.85,3736.05,3751.45,3746.1296588755526,25328,660,94881972.0,19530.0,77.11,32.8,8.45,3751.45,3641.065,3663.9429999999998,Hold
Hero Motocorp,2018-01-04,3755.0,3755.0,3720.0,3738.5,3731.6043318233296,14128,1064,52720106.0,6860.0,48.56,35.0,-16.5,3738.5,3652.9725000000008,3663.327,Hold
Hero Motocorp,2018-01-05,3740.0,3765.9,3726.1,3739.3,3738.2131573252545,9242,677,34548566.0,3051.0,33.01,39.8,-0.7,3739.3,3662.1674999999996,3662.866,Hold
Hero Motocorp,2018-01-08,3740.55,3800.0,3740.55,3790.35,3778.8307566294666,9767,687,36907840.0,3384.0,34.65,59.45,49.8,3790.35,3676.0325,3662.732,Buy
Hero Motocorp,2018-01-09,3790.35,3802.9,3742.9,3751.85,3763.8093590519848,11561,671,43513400.0,4994.0,43.2,60.0,-38.5,3751.85,3687.8975000000005,3661.153,Hold
Hero Motocorp,2018-01-10,3750.0,3753.25,3718.25,3732.2,3729.851735563269,63380,1188,236398003.0,52870.0,83.42,35.0,-17.8,3732.2,3702.2599999999998,3658.7019999999993,Hold
Hero Motocorp,2018-01-11,3775.0,3775.0,3700.55,3706.0,3714.045783885072,16010,1108,59461873.0,7952.0,49.67,74.45,-69.0,3706.0,3716.4675,3656.493,Hold
Hero Motocorp,2018-01-12,3722.55,3727.25,3653.05,3685.8,3689.600579395256,11046,882,40755328.0,3665.0,33.18,74.2,-36.75,3685.8,3728.0350000000008,3655.548,Hold
Hero Motocorp,2018-01-15,3695.0,3700.0,3611.05,3627.75,3635.942060146348,141854,1996,515772925.0,121038.0,85.33,88.95,-67.25,3627.75,3734.3225000000007,3654.2870000000003,Hold
Hero Motocorp,2018-01-16,3630.0,3665.35,3586.55,3594.85,3612.6013052506673,10113,777,36534237.0,4223.0,41.76,78.8,-35.15,3594.85,3737.5225,3652.356,Hold
Hero Motocorp,2018-01-17,3618.95,3618.95,3530.0,3566.05,3537.96020540862,225307,2539,797127200.0,212301.0,94.23,88.95,-52.9,3566.05,3730.9849999999997,3650.0429999999997,Hold
Hero Motocorp,2018-01-18,3575.05,3642.0,3575.05,3592.2,3610.4429791822176,36171,1045,130593333.0,25256.0,69.82,66.95,17.15,3592.2,3723.565,3649.2470000000003,Hold
Hero Motocorp,2018-01-19,3592.2,3613.0,3555.05,3590.75,3577.6724563096386,9327,1053,33368951.0,3277.0,35.13,57.95,-1.45,3590.75,3712.6525,3648.9830000000006,Hold
Hero Motocorp,2018-01-22,3603.2,3620.0,3589.9,3602.8,3605.007325112929,8191,641,29528615.0,2826.0,34.5,30.1,-0.4,3602.8,3703.495,3648.9109999999996,Hold
Hero Motocorp,2018-01-23,3585.1,3632.5,3585.1,3623.1,3622.125514569376,12389,1197,44874513.0,4253.0,34.33,47.4,38.0,3623.1,3694.4175000000005,3649.703,Hold
Hero Motocorp,2018-01-24,3606.0,3646.35,3600.05,3640.5,3627.4862320753055,11367,1455,41233636.0,3123.0,27.47,46.3,34.5,3640.5,3687.475,3649.44,Hold
Hero Motocorp,2018-01-25,3641.15,3656.2,3550.0,3569.6,3587.583545289385,19265,2589,69114797.0,7792.0,40.45,106.2,-71.55,3569.6,3680.2799999999997,3647.322,Hold
Hero Motocorp,2018-01-29,3550.3,3654.0,3523.95,3640.0,3602.4246238425926,20736,4218,74699877.0,10358.0,49.95,130.05,89.7,3640.0,3672.965,3646.89,Hold
Hero Motocorp,2018-01-30,3660.0,3697.0,3655.0,3688.5,3675.4261003441407,22084,3290,81168110.0,8363.0,37.87,42.0,28.5,3688.5,3668.95,3647.9680000000003,Hold
Hero Motocorp,2018-01-31,3686.05,3745.5,3685.55,3691.6,3710.121493232948,22314,3471,82787651.0,7332.0,32.86,59.95,5.55,3691.6,3666.1575000000003,3648.63,Hold
Hero Motocorp,2018-02-01,3720.0,3743.95,3694.85,3734.4,3725.758037225042,22458,3270,83673074.0,8830.0,39.32,49.1,14.4,3734.4,3665.3049999999994,3649.7080000000005,Hold
Hero Motocorp,2018-02-02,3734.4,3753.5,3615.05,3623.65,3680.306929277403,55951,4477,205916853.0,39789.0,71.11,138.45,-110.75,3623.65,3659.5625,3648.9440000000004,Hold
Hero Motocorp,2018-02-05,3624.0,3690.0,3388.0,3634.05,3590.4957603750167,29012,3481,104167463.0,11400.0,39.29,302.0,10.05,3634.05,3654.3,3648.0429999999997,Hold
Hero Motocorp,2018-02-06,3598.0,3598.0,3475.0,3542.65,3528.3565217391306,21850,3335,77094590.0,5499.0,25.17,123.0,-55.35,3542.65,3641.915,3645.803,Sell
Hero Motocorp,2018-02-07,3606.0,3799.9,3546.0,3564.3,3579.724418714111,21246,1955,76054825.0,7141.0,33.61,253.9,-41.7,3564.3,3632.5375,3643.995,Hold
Hero Motocorp,2018-02-08,3586.6,3615.7,3558.4,3585.25,3592.00617945646,15859,2094,56965626.0,7393.0,46.62,57.3,-1.35,3585.25,3625.19,3642.223,Hold
Hero Motocorp,2018-02-09,3546.0,3577.0,3533.0,3546.05,3553.435480486781,9532,1949,33871347.0,4518.0,47.4,44.0,0.05,3546.05,3617.1924999999997,3640.007,Hold
Hero Motocorp,2018-02-12,3530.1,3658.45,3530.1,3619.35,3603.3497567954223,17475,2619,62968537.0,8822.0,50.48,128.35,89.25,3619.35,3613.87,3639.548,Hold
Hero Motocorp,2018-02-14,3621.0,3626.9,3569.55,3599.85,3599.13416346784,10681,947,38442352.0,3544.0,33.18,57.35,-21.15,3599.85,3612.475,3639.4060000000004,Hold
Hero Motocorp,2018-02-15,3580.0,3580.0,3522.0,3533.15,3548.0606897780945,11221,957,39812789.0,4378.0,39.02,58.0,-46.85,3533.15,3609.3900000000003,3637.9570000000003,Hold
Hero Motocorp,2018-02-16,3533.05,3557.85,3480.0,3493.1,3516.859298928919,10270,982,36118145.0,4370.0,42.55,77.85,-39.95,3493.1,3605.7425000000003,3637.376,Hold
Hero Motocorp,2018-02-19,3500.0,3514.4,3441.75,3460.15,3473.619924201408,9235,969,32078880.0,3332.0,36.08,72.65,-39.85,3460.15,3599.1400000000003,3636.572,Hold
Hero Motocorp,2018-02-20,3480.45,3516.65,3445.35,3483.9,3491.8516925202534,31846,1721,111201509.0,21689.0,68.11,71.3,3.45,3483.9,3593.7974999999997,3635.1420000000003,Hold
Hero Motocorp,2018-02-21,3498.6,3508.05,3460.6,3490.4,3486.1173742704086,12507,913,43600870.0,8470.0,67.72,47.45,-8.2,3490.4,3588.1775000000002,3634.689,Hold
Hero Motocorp,2018-02-22,3508.9,3508.9,3463.2,3482.35,3480.9275917065393,9405,789,32738124.0,4507.0,47.92,45.7,-26.55,3482.35,3581.1399999999994,3634.045,Hold
Hero Motocorp,2018-02-23,3450.0,3505.6,3450.0,3498.65,3488.7536626916526,8805,715,30718476.0,2931.0,33.29,55.6,48.65,3498.65,3574.0474999999997,3635.1189999999997,Hold
Hero Motocorp,2018-02-26,3509.25,3549.95,3509.25,3540.35,3538.573458408056,14498,961,51302238.0,8295.0,57.21,40.7,31.1,3540.35,3572.585,3637.4889999999996,Hold
Hero Motocorp,2018-02-27,3586.0,3600.0,3545.7,3587.95,3576.3938303341906,7780,832,27824344.0,2870.0,36.89,54.3,1.95,3587.95,3569.9825000000005,3640.159,Hold
Hero Motocorp,2018-02-28,3553.0,3615.9,3539.3,3600.55,3596.0071386579325,11907,1177,42817657.0,4715.0,39.6,76.6,47.55,3600.55,3565.585,3642.13,Hold
Hero Motocorp,2018-03-01,3620.0,3630.0,3566.1,3579.45,3578.400729828355,7399,597,26476587.0,3498.0,47.28,63.9,-40.55,3579.45,3559.9775,3643.1020000000003,Hold
Hero Motocorp,2018-03-05,3599.9,3599.9,3536.4,3557.6,3555.6579077348606,40492,1977,143975700.0,27259.0,67.32,63.5,-42.3,3557.6,3551.1375,3640.3180000000007,Hold
Hero Motocorp,2018-03-06,3580.0,3594.75,3538.15,3569.9,3574.761610687504,15869,905,56727892.0,9123.0,57.49,56.6,-10.1,3569.9,3548.45,3636.9040000000005,Hold
Hero Motocorp,2018-03-07,3555.05,3571.0,3515.75,3562.1,3545.9423981928844,15937,1838,56511684.0,10271.0,64.45,55.25,7.05,3562.1,3544.8525,3631.9660000000003,Hold
Hero Motocorp,2018-03-08,3562.45,3597.3,3543.2,3585.65,3568.27648980862,6427,806,22933313.0,3613.0,56.22,54.1,23.2,3585.65,3547.0025,3627.96,Hold
Hero Motocorp,2018-03-09,3600.0,3665.45,3581.05,3587.0,3625.2964740740736,16875,1471,61176878.0,3555.0,21.07,84.4,-13.0,3587.0,3548.1375,3623.607,Hold
Hero Motocorp,2018-03-12,3600.0,3709.8,3600.0,3685.8,3650.956149296349,14709,1270,53701914.0,5408.0,36.77,109.8,85.8,3685.8,3553.1649999999995,3621.736,Hold
Hero Motocorp,2018-03-13,3690.0,3728.0,3682.0,3701.3,3700.080863402062,9312,1039,34455153.0,2327.0,24.99,46.0,11.3,3701.3,3560.9275000000002,3621.492,Hold
Hero Motocorp,2018-03-14,3688.0,3688.0,3625.2,3635.45,3644.792248062016,9030,878,32912474.0,2877.0,31.86,62.8,-52.55,3635.45,3561.7324999999996,3618.475,Hold
Hero Motocorp,2018-03-15,3628.1,3686.7,3628.1,3643.2,3655.401982829109,9784,1041,35764453.0,2746.0,28.07,58.6,15.1,3643.2,3563.9,3615.9629999999997,Hold
Hero Motocorp,2018-03-16,3643.5,3652.8,3529.35,3546.05,3587.4236132393503,13052,1853,46823053.0,5818.0,44.58,123.45,-97.45,3546.05,3564.5449999999996,3611.935,Hold
Hero Motocorp,2018-03-19,3555.0,3555.7,3438.85,3512.4,3508.9234437751006,15936,1276,55918204.0,6363.0,39.93,116.85,-42.6,3512.4,3565.5099999999998,3607.1539999999995,Hold
Hero Motocorp,2018-03-20,3510.0,3594.0,3500.0,3513.25,3513.899683210137,5682,787,19965978.0,2290.0,40.3,94.0,3.25,3513.25,3568.165,3602.6489999999994,Hold
Hero Motocorp,2018-03-21,3530.0,3530.0,3460.0,3469.35,3489.7897097262344,72690,2697,253672814.0,57956.0,79.73,70.0,-60.65,3469.35,3567.4375,3597.25,Hold
Hero Motocorp,2018-03-22,3472.35,3486.35,3440.0,3454.85,3459.802972523712,10227,1160,35383405.0,3151.0,30.81,46.35,-17.5,3454.85,3565.66,3590.54,Hold
Hero Motocorp,2018-03-23,3461.0,3461.0,3353.75,3414.65,3402.508175211264,147091,1965,500478330.0,133908.0,91.04,107.25,-46.35,3414.65,3562.275,3583.796,Hold
Hero Motocorp,2018-03-26,3415.0,3491.9,3366.5,3481.0,3424.4617257742257,16016,1556,54846179.0,6165.0,38.49,125.4,66.0,3481.0,3561.3924999999995,3578.772,Hold
Hero Motocorp,2018-03-27,3528.6,3528.6,3440.0,3465.85,3463.281295614096,28774,1657,99652456.0,19250.0,66.9,88.6,-62.75,3465.85,3557.6675000000005,3573.969,Hold
Hero Motocorp,2018-03-28,3450.0,3575.0,3440.05,3545.5,3511.037666632221,19354,1709,67952623.0,4186.0,21.63,134.95,95.5,3545.5,3555.5449999999996,3571.163,Hold
Hero Motocorp,2018-04-02,3510.0,3652.0,3510.0,3640.65,3591.415329326476,16139,1537,57961852.0,2576.0,15.96,142.0,130.65,3640.65,3557.55,3571.421,Hold
Hero Motocorp,2018-04-03,3654.0,3684.6,3624.95,3640.3,3641.0890571863247,89392,2025,325484233.0,70209.0,78.54,59.65,-13.7,3640.3,3560.5924999999997,3572.33,Hold
Hero Motocorp,2018-04-04,3665.0,3693.0,3636.35,3669.95,3671.5569360339673,28734,1761,105498517.0,16619.0,57.84,56.65,4.95,3669.95,3566.21,3574.408,Hold
Hero Motocorp,2018-04-05,3699.0,3800.0,3696.0,3784.15,3748.280895609189,34390,4341,128903380.0,10354.0,30.11,104.0,85.15,3784.15,3576.9224999999997,3578.2469999999994,Hold
Hero Motocorp,2018-04-06,3800.0,3800.0,3750.6,3782.4,3774.8609692809914,11947,872,45098264.0,4433.0,37.11,49.4,-17.6,3782.4,3587.9375,3582.08,Buy
Hero Motocorp,2018-04-09,3789.0,3804.0,3760.35,3788.3,3793.1149199637566,6622,729,25118007.0,2206.0,33.31,43.65,-0.7,3788.3,3598.0699999999997,3585.79,Hold
Hero Motocorp,2018-04-10,3800.0,3813.0,3704.05,3720.8,3733.362433606953,31065,1478,115976904.0,23947.0,77.09,108.95,-79.2,3720.8,3604.7599999999998,3587.7439999999997,Hold
Hero Motocorp,2018-04-11,3750.0,3760.0,3686.0,3728.8,3702.739786664637,78843,709,291935113.0,71843.0,91.12,74.0,-21.2,3728.8,3606.9100000000008,3589.51,Hold
Hero Motocorp,2018-04-12,3758.6,3782.75,3731.1,3745.7,3752.975667857751,5877,704,22056238.0,1724.0,29.33,51.65,-12.9,3745.7,3609.13,3593.0319999999997,Hold
Hero Motocorp,2018-04-13,3766.0,3769.65,3700.05,3729.5,3711.830659070716,38266,1016,142036912.0,33654.0,87.95,69.6,-36.5,3729.5,3613.8325000000004,3594.8219999999997,Hold
Hero Motocorp,2018-04-16,3750.0,3809.0,3721.6,3798.05,3790.1103174603168,13860,969,52530929.0,3612.0,26.06,87.4,48.05,3798.05,3621.575,3597.013,Hold
Hero Motocorp,2018-04-17,3820.95,3820.95,3760.0,3770.0,3782.3982403334103,4319,432,16336178.0,1054.0,24.4,60.95,-50.95,3770.0,3632.7725000000005,3598.581,Hold
Hero Motocorp,2018-04-18,3786.65,3862.0,3730.0,3741.95,3755.0016804369134,7141,727,26814467.0,2479.0,34.72,132.0,-44.7,3741.95,3644.25,3598.7319999999995,Hold
Hero Motocorp,2018-04-19,3755.1,3766.65,3712.75,3729.25,3738.0825195312495,6144,541,22966779.0,1078.0,17.55,53.9,-25.85,3729.25,3655.05,3600.8439999999996,Hold
Hero Motocorp,2018-04-20,3733.9,3778.6,3695.0,3744.8,3732.2785022131834,8359,659,31198116.0,4132.0,49.43,83.6,10.9,3744.8,3668.8225000000007,3603.059,Hold
Hero Motocorp,2018-04-23,3744.8,3744.8,3695.0,3717.75,3712.493803000652,6132,617,22765012.0,2277.0,37.13,49.8,-27.05,3717.75,3681.9675,3606.561,Hold
Hero Motocorp,2018-04-24,3770.0,3770.0,3710.0,3719.6,3721.700145296041,5506,524,20491681.0,2077.0,37.72,60.0,-50.4,3719.6,3697.215,3609.667,Hold
Hero Motocorp,2018-04-25,3755.0,3755.0,3703.05,3717.9,3719.379531446749,60356,1039,224486871.0,51947.0,86.07,51.95,-37.1,3717.9,3709.0600000000004,3612.32,Hold
Hero Motocorp,2018-04-26,3718.15,3785.0,3660.0,3756.9,3710.3323400525856,11410,1515,42334892.0,4508.0,39.51,125.0,38.75,3756.9,3723.6125,3616.5370000000003,Hold
Hero Motocorp,2018-04-27,3786.6,3786.6,3703.5,3715.0,3744.7568208124344,36286,996,135882246.0,27725.0,76.41,83.1,-71.6,3715.0,3732.0875,3618.45,Hold
Hero Motocorp,2018-04-30,3728.7,3748.45,3717.5,3733.7,3731.6048562593055,8731,614,32580642.0,4838.0,55.41,30.95,5.0,3733.7,3736.7400000000002,3621.127,Hold
Hero Motocorp,2018-05-02,3769.0,3775.0,3642.1,3662.3,3707.6693353911446,41468,4439,153749632.0,10985.0,26.49,132.9,-106.7,3662.3,3737.84,3623.71,Hold
Hero Motocorp,2018-05-03,3670.0,3683.0,3640.0,3657.1,3663.701884552604,13478,1530,49379374.0,4792.0,35.55,43.0,-12.9,3657.1,3737.1975000000007,3626.99,Hold
Hero Motocorp,2018-05-04,3657.0,3669.95,3648.05,3659.8,3659.800875801669,58004,665,212283090.0,55337.0,95.4,21.9,2.8,3659.8,3730.9799999999996,3630.9829999999997,Hold
Hero Motocorp,2018-05-07,3650.0,3675.0,3625.85,3655.05,3668.32985849392,70315,1041,257938614.0,63661.0,90.54,49.15,5.05,3655.05,3724.6125,3634.4060000000004,Hold
Hero Motocorp,2018-05-08,3652.85,3674.4,3645.0,3656.65,3658.104174466492,10684,821,39083185.0,5103.0,47.76,29.4,3.8,3656.65,3718.03,3637.731,Hold
Hero Motocorp,2018-05-09,3670.0,3685.55,3638.05,3657.35,3659.3293024021054,121560,3145,444828070.0,105666.0,86.92,47.5,-12.65,3657.35,3714.8574999999996,3641.231,Hold
Hero Motocorp,2018-05-10,3655.15,3664.0,3625.45,3643.25,3644.5725367666864,18563,1604,67654200.0,6323.0,34.06,38.55,-11.9,3643.25,3710.5799999999995,3644.1230000000005,Hold
Hero Motocorp,2018-05-11,3630.3,3643.5,3592.95,3616.15,3610.6611501524512,61331,868,221445459.0,55239.0,90.07,50.55,-14.15,3616.15,3704.1025,3645.639,Hold
Hero Motocorp,2018-05-14,3645.0,3657.5,3620.6,3649.35,3647.8160258387616,110222,1142,402069578.0,103647.0,94.03,36.9,4.35,3649.35,3700.095,3646.867,Hold
Hero Motocorp,2018-05-15,3646.35,3661.75,3635.0,3653.25,3652.141313083269,60971,1394,222674708.0,50192.0,82.32,26.75,6.9,3653.25,3692.8549999999996,3647.9210000000003,Hold
Hero Motocorp,2018-05-16,3617.1,3635.0,3500.0,3576.4,3554.390379131904,18938,2000,67313045.0,4601.0,24.3,135.0,-40.7,3576.4,3683.175,3647.86,Hold
Hero Motocorp,2018-05-17,3597.0,3686.0,3535.9,3554.45,3558.396906043831,13187,1303,46924580.0,4915.0,37.27,150.1,-42.55,3554.45,3673.8,3647.7969999999996,Hold
Hero Motocorp,2018-05-18,3549.75,3567.45,3538.35,3561.75,3556.431257344301,9361,1728,33291753.0,5132.0,54.82,29.1,12.0,3561.75,3665.425,3647.6339999999996,Hold
Hero Motocorp,2018-05-21,3570.0,3573.3,3470.0,3495.0,3499.9291891463026,25208,1683,88226215.0,14243.0,56.5,103.3,-75.0,3495.0,3652.935,3646.2919999999995,Hold
Hero Motocorp,2018-05-22,3465.0,3520.0,3410.0,3509.3,3498.880300922348,19407,1209,67902770.0,7042.0,36.29,110.0,44.3,3509.3,3642.5125,3644.765,Sell
Hero Motocorp,2018-05-23,3480.0,3486.95,3453.0,3482.15,3477.2866273353,6102,833,21218403.0,2850.0,46.71,33.95,2.15,3482.15,3630.6400000000003,3642.6679999999997,Hold
Hero Motocorp,2018-05-24,3487.6,3500.8,3451.15,3486.25,3472.7402283480765,19444,905,67523961.0,12350.0,63.52,49.65,-1.35,3486.25,3619.0575,3638.677,Hold
Hero Motocorp,2018-05-25,3473.15,3573.3,3464.7,3550.7,3545.196910185912,22914,962,81234642.0,14600.0,63.72,108.6,77.55,3550.7,3608.7475,3635.665,Hold
Hero Motocorp,2018-05-28,3556.1,3621.85,3538.45,3596.85,3586.7235168299,8883,1007,31860865.0,2022.0,22.76,83.4,40.75,3596.85,3602.84,3634.893,Hold
Hero Motocorp,2018-05-29,3660.0,3660.0,3565.6,3612.35,3599.7851566794943,9095,782,32740046.0,3277.0,36.03,94.4,-47.65,3612.35,3596.7725,3634.276,Hold
Hero Motocorp,2018-05-30,3613.1,3624.0,3530.1,3606.85,3584.844746415579,9346,965,33503959.0,2102.0,22.49,93.9,-6.25,3606.85,3594.0,3635.492,Hold
Hero Motocorp,2018-05-31,3575.0,3620.9,3500.0,3547.25,3550.8756453145006,24213,1790,85977352.0,10332.0,42.67,120.9,-27.75,3547.25,3588.5074999999997,3636.1890000000003,Hold
Hero Motocorp,2018-06-01,3547.0,3633.25,3547.0,3623.75,3608.9015899896503,21258,1876,76718030.0,2604.0,12.25,86.25,76.75,3623.75,3586.7050000000004,3638.3990000000003,Hold
Hero Motocorp,2018-06-04,3641.0,3678.05,3599.75,3612.0,3627.666777703753,18012,1633,65341534.0,4318.0,23.97,78.3,-29.0,3612.0,3584.5525000000002,3641.252,Hold
Hero Motocorp,2018-06-05,3612.0,3629.0,3569.0,3608.65,3583.063370745309,425354,1123,1524070337.0,418119.0,98.3,60.0,-3.35,3608.65,3582.1524999999992,3644.328,Hold
Hero Motocorp,2018-06-06,3622.75,3652.0,3599.1,3638.9,3620.7002328521817,174789,1038,632858573.0,166181.0,95.08,52.9,16.15,3638.9,3581.2300000000005,3648.813,Hold
Hero Motocorp,2018-06-07,3660.0,3680.0,3629.25,3657.05,3652.817973542236,13531,1338,49426280.0,4710.0,34.81,50.75,-2.95,3657.05,3581.9200000000005,3652.3340000000003,Hold
Hero Motocorp,2018-06-08,3650.0,3655.0,3608.0,3634.4,3631.743102668476,8844,706,32119136.0,3512.0,39.71,47.0,-15.6,3634.4,3582.8324999999995,3655.705,Hold
Hero Motocorp,2018-06-11,3676.0,3677.4,3602.5,3612.55,3623.708185053381,9554,589,34620908.0,3723.0,38.97,74.9,-63.45,3612.55,3580.9925000000003,3657.046,Hold
Hero Motocorp,2018-06-12,3612.05,3715.0,3602.55,3688.75,3656.4712395925785,23661,1571,86515766.0,11606.0,49.05,112.45,76.7,3688.75,3582.7675000000004,3658.008,Hold
Hero Motocorp,2018-06-13,3672.05,3715.0,3672.05,3698.9,3697.3729101728527,21174,689,78288174.0,15916.0,75.17,42.95,26.85,3698.9,3588.8924999999995,3659.18,Hold
Hero Motocorp,2018-06-14,3694.75,3706.75,3632.95,3684.1,3688.9377917012976,15641,528,57698676.0,10719.0,68.53,73.8,-10.65,3684.1,3595.375,3659.4629999999997,Hold
Hero Motocorp,2018-06-15,3720.6,3720.6,3655.0,3689.15,3678.5280028357297,19748,686,72643571.0,11234.0,56.89,65.6,-31.45,3689.15,3601.745,3657.5630000000006,Hold
Hero Motocorp,2018-06-18,3676.4,3698.2,3655.05,3668.7,3674.1645233885224,12442,776,45713955.0,2547.0,20.47,43.15,-7.7,3668.7,3610.4300000000003,3655.2889999999998,Hold
Hero Motocorp,2018-06-19,3671.0,3671.0,3625.5,3655.65,3645.3091844389673,9331,632,34014380.0,2052.0,21.99,45.5,-15.35,3655.65,3617.7475,3652.636,Hold
Hero Motocorp,2018-06-20,3655.0,3675.6,3643.9,3658.05,3657.2940637176257,8726,568,31913548.0,1859.0,21.3,31.7,3.05,3658.05,3626.5425000000005,3651.3810000000003,Hold
Hero Motocorp,2018-06-21,3660.0,3673.7,3621.0,3631.55,3647.5754169688175,8274,557,30180039.0,1614.0,19.51,52.7,-28.45,3631.55,3633.8075000000003,3649.4359999999997,Hold
Hero Motocorp,2018-06-22,3620.0,3650.05,3602.15,3640.1,3628.845604979505,13174,1467,47806412.0,4502.0,34.17,47.9,20.1,3640.1,3638.2775,3647.324,Hold
Hero Motocorp,2018-06-25,3640.1,3640.1,3571.05,3585.15,3588.9448781481233,14731,1656,52868747.0,5190.0,35.23,69.05,-54.95,3585.15,3637.6925,3644.437,Hold
Hero Motocorp,2018-06-26,3573.0,3577.1,3536.45,3567.6,3556.5779702970294,12120,1516,43105725.0,3925.0,32.38,40.65,-5.4,3567.6,3635.4550000000004,3639.828,Hold
Hero Motocorp,2018-06-27,3609.0,3609.0,3522.05,3538.05,3544.6827636576104,34230,1984,121334491.0,25597.0,74.78,86.95,-70.95,3538.05,3632.0150000000003,3635.189,Hold
Hero Motocorp,2018-06-28,3522.2,3545.3,3476.6,3513.85,3507.894747274529,15135,1745,53091987.0,6327.0,41.8,68.7,-8.35,3513.85,3630.3450000000003,3630.627,Hold
Hero Motocorp,2018-06-29,3528.6,3531.0,3460.0,3472.05,3491.975913470278,11002,1365,38418719.0,4775.0,43.4,71.0,-56.55,3472.05,3622.7599999999998,3625.4830000000006,Hold
Hero Motocorp,2018-07-02,3819.0,3819.0,3394.8,3413.6,3464.6234985318974,22478,1866,77877807.0,5919.0,26.33,424.2,-405.4,3413.6,3612.84,3618.8589999999995,Hold
Hero Motocorp,2018-07-03,3450.0,3483.8,3444.0,3453.5,3463.925650557621,15871,1241,54975964.0,3456.0,21.78,39.8,3.5,3453.5,3605.0825000000004,3613.5739999999996,Hold
Hero Motocorp,2018-07-04,3450.0,3480.0,3417.4,3468.45,3453.0826276412067,12163,1060,41999844.0,2664.0,21.9,62.6,18.45,3468.45,3596.56,3608.551,Hold
Hero Motocorp,2018-07-05,3484.65,3517.2,3458.95,3502.7,3495.256527018822,13176,1752,46053500.0,4905.0,37.23,58.25,18.05,3502.7,3588.8424999999997,3604.2470000000003,Hold
Hero Motocorp,2018-07-06,3518.0,3665.0,3489.65,3636.7,3623.32473093392,43205,3745,156545745.0,14828.0,34.32,175.35,118.7,3636.7,3588.9574999999995,3601.843,Hold
Hero Motocorp,2018-07-09,3690.0,3690.0,3608.3,3622.2,3635.429441811804,16249,1254,59072093.0,6170.0,37.97,81.7,-67.8,3622.2,3589.44,3599.987,Hold
Hero Motocorp,2018-07-10,3629.25,3695.0,3570.5,3592.15,3597.1993207386968,28266,2366,101678436.0,11205.0,39.64,124.5,-37.1,3592.15,3584.6099999999997,3597.156,Hold
Hero Motocorp,2018-07-11,3552.05,3579.4,3526.15,3540.7,3542.2567306262085,33615,2025,119072960.0,11726.0,34.88,53.25,-11.35,3540.7,3576.7,3594.724,Hold
Hero Motocorp,2018-07-12,3551.0,3576.95,3485.0,3498.05,3540.6052713621366,76982,2959,272562875.0,10882.0,14.14,91.95,-52.95,3498.05,3567.3975,3591.5429999999997,Hold
Hero Motocorp,2018-07-13,3505.0,3520.0,3439.0,3460.6,3468.942752072013,18219,1251,63200668.0,6227.0,34.18,81.0,-44.4,3460.6,3555.9700000000003,3587.559,Hold
Hero Motocorp,2018-07-16,3470.0,3471.0,3415.0,3423.85,3430.500862856563,9851,1100,33793864.0,3949.0,40.09,56.0,-46.15,3423.85,3543.7275,3582.935,Hold
Hero Motocorp,2018-07-17,3415.0,3510.0,3400.0,3479.55,3472.4587339077207,30061,3518,104385582.0,11025.0,36.68,110.0,64.55,3479.55,3534.9224999999997,3579.393,Hold
Hero Motocorp,2018-07-18,3505.0,3514.8,3476.7,3501.5,3496.5657594016207,9626,866,33657942.0,3018.0,31.35,38.1,-3.5,3501.5,3527.095,3576.276,Hold
Hero Motocorp,2018-07-19,3510.0,3510.0,3446.05,3458.9,3476.4220615620548,9129,968,31736257.0,3630.0,39.76,63.95,-51.1,3458.9,3518.4625,3572.5889999999995,Hold
Hero Motocorp,2018-07-20,3462.0,3489.75,3323.0,3373.15,3386.703752988876,48095,3435,162883517.0,14610.0,30.38,166.75,-88.85,3373.15,3505.1150000000002,3567.729,Hold
Hero Motocorp,2018-07-23,3385.1,3385.1,3094.0,3163.9,3185.098191260585,112067,8915,356944399.0,26604.0,23.74,291.1,-221.2,3163.9,3484.0524999999993,3558.02,Hold
Hero Motocorp,2018-07-24,3185.6,3208.0,3037.1,3101.45,3125.6073886648414,115799,7913,361942210.0,39044.0,33.72,170.9,-84.15,3101.45,3460.745,3546.9839999999995,Hold
Hero Motocorp,2018-07-25,3141.85,3199.0,3071.1,3111.95,3131.9327613644223,72265,6086,226329121.0,14414.0,19.95,127.9,-29.9,3111.95,3439.44,3537.695,Hold
Hero Motocorp,2018-07-26,3052.1,3187.65,3052.1,3137.7,3121.662639948442,66721,6350,208280453.0,14685.0,22.01,135.55,85.6,3137.7,3420.6324999999997,3529.36,Hold
Hero Motocorp,2018-07-27,3157.85,3230.0,3136.3,3193.8,3197.872750729952,44181,3350,141285216.0,10820.0,24.49,93.7,35.95,3193.8,3406.72,3522.001,Hold
Hero Motocorp,2018-07-30,3181.6,3227.05,3180.0,3205.0,3200.8751421559823,16707,1485,53477021.0,4757.0,28.47,47.05,23.4,3205.0,3396.29,3516.2010000000005,Hold
Hero Motocorp,2018-07-31,3210.0,3303.45,3190.05,3293.8,3265.7253785083963,33883,2563,110652573.0,11830.0,34.91,113.4,83.8,3293.8,3388.3050000000003,3511.8909999999996,Hold
Infosys,2015-01-01,1967.8,1981.2,1957.45,1975.8,1972.204727722121,38031,3712,75004918.0,16232.0,42.68,23.75,8.0,987.9,,,Hold
Infosys,2015-01-02,1975.0,2019.6,1973.9,2013.45,2001.9731523823568,61011,6879,122142384.0,25532.0,41.85,45.7,38.45,1006.725,,,Hold
Infosys,2015-01-05,2014.7,2029.65,1977.65,1996.6,2006.156214339476,82374,8886,165255112.0,36107.0,43.83,52.0,-18.1,998.3,,,Hold
Infosys,2015-01-06,1984.9,1988.0,1935.0,1956.85,1953.3639670376288,221586,16076,432838108.0,132099.0,59.62,53.0,-28.05,978.425,,,Hold
Infosys,2015-01-07,1957.1,1975.3,1950.0,1964.8,1965.0994387780129,774738,11785,1522437209.0,696719.0,89.93,25.3,7.7,982.4,,,Hold
Infosys,2015-01-08,1982.5,1996.85,1951.0,1974.55,1962.7408131352615,787864,10915,1546372828.0,732650.0,92.99,45.85,-7.95,987.275,,,Hold
Infosys,2015-01-09,1985.0,2108.0,1914.1,2073.6,2030.330906120916,1128867,114311,2291973559.0,166176.0,14.72,193.9,88.6,1036.8,,,Hold
Infosys,2015-01-12,2095.05,2119.0,2076.25,2114.75,2100.2896125290545,221565,18848,465350668.0,67426.0,30.43,42.75,19.7,1057.375,,,Hold
Infosys,2015-01-13,2114.4,2114.4,2075.15,2087.25,2087.9450517620558,93215,9527,194627798.0,24996.0,26.82,39.25,-27.15,1043.625,,,Hold
Infosys,2015-01-14,2095.0,2135.0,2092.9,2128.8,2111.913160642046,153260,12490,323671811.0,67541.0,44.07,42.1,33.8,1064.4,,,Hold
Infosys,2015-01-15,2144.0,2152.9,2114.5,2133.95,2137.435726657351,119513,13818,255451356.0,60575.0,50.68,38.4,-10.05,1066.975,,,Hold
Infosys,2015-01-16,2140.2,2147.35,2110.0,2114.15,2122.952300554952,68114,6788,144602773.0,17359.0,25.49,37.35,-26.05,1057.075,,,Hold
Infosys,2015-01-19,2118.0,2131.0,2095.8,2102.4,2104.536809261844,60895,5767,128155769.0,22841.0,37.51,35.2,-15.6,1051.2,,,Hold
Infosys,2015-01-20,2102.4,2132.9,2100.45,2122.35,2116.8410916789926,68958,5951,145973128.0,22833.0,33.11,32.45,19.95,1061.175,,,Hold
Infosys,2015-01-21,2126.2,2170.0,2117.3,2165.1,2161.0943902439026,360800,9675,779722856.0,23954.0,6.64,52.7,38.9,1082.55,,,Hold
Infosys,2015-01-22,2169.0,2202.0,2161.8,2195.7,2192.096796012816,84270,10865,184727997.0,33394.0,39.63,40.2,26.7,1097.85,,,Hold
Infosys,2015-01-23,2200.0,2222.0,2166.75,2214.05,2196.3905317622175,105912,9755,232624114.0,39645.0,37.43,55.25,14.05,1107.025,,,Hold
Infosys,2015-01-27,2214.05,2216.0,2131.0,2136.0,2148.614685246454,112739,13434,242232671.0,53785.0,47.71,85.0,-78.05,1068.0,,,Hold
Infosys,2015-01-28,2146.55,2154.5,2133.0,2145.1,2144.9145727446944,84013,8839,180200708.0,38307.0,45.6,21.5,-1.45,1072.55,,,Hold
Infosys,2015-01-29,2135.2,2149.35,2128.25,2142.9,2141.872136957691,158005,12186,338426507.0,76686.0,48.53,21.1,7.7,1071.45,1043.9537500000001,,Hold
Infosys,2015-01-30,2152.0,2163.6,2126.4,2142.75,2154.6891996377963,241853,5173,521118047.0,209768.0,86.73,37.2,-9.25,1071.375,1048.1275,,Hold
Infosys,2015-02-02,2140.0,2151.2,2127.65,2134.35,2141.174697207016,64483,6786,138069368.0,18885.0,29.29,23.55,-5.65,1067.175,1051.15,,Hold
Infosys,2015-02-03,2140.0,2140.0,2103.05,2120.35,2117.937176333066,73571,8347,155818756.0,21147.0,28.74,36.95,-19.65,1060.175,1054.24375,,Hold
Infosys,2015-02-04,2128.0,2149.5,2128.0,2142.05,2140.849787296465,54536,6308,116753384.0,12345.0,22.64,21.5,14.05,1071.025,1058.8737500000002,,Hold
Infosys,2015-02-05,2144.0,2220.0,2144.0,2193.6,2184.4583344954344,179273,17158,391614399.0,89326.0,49.83,76.0,49.6,1096.8,1064.59375,,Hold
Infosys,2015-02-06,2193.0,2246.75,2192.4,2229.35,2226.807931321146,121493,11523,270541576.0,23676.0,19.49,54.35,36.35,1114.675,1070.96375,,Hold
Infosys,2015-02-09,2229.35,2255.0,2206.4,2250.2,2239.691237795745,160907,16465,360381998.0,81749.0,50.81,48.6,20.85,1125.1,1075.3787499999999,,Hold
Infosys,2015-02-10,2244.9,2297.4,2225.0,2280.3,2269.5622282148306,141656,13026,321497107.0,55577.0,39.23,72.4,35.4,1140.15,1079.5175,,Hold
Infosys,2015-02-11,2275.0,2295.0,2258.25,2287.2,2279.5879662500206,60563,7467,138058686.0,20058.0,33.12,36.75,12.2,1143.6,1084.51625,,Hold
Infosys,2015-02-12,2280.0,2322.85,2275.0,2315.45,2301.372038211769,79766,9095,183571242.0,33981.0,42.6,47.85,35.45,1157.725,1089.1825000000001,,Hold
Infosys,2015-02-13,2311.0,2324.9,2286.95,2296.4,2311.3712351113177,109731,5570,253629077.0,69039.0,62.92,37.95,-14.6,1148.2,1093.24375,,Hold
Infosys,2015-02-16,2281.0,2305.85,2266.0,2278.5,2284.961866239581,85541,10149,195457923.0,22164.0,25.91,39.85,-2.5,1139.25,1097.3525,,Hold
Infosys,2015-02-18,2284.0,2305.0,2261.1,2295.75,2282.060986778089,69884,6639,159479550.0,26665.0,38.16,43.9,11.75,1147.875,1102.1862500000002,,Hold
Infosys,2015-02-19,2304.0,2333.9,2292.0,2326.6,2321.485466301625,85835,8847,199264705.0,29728.0,34.63,41.9,22.6,1163.3,1107.2925,,Hold
Infosys,2015-02-20,2324.0,2335.2,2277.0,2284.3,2301.6314211523263,79717,10233,183479152.0,23045.0,28.91,58.2,-39.7,1142.15,1110.2724999999998,,Hold
Infosys,2015-02-23,2303.95,2311.0,2253.25,2270.7,2281.91225921976,75951,7344,173313518.0,24969.0,32.88,57.75,-33.25,1135.35,1112.1475,,Hold
Infosys,2015-02-24,2276.05,2295.0,2258.0,2278.15,2281.0589462402636,52251,7726,119187611.0,13292.0,25.44,37.0,2.1,1139.075,1113.75,,Hold
Infosys,2015-02-25,2290.0,2332.0,2278.35,2318.05,2315.100614216488,161995,10174,375034724.0,102972.0,63.56,53.65,28.05,1159.025,1118.30125,,Hold
Infosys,2015-02-26,2314.9,2314.9,2250.0,2259.5,2277.198324862195,69845,8403,159050917.0,22046.0,31.56,64.9,-55.4,1129.75,1121.1612499999999,,Hold
Infosys,2015-02-27,2267.25,2280.85,2258.0,2266.35,2269.2398414857753,50721,4938,115098114.0,12297.0,24.24,22.85,-0.9,1133.175,1124.2475,,Hold
Infosys,2015-02-28,2270.0,2310.0,2258.0,2294.85,2279.1920677726025,73422,8043,167342840.0,11556.0,15.74,52.0,24.85,1147.425,1128.05,,Hold
Infosys,2015-03-02,2300.0,2308.0,2278.4,2291.45,2289.9464798943577,38621,7328,88440023.0,9859.0,25.53,29.6,-8.55,1145.725,1131.9775,,Hold
Infosys,2015-03-03,2291.0,2309.0,2279.45,2297.35,2293.917070963525,39781,4220,91254315.0,8455.0,21.25,29.55,6.35,1148.675,1136.4025,,Hold
Infosys,2015-03-04,2299.0,2313.5,2252.35,2272.6,2283.7643847123054,71430,7938,163129290.0,19279.0,26.99,61.15,-26.4,1136.3,1139.6662499999998,,Hold
Infosys,2015-03-05,2268.4,2297.4,2236.0,2251.7,2255.400293652947,62659,6047,141321127.0,12343.0,19.7,61.4,-16.7,1125.85,1141.11875,,Hold
Infosys,2015-03-09,2255.0,2256.0,2179.2,2190.55,2201.0140042646726,121463,10648,267341764.0,32461.0,26.73,76.8,-64.45,1095.275,1140.1487499999998,,Hold
Infosys,2015-03-10,2200.0,2207.0,2163.3,2200.1,2197.0105490369715,90340,7369,198477933.0,41336.0,45.76,43.7,0.1,1100.05,1138.8962500000002,,Hold
Infosys,2015-03-11,2190.0,2240.0,2172.6,2183.6,2210.509888017124,127073,10867,280896123.0,55436.0,43.63,67.4,-6.4,1091.8,1136.47875,,Hold
Infosys,2015-03-12,2184.9,2226.35,2177.5,2217.8,2210.878973360228,86262,7915,190714842.0,33629.0,38.98,48.85,32.9,1108.9,1134.7437499999999,,Hold
Infosys,2015-03-13,2226.1,2228.8,2194.4,2216.45,2211.137557487784,55664,6963,123080761.0,14839.0,26.66,34.4,-9.65,1108.225,1132.26875,1091.445,Hold
Infosys,2015-03-16,2210.0,2282.0,2210.0,2267.0,2254.183161195848,77167,10568,173948552.0,29231.0,37.88,72.0,57.0,1133.5,1131.53375,1094.357,Hold
Infosys,2015-03-17,2260.2,2278.5,2218.2,2241.95,2249.462587919273,84879,9145,190932135.0,23115.0,27.23,60.3,-18.25,1120.975,1130.62,1096.642,Hold
Infosys,2015-03-18,2250.0,2260.75,2220.0,2230.2,2239.8665656346966,41571,3944,93113493.0,9568.0,23.02,40.75,-19.8,1115.1,1128.98125,1098.9779999999998,Hold
Infosys,2015-03-19,2227.0,2244.15,2224.2,2229.9,2228.4184445906467,510708,5515,1138071127.0,463615.0,90.78,19.95,2.9,1114.95,1126.5637499999998,1101.7085,Hold
Infosys,2015-03-20,2233.0,2269.5,2233.0,2258.95,2256.706680558026,78706,9129,177616356.0,32761.0,41.62,36.5,25.95,1129.475,1125.93,1104.65,Hold
Infosys,2015-03-23,2252.0,2275.0,2226.85,2232.4,2235.7870863720623,360348,6685,805661405.0,302866.0,84.05,48.15,-19.6,1116.2,1124.9725,1107.2285,Hold
Infosys,2015-03-24,2230.0,2252.0,2206.25,2212.1,2225.5007857325586,54726,5590,121792756.0,11356.0,20.75,45.75,-17.9,1106.05,1123.32125,1108.6135000000002,Hold
Infosys,2015-03-25,2217.3,2227.7,2200.0,2217.7,2215.1118560290565,73237,7082,162228147.0,20432.0,27.9,27.7,0.4,1108.85,1120.8125,1109.643,Hold
Infosys,2015-03-26,2212.0,2213.5,2130.0,2144.45,2163.900265111347,113160,10333,244866954.0,52866.0,46.72,83.5,-67.55,1072.225,1117.93625,1110.215,Hold
Infosys,2015-03-27,2164.0,2225.0,2160.0,2201.95,2203.8648541573807,80772,9486,178010572.0,22781.0,28.2,65.0,37.95,1100.975,1116.3262499999998,1110.9465,Hold
Infosys,2015-03-30,2214.0,2244.05,2195.45,2229.8,2217.1665689351867,57982,4882,128555752.0,27706.0,47.78,48.6,15.8,1114.9,1114.7,1111.905,Hold
Infosys,2015-03-31,2243.6,2272.0,2204.85,2216.6,2223.005055915552,76544,8428,170157699.0,22613.0,29.54,67.15,-27.0,1108.3,1112.8287500000001,1112.9295,Sell
Infosys,2015-04-01,2209.4,2209.4,2160.0,2172.25,2171.141174908141,158123,12042,343307356.0,45043.0,28.49,49.4,-37.15,1086.125,1109.70125,1113.628,Hold
Infosys,2015-04-06,2178.0,2185.0,2162.0,2177.2,2171.639866342858,58059,6408,126083239.0,20363.0,35.07,23.0,-0.8,1088.6,1107.31625,1114.1765,Hold
Infosys,2015-04-07,2180.0,2183.95,2141.8,2161.25,2160.8390310746963,70057,7693,151381900.0,16496.0,23.55,42.15,-18.75,1080.625,1105.0549999999998,1114.138,Hold
Infosys,2015-04-08,2175.5,2206.85,2174.0,2200.8,2191.5638835146606,39799,4709,87222051.0,12006.0,30.17,32.85,25.3,1100.4,1105.3112500000002,1114.1889999999999,Hold
Infosys,2015-04-09,2210.0,2216.4,2187.0,2211.4,2203.977082415161,34035,4419,75012360.0,7766.0,22.82,29.4,1.4,1105.7,1105.59375,1114.1625,Hold
Infosys,2015-04-10,2210.0,2239.0,2210.0,2233.3,2229.844738826064,46425,4705,103520542.0,16525.0,35.6,29.0,23.3,1116.65,1106.8362499999998,1115.1355,Hold
Infosys,2015-04-13,2235.0,2244.0,2217.6,2239.0,2234.180436258449,33879,4133,75691799.0,7200.0,21.25,26.4,4.0,1119.5,1107.36625,1116.0745,Hold
Infosys,2015-04-15,2238.9,2242.9,2195.5,2213.2,2213.9876258341815,44205,5433,97869323.0,11516.0,26.05,47.4,-25.7,1106.6,1107.2849999999999,1116.7775,Hold
Infosys,2015-04-16,2215.0,2230.0,2156.25,2191.1,2178.956719022688,74490,8126,162310486.0,23205.0,31.15,73.75,-23.9,1095.55,1105.3875,1117.261,Hold
Infosys,2015-04-17,2188.0,2195.0,2153.45,2181.95,2178.121752200988,32599,4426,71004591.0,7798.0,23.92,41.55,-6.05,1090.975,1103.8875,1117.737,Hold
Infosys,2015-04-20,2181.0,2184.0,2117.25,2133.25,2122.7270487235746,803964,8159,1706596129.0,351483.0,43.72,66.75,-47.75,1066.625,1101.46375,1117.866,Hold
Infosys,2015-04-21,2138.0,2152.45,2119.8,2144.4,2137.1728581253087,165766,6313,354270596.0,130810.0,78.91,32.65,6.4,1072.2,1099.32625,1117.8895,Hold
Infosys,2015-04-22,2146.15,2175.0,2100.25,2138.45,2122.4703022189665,79181,8455,168059321.0,25081.0,31.68,74.75,-7.7,1069.225,1096.3137499999998,1117.338,Hold
Infosys,2015-04-23,2145.3,2145.3,2112.5,2122.55,2122.2612062896037,106525,8014,226073875.0,53834.0,50.54,32.8,-22.75,1061.275,1093.5674999999999,1116.2699999999998,Hold
Infosys,2015-04-24,2131.0,2150.0,1982.0,1996.25,2079.1981050518143,1521097,115788,3162662000.0,450632.0,29.63,168.0,-134.75,998.125,1088.1712499999999,1113.7305,Hold
Infosys,2015-04-27,2001.0,2010.0,1950.0,1986.0,1971.5733733716208,342672,28557,675602991.0,187868.0,54.82,60.0,-15.0,993.0,1082.37875,1110.7875,Hold
Infosys,2015-04-28,1988.0,1988.0,1953.0,1961.35,1962.2814212999217,245184,21573,481120008.0,141635.0,57.77,35.0,-26.65,980.675,1077.80125,1107.529,Hold
Infosys,2015-04-29,1965.0,1972.0,1938.55,1961.6,1957.1303229585117,157079,17042,307424074.0,68827.0,43.82,33.45,-3.4,980.8,1071.7925,1103.9905,Hold
Infosys,2015-04-30,1960.0,1960.15,1932.65,1942.4,1944.1044039570463,349958,18908,680354889.0,141332.0,40.39,27.5,-17.6,971.2,1064.6074999999998,1100.4505,Hold
Infosys,2015-05-04,1961.0,1999.0,1950.0,1994.3,1973.6009995194615,104050,16047,205353184.0,36987.0,35.55,49.0,33.3,997.15,1059.05,1097.6085,Hold
Infosys,2015-05-05,2000.0,2005.0,1955.0,1966.75,1970.0245825622255,240455,17679,473702261.0,151351.0,62.94,50.0,-33.25,983.375,1053.9125,1094.3185,Hold
Infosys,2015-05-06,1979.0,1980.0,1917.5,1922.5,1927.3242371503727,426919,30007,822811336.0,270448.0,63.35,62.5,-56.5,961.25,1047.545,1090.2775,Hold
Infosys,2015-05-07,1928.8,1967.0,1911.1,1942.8,1939.7260654918132,128016,16179,248315972.0,39492.0,30.85,55.9,14.0,971.4,1042.08375,1086.8625,Hold
Infosys,2015-05-08,1963.9,1968.6,1945.8,1958.0,1956.1227143318365,68142,8837,133294114.0,22756.0,33.39,22.8,-5.9,979.0,1036.0137499999998,1083.7355,Hold
Infosys,2015-05-11,1965.1,2000.0,1954.0,1992.0,1978.300679128342,121332,5962,240031178.0,54896.0,45.24,46.0,26.9,996.0,1030.52875,1080.874,Hold
Infosys,2015-05-12,1998.9,1998.9,1941.25,1949.6,1955.013614009836,183414,7686,358576867.0,129049.0,70.36,57.65,-49.3,974.8,1023.43625,1077.1895,Hold
Infosys,2015-05-13,1954.0,1965.0,1932.6,1955.95,1954.604250575696,1676667,12562,3277220445.0,1514983.0,90.36,32.4,1.95,977.975,1016.36,1074.154,Hold
Infosys,2015-05-14,1960.0,1960.0,1910.0,1934.55,1929.4241270367884,132623,7961,255886016.0,59806.0,45.09,50.0,-25.45,967.275,1009.3937499999998,1070.836,Hold
Infosys,2015-05-15,1935.1,1965.0,1935.0,1959.75,1951.3768081908695,85168,4715,166194860.0,33977.0,39.89,30.0,24.65,979.875,1003.6099999999999,1067.485,Hold
Infosys,2015-05-18,1964.2,1998.0,1962.05,1991.75,1978.5745100046056,117246,6414,231979947.0,78080.0,66.6,35.95,27.55,995.875,998.8549999999999,1064.4879999999998,Hold
Infosys,2015-05-19,1989.0,2032.7,1984.4,2018.15,2016.7905622598623,92395,6005,186341364.0,23961.0,25.93,48.3,29.15,1009.075,995.9775,1061.6960000000001,Hold
Infosys,2015-05-20,2033.55,2051.0,2033.55,2044.7,2044.3187708201867,68143,3972,139306014.0,20817.0,30.55,17.45,11.15,1022.35,993.485,1059.417,Hold
Infosys,2015-05-21,2049.0,2061.0,2035.0,2043.35,2045.5549027215784,54123,3172,110711568.0,15888.0,29.36,26.0,-5.65,1021.675,991.1075000000001,1057.3335,Hold
Infosys,2015-05-22,2045.0,2049.4,2030.05,2041.8,2043.1754166013689,172287,3778,352012563.0,127246.0,73.86,19.35,-3.2,1020.9,989.0887499999999,1055.846,Hold
Infosys,2015-05-25,2050.0,2056.9,2007.0,2018.0,2027.5118504255215,84132,4450,170578627.0,37645.0,44.75,49.9,-32.0,1009.0,989.6324999999999,1054.025,Hold
Infosys,2015-05-26,2021.0,2031.05,2000.5,2009.3,2015.1125171227156,119724,4617,241257331.0,50685.0,42.33,30.55,-11.7,1004.65,990.2149999999999,1052.282,Hold
Infosys,2015-05-27,2015.0,2015.0,1953.75,1969.05,1967.329381117892,137813,6411,271123564.0,68230.0,49.51,61.25,-45.95,984.525,990.4075,1049.7945,Hold
Infosys,2015-05-28,1980.0,2027.0,1976.3,2014.3,1995.6365569149289,105359,5804,210258272.0,46037.0,43.7,50.7,34.3,1007.15,991.725,1047.7730000000001,Hold
Infosys,2015-05-29,2017.0,2053.5,2003.75,2022.4,2025.2147129122495,186598,9046,377901015.0,63702.0,34.14,49.75,5.4,1011.2,993.725,1045.327,Hold
Infosys,2015-06-01,2030.0,2063.0,2023.3,2045.7,2047.005121719886,79075,5558,161866930.0,31957.0,40.41,39.7,15.7,1022.85,995.0099999999999,1043.3645,Hold
Infosys,2015-06-02,2045.0,2054.8,2005.1,2008.8,2015.735286488356,138784,6055,279751806.0,75685.0,54.53,49.7,-36.2,1004.4,996.06125,1041.1505,Hold
Infosys,2015-06-03,2020.0,2060.0,2008.25,2023.1,2018.0041050196064,174177,7107,351489901.0,89847.0,51.58,51.75,3.1,1011.55,998.5762499999998,1039.0825,Hold
Infosys,2015-06-04,2031.0,2056.6,2014.35,2028.05,2036.9003493672055,86442,6500,176073740.0,21354.0,24.7,42.25,-2.95,1014.025,1000.7075000000001,1036.7735,Hold
Infosys,2015-06-05,2039.0,2044.0,2009.15,2012.1,2020.4272729546951,119921,6928,242291659.0,59962.0,50.0,34.85,-26.9,1006.05,1002.0600000000001,1034.5705,Hold
Infosys,2015-06-08,2012.0,2020.25,1990.0,2000.25,2001.396590159257,56073,5177,112224311.0,23496.0,41.9,30.25,-11.75,1000.125,1002.26625,1032.452,Hold
Infosys,2015-06-09,2013.0,2013.0,1985.1,1992.55,1991.3393999680704,162858,4726,324305552.0,120016.0,73.69,27.9,-20.45,996.275,1003.3400000000001,1030.2005,Hold
Infosys,2015-06-10,2010.0,2039.7,1986.0,2026.2,2008.856314688083,106086,5552,213111531.0,36971.0,34.85,53.7,16.2,1013.1,1005.0962499999999,1029.018,Hold
Infosys,2015-06-11,2035.0,2045.0,1997.05,2001.85,2012.8875454715576,219093,7132,441009571.0,141026.0,64.37,47.95,-33.15,1000.925,1006.7787500000001,1027.017,Hold
Infosys,2015-06-12,2002.0,2024.5,1955.5,1976.65,2003.3838685422304,364406,11369,730045102.0,247907.0,68.03,69.0,-25.35,988.325,1007.2012500000001,1024.4855,Hold
Infosys,2015-06-15,980.0,998.85,968.5,991.1,989.0448340315456,352567,8291,348704570.0,159739.0,45.31,30.35,11.1,991.1,1006.9625,1022.1415,Hold
Infosys,2015-06-16,994.0,1002.0,985.0,999.45,994.941391323893,124572,4971,123941839.0,50185.0,40.29,17.0,5.45,999.45,1006.48125,1020.408,Hold
Infosys,2015-06-17,1007.0,1020.4,993.3,995.8,1002.82654322218,200684,7792,201251242.0,68163.0,33.97,27.1,-11.2,995.8,1005.1537499999998,1018.552,Hold
Infosys,2015-06-18,1000.25,1005.95,996.0,1000.9,1001.3658042790432,98293,3690,98427249.0,31006.0,31.54,9.95,0.65,1000.9,1004.115,1016.9575,Hold
Infosys,2015-06-19,1005.0,1010.3,992.5,996.75,1001.406048784183,105608,4277,105756490.0,43656.0,41.34,17.8,-8.25,996.75,1002.9075,1014.8845,Hold
Infosys,2015-06-22,1009.0,1028.8,997.5,1024.4,1010.9978586159064,189597,6460,191682161.0,65351.0,34.47,31.3,15.4,1024.4,1003.6775000000001,1013.2585,Hold
Infosys,2015-06-23,1025.0,1028.0,999.1,1001.15,1005.116606133428,219714,7317,220838190.0,78762.0,35.85,28.9,-23.85,1001.15,1003.5024999999999,1010.9485000000001,Hold
Infosys,2015-06-24,1010.0,1013.4,991.6,995.1,1001.6710222146116,151837,6050,152090723.0,60856.0,40.08,21.8,-14.9,995.1,1004.03125,1008.4605,Hold
Infosys,2015-06-25,1000.0,1003.0,987.85,991.15,995.498802478072,187888,7375,187042279.0,75762.0,40.32,15.15,-8.85,991.15,1003.23125,1006.1515,Hold
Infosys,2015-06-26,995.0,1011.75,995.0,1006.1,1006.4250152408048,177156,4876,178294230.0,57524.0,32.47,16.75,11.1,1006.1,1002.97625,1004.3625,Hold
Infosys,2015-06-29,988.0,999.0,980.0,990.25,989.1599279255789,214778,6250,212449791.0,83957.0,39.09,19.0,2.25,990.25,1001.3462500000002,1002.3480000000001,Hold
Infosys,2015-06-30,993.0,993.0,983.1,985.35,987.2345418710179,130902,4604,129230976.0,50087.0,38.26,9.9,-7.65,985.35,1000.39375,1000.7225,Hold
Infosys,2015-07-01,990.0,1000.0,986.15,997.7,994.901092469762,92268,3922,91797534.0,31249.0,33.87,13.85,7.7,997.7,999.7012500000001,999.2325,Buy
Infosys,2015-07-02,1000.0,1000.4,985.15,988.15,989.6329251942428,123814,5240,122530411.0,46686.0,37.71,15.25,-11.85,988.15,998.4074999999999,997.6109999999999,Hold
Infosys,2015-07-03,987.0,993.0,983.55,989.95,989.6578993421933,97141,4150,96136358.0,34689.0,35.71,9.45,2.95,989.95,997.6025,996.1845000000001,Hold
Infosys,2015-07-06,980.0,988.25,975.5,983.5,981.1505672727272,137500,5563,134908203.0,48909.0,35.57,12.75,3.5,983.5,996.77125,995.8920000000002,Hold
Infosys,2015-07-07,990.0,990.75,980.05,982.05,985.9005027448713,86525,3317,85305041.0,29621.0,34.23,10.7,-7.95,982.05,996.0599999999998,995.673,Hold
Infosys,2015-07-08,985.0,985.0,955.0,957.2,962.8057175238976,335285,12533,322814315.0,148620.0,44.33,30.0,-27.8,957.2,993.265,995.2035000000001,Sell
Infosys,2015-07-09,960.0,966.95,934.0,937.7,942.9078428060259,325585,15038,306996650.0,158706.0,48.74,32.95,-22.3,937.7,990.10375,994.3415,Hold
Infosys,2015-07-10,950.0,951.85,932.55,937.0,941.2388344597884,154023,7338,144972429.0,82247.0,53.4,19.3,-13.0,937.0,987.5375,993.6575,Hold
Infosys,2015-07-13,940.0,954.45,934.1,950.05,944.6203840694915,199391,6540,188348803.0,91416.0,45.85,20.35,10.05,950.05,985.485,992.7155,Hold
Infosys,2015-07-14,955.0,973.6,945.35,970.1,960.4495299605843,268169,7912,257562790.0,111359.0,41.53,28.25,15.1,970.1,984.0175000000002,992.45,Hold
Infosys,2015-07-15,971.9,985.2,969.0,982.65,980.4084391248315,135014,5381,132368865.0,43844.0,32.47,16.2,10.75,982.65,983.36,992.878,Hold
Infosys,2015-07-16,985.5,991.2,979.1,987.8,986.7561079329722,98765,3741,97456967.0,34106.0,34.53,12.1,2.3,987.8,982.7049999999999,993.2059999999999,Hold
Infosys,2015-07-17,989.9,1003.95,989.0,1002.0,998.5962875277049,198520,5046,198241335.0,118016.0,59.45,14.95,12.1,1002.0,982.9675,993.6659999999999,Hold
Infosys,2015-07-20,1003.25,1010.0,987.25,1001.9,998.9848566823987,173740,6504,173563629.0,68504.0,39.43,22.75,-1.35,1001.9,981.8425,993.784,Hold
Infosys,2015-07-21,1022.2,1127.75,1022.2,1112.65,1099.859541537778,1417565,52759,1559122391.0,354984.0,25.04,105.55,90.45,1112.65,987.4175000000001,996.541,Hold
Infosys,2015-07-22,1105.0,1111.45,1075.75,1102.6,1100.1565071969983,304363,11970,334846935.0,85500.0,28.09,35.7,-2.4,1102.6,992.7924999999999,999.0335,Hold
Infosys,2015-07-23,1103.0,1117.7,1091.0,1098.85,1105.4910057969282,184063,8066,203479991.0,49956.0,27.14,26.7,-4.15,1098.85,998.1775,1001.665,Hold
Infosys,2015-07-24,1100.0,1106.2,1082.4,1089.35,1090.7752364782923,123690,6291,134917989.0,48019.0,38.82,23.8,-10.65,1089.35,1002.3399999999999,1003.8544999999999,Hold
Infosys,2015-07-27,1089.0,1089.0,1060.5,1065.0,1069.6451233629984,221136,6408,236537044.0,148497.0,67.15,28.5,-24.0,1065.0,1006.0775,1005.237,Buy
Infosys,2015-07-28,1077.0,1077.0,1055.5,1063.5,1066.2779531180613,126104,4867,134461915.0,30156.0,23.91,21.5,-13.5,1063.5,1009.985,1006.3254999999999,Hold
Infosys,2015-07-29,1068.0,1092.25,1065.0,1085.2,1082.3312568565925,130349,5239,141080797.0,47716.0,36.61,27.25,17.2,1085.2,1014.36,1007.5825,Hold
Infosys,2015-07-30,1090.0,1090.0,1059.75,1069.1,1078.111550924056,111411,4802,120113486.0,33854.0,30.39,30.25,-20.9,1069.1,1018.4075,1008.5310000000001,Hold
Infosys,2015-07-31,1079.0,1081.2,1061.6,1078.05,1071.647481161865,143459,6395,153737476.0,36876.0,25.7,19.6,-0.95,1078.05,1022.8125,1009.6740000000001,Hold
Infosys,2015-08-03,1080.0,1091.5,1069.0,1079.05,1080.7833359609017,126860,4868,137108174.0,36279.0,28.6,22.5,-0.95,1079.05,1027.59,1011.075,Hold
Infosys,2015-08-04,1078.0,1080.0,1053.0,1059.8,1061.5528304779643,176101,9777,186940515.0,49716.0,28.23,27.0,-18.2,1059.8,1031.4775000000002,1012.178,Hold
Infosys,2015-08-05,1065.0,1090.0,1065.0,1086.55,1080.5633639699067,107932,4177,116627365.0,40846.0,37.84,25.0,21.55,1086.55,1037.9450000000002,1014.2185,Hold
Infosys,2015-08-06,1090.2,1105.95,1079.0,1089.45,1090.6203187272424,185927,6851,202775764.0,39789.0,21.4,26.95,-0.75,1089.45,1045.5325,1015.8645,Hold
Infosys,2015-08-07,1089.45,1100.9,1080.0,1095.6,1095.6021519061699,102142,4011,111906995.0,38965.0,38.15,20.9,6.15,1095.6,1053.4625,1017.5525,Hold
Infosys,2015-08-10,1097.0,1106.0,1068.1,1081.95,1092.047023438717,102736,4320,112192543.0,32017.0,31.16,37.9,-15.05,1081.95,1060.0575000000001,1018.7345,Hold
Infosys,2015-08-11,1098.9,1115.0,1073.5,1104.35,1104.327590284408,228334,10198,252155536.0,103435.0,45.3,41.5,5.45,1104.35,1066.77,1020.7335,Hold
Infosys,2015-08-12,1110.0,1147.0,1110.0,1141.75,1135.0529885061983,254659,9800,289051459.0,105066.0,41.26,37.0,31.75,1141.75,1074.725,1023.3375,Hold
Infosys,2015-08-13,1147.0,1166.0,1130.0,1156.85,1155.9835798556085,295308,11818,341371199.0,93262.0,31.58,36.0,9.85,1156.85,1083.1775,1026.1940000000002,Hold
Infosys,2015-08-14,1166.0,1168.8,1143.0,1149.0,1157.437878828914,184615,9402,213680394.0,64931.0,35.17,25.8,-17.0,1149.0,1090.5275,1029.053,Hold
Infosys,2015-08-17,1150.0,1150.75,1122.5,1141.85,1135.437869258624,94446,5825,107237565.0,28575.0,30.26,28.25,-8.15,1141.85,1097.525,1031.8875,Hold
Infosys,2015-08-18,1147.0,1177.0,1147.0,1163.8,1167.3673999180216,182975,7294,213599050.0,48801.0,26.67,30.0,16.8,1163.8,1100.0825,1035.2379999999998,Hold
Infosys,2015-08-19,1166.0,1186.0,1163.8,1175.05,1178.013423667824,284572,7715,335229636.0,158525.0,55.71,22.2,9.05,1175.05,1103.705,1038.4769999999999,Hold
Infosys,2015-08-20,1170.0,1170.0,1130.2,1138.2,1141.7669830462999,238532,11235,272347962.0,76782.0,32.19,39.8,-31.8,1138.2,1105.6725000000001,1041.2225,Hold
Infosys,2015-08-21,1141.0,1159.4,1119.1,1150.6,1145.480171268652,232617,9274,266458161.0,58540.0,25.17,40.3,9.6,1150.6,1108.735,1044.468,Hold
Infosys,2015-08-24,1120.0,1123.0,1080.05,1092.65,1108.5637742434972,340349,14281,377298572.0,129960.0,38.18,42.95,-27.35,1092.65,1110.1174999999998,1046.499,Hold
Infosys,2015-08-25,1096.0,1120.0,1045.0,1086.5,1084.4610172579023,252522,11367,273850265.0,91195.0,36.11,75.0,-9.5,1086.5,1111.2675,1048.24,Hold
Infosys,2015-08-26,1099.0,1099.0,1059.6,1065.35,1076.6231522887604,187394,8081,201752719.0,44544.0,23.77,39.4,-33.65,1065.35,1110.2749999999999,1049.631,Hold
Infosys,2015-08-27,1090.0,1098.9,1076.5,1084.1,1087.5390832881512,119885,5994,130379623.0,34371.0,28.67,22.4,-5.9,1084.1,1111.025,1051.295,Hold
Infosys,2015-08-28,1095.2,1124.0,1095.0,1110.7,1114.2814914856135,170300,8106,189762138.0,43051.0,25.28,29.0,15.5,1110.7,1112.6575,1053.5739999999998,Hold
Infosys,2015-08-31,1130.0,1130.0,1083.6,1095.2,1100.559998974201,194970,10534,214576183.0,60586.0,31.07,46.4,-34.8,1095.2,1113.465,1054.99,Hold
Infosys,2015-09-01,1089.95,1114.4,1082.1,1089.65,1101.2792301003792,194363,9176,214047935.0,68924.0,35.46,32.3,-0.3,1089.65,1114.9575,1056.76,Hold
Infosys,2015-09-02,1100.0,1114.6,1090.1,1100.3,1103.9723636965543,157076,6925,173407563.0,36044.0,22.95,24.5,0.3,1100.3,1115.645,1058.864,Hold
Infosys,2015-09-03,1110.0,1111.05,1093.95,1100.65,1101.1787659444037,84826,4220,93408590.0,23099.0,27.23,17.1,-9.35,1100.65,1116.205,1061.0539999999999,Hold
Infosys,2015-09-04,1107.8,1110.0,1068.0,1073.8,1078.0894839891366,158330,8850,170693908.0,51788.0,32.71,42.0,-34.0,1073.8,1115.115,1062.408,Hold
Infosys,2015-09-07,1081.0,1084.0,1055.0,1059.6,1065.6136187279303,114695,5734,122220554.0,31725.0,27.66,29.0,-21.4,1059.6,1113.9975,1063.795,Hold
Infosys,2015-09-08,1063.0,1074.45,1052.35,1059.3,1064.7503862814888,144972,5560,154358993.0,46298.0,31.94,22.1,-3.7,1059.3,1111.7450000000001,1065.274,Hold
Infosys,2015-09-09,1088.0,1099.0,1072.5,1088.5,1088.288343932221,147657,5827,160693392.0,42110.0,28.52,26.5,0.5,1088.5,1109.0825,1067.09,Hold
Infosys,2015-09-10,1088.0,1091.0,1061.7,1080.35,1079.2973531579453,124828,5696,134726530.0,41895.0,33.56,29.3,-7.65,1080.35,1105.2575000000002,1068.934,Hold
Infosys,2015-09-11,1092.0,1105.45,1085.25,1090.7,1095.1142474643189,132213,6020,144788340.0,43983.0,33.27,20.2,-1.3,1090.7,1102.3425000000002,1070.9489999999998,Hold
Infosys,2015-09-14,1096.2,1100.0,1082.55,1097.75,1094.139898846394,87985,6210,96267899.0,21652.0,24.61,17.45,1.55,1097.75,1100.1375,1073.234,Hold
Infosys,2015-09-15,1099.0,1104.3,1088.1,1098.4,1097.9174997369253,85527,3608,93901590.0,34061.0,39.82,16.2,-0.6,1098.4,1096.8674999999998,1075.5610000000001,Hold
Infosys,2015-09-16,1105.0,1108.45,1098.2,1101.5,1102.068436571222,254703,2854,280700137.0,211722.0,83.13,10.25,-3.5,1101.5,1093.19,1078.447,Hold
Infosys,2015-09-18,1110.0,1118.0,1099.25,1104.75,1111.4521373256173,143076,4135,159022126.0,39940.0,27.92,18.75,-5.25,1104.75,1091.5175,1081.788,Hold
Infosys,2015-09-21,1105.0,1108.8,1093.55,1104.65,1102.9697275363649,87241,3521,96224182.0,32883.0,37.69,15.25,-0.35,1104.65,1089.22,1085.141,Hold
Infosys,2015-09-22,1115.0,1135.4,1100.0,1105.5,1121.4410033787892,189121,8809,212088044.0,60326.0,31.9,35.4,-9.5,1105.5,1089.8625,1088.25,Hold
Infosys,2015-09-23,1109.8,1126.0,1097.5,1116.65,1113.75760431532,111417,4650,124091531.0,31718.0,28.47,28.5,6.85,1116.65,1091.3700000000001,1091.1809999999998,Hold
Infosys,2015-09-24,1111.0,1149.6,1110.05,1141.4,1138.2674484651382,198943,10331,226450341.0,53715.0,27.0,39.55,30.4,1141.4,1095.1725000000001,1094.356,Hold
Infosys,2015-09-28,1140.0,1143.35,1103.05,1108.2,1116.4392113192716,152660,10450,170435610.0,53962.0,35.35,40.3,-31.8,1108.2,1096.3775,1096.7640000000001,Sell
Infosys,2015-09-29,1102.0,1132.0,1098.0,1121.1,1120.3577224131348,167616,7461,187789880.0,36552.0,21.81,34.0,19.1,1121.1,1096.8974999999998,1099.146,Hold
Infosys,2015-09-30,1133.0,1165.35,1127.55,1160.45,1150.6989162661364,217212,8901,249945613.0,71646.0,32.98,37.8,27.45,1160.45,1100.16,1102.317,Hold
Infosys,2015-10-01,1169.9,1197.0,1162.35,1173.25,1180.5597391032936,217864,11948,257201467.0,71732.0,32.93,34.65,3.35,1173.25,1104.34,1103.529,Buy
Infosys,2015-10-05,1176.05,1188.9,1162.55,1180.5,1176.3615961267112,149537,7897,175909584.0,44843.0,29.99,26.35,4.45,1180.5,1108.35,1105.087,Hold
Infosys,2015-10-06,1185.0,1190.0,1148.6,1154.85,1160.6636107298073,201793,10599,234213792.0,83123.0,41.19,41.4,-30.15,1154.85,1111.06,1106.2069999999999,Hold
Infosys,2015-10-07,1157.9,1168.9,1128.35,1133.15,1145.6042000853556,203853,8252,233534853.0,104290.0,51.16,40.55,-24.75,1133.15,1114.0275,1107.083,Hold
Infosys,2015-10-08,1140.0,1149.65,1126.0,1132.45,1137.6296184109497,141959,7735,161496763.0,67333.0,47.43,23.65,-7.55,1132.45,1117.67,1108.432,Hold
Infosys,2015-10-09,1133.0,1172.6,1133.0,1167.85,1153.6359264015575,363649,10849,419518551.0,233741.0,64.28,39.6,34.85,1167.85,1123.0974999999999,1110.519,Hold
Infosys,2015-10-12,1202.7,1219.0,1108.9,1122.5,1147.6988386765852,1271136,50172,1458881311.0,298809.0,23.51,110.1,-80.2,1122.5,1124.7975,1111.265,Hold
Infosys,2015-10-13,1107.0,1114.8,1087.1,1098.65,1097.4373794163093,458188,20085,502832638.0,148845.0,32.49,27.7,-8.35,1098.65,1125.7125,1111.856,Hold
Infosys,2015-10-14,1090.0,1115.0,1090.0,1097.45,1104.1086940217665,240004,10864,264990503.0,89707.0,37.38,25.0,7.45,1097.45,1126.05,1112.244,Hold
Infosys,2015-10-15,1102.0,1108.0,1089.0,1097.0,1095.912531762142,207401,9216,227293355.0,87170.0,42.03,19.0,-5.0,1097.0,1126.0125,1112.603,Hold
Infosys,2015-10-16,1100.0,1103.2,1090.0,1093.75,1094.4679699724954,145067,6592,158771185.0,47814.0,32.96,13.2,-6.25,1093.75,1125.7800000000002,1113.282,Hold
Infosys,2015-10-19,1100.0,1117.0,1100.0,1112.2,1109.1784997158552,158370,7142,175660599.0,60567.0,38.24,17.0,12.2,1112.2,1126.315,1113.795,Hold
Infosys,2015-10-20,1113.0,1129.8,1111.6,1125.35,1121.5514430400592,170023,8083,190689541.0,70736.0,41.6,18.2,12.35,1125.35,1127.345,1114.513,Hold
Infosys,2015-10-21,1125.95,1146.0,1125.35,1137.6,1138.107236003415,171006,7815,194623166.0,69528.0,40.66,20.65,11.65,1137.6,1128.9924999999998,1115.353,Hold
Infosys,2015-10-23,1140.0,1152.0,1125.1,1148.55,1141.4977043774338,149197,6685,170308033.0,57460.0,38.51,26.9,8.55,1148.55,1131.145,1116.685,Hold
Infosys,2015-10-26,1150.0,1157.25,1143.0,1151.4,1150.4556054060042,108324,4300,124621953.0,31219.0,28.82,14.25,1.4,1151.4,1132.8825,1117.626,Hold
Infosys,2015-10-27,1151.0,1154.0,1144.0,1148.45,1149.3437241465433,64063,3069,73630407.0,22993.0,35.89,10.0,-2.55,1148.45,1133.2350000000001,1117.76,Hold
Infosys,2015-10-28,1146.0,1160.0,1139.5,1151.35,1147.3409016326195,97512,4264,111879506.0,37263.0,38.21,20.5,5.35,1151.35,1135.3925,1117.65,Hold
Infosys,2015-10-29,1150.0,1155.0,1136.0,1142.7,1143.200704225352,67592,4072,77271222.0,24360.0,36.04,19.0,-7.3,1142.7,1136.4725,1117.524,Hold
Infosys,2015-10-30,1142.7,1144.0,1130.5,1136.05,1134.936642324051,74766,3673,84854673.0,29709.0,39.74,13.5,-6.65,1136.05,1135.2525,1117.4080000000001,Hold
Infosys,2015-11-02,1130.0,1135.0,1114.3,1131.55,1124.16942421413,80325,4377,90298909.0,28758.0,35.8,20.7,1.55,1131.55,1133.1675,1116.763,Hold
Infosys,2015-11-03,1134.0,1149.0,1134.0,1143.0,1142.647383806442,108784,5540,124301753.0,39026.0,35.87,15.0,9.0,1143.0,1131.2925,1116.122,Hold
Infosys,2015-11-04,1148.0,1155.6,1133.1,1137.05,1142.5321210153163,92385,4374,105552830.0,34112.0,36.92,22.5,-10.95,1137.05,1130.4025,1116.099,Hold
Infosys,2015-11-05,1139.0,1144.85,1117.05,1122.45,1135.314619416434,145382,3336,165054310.0,23638.0,16.26,27.8,-16.55,1122.45,1129.8675,1115.5359999999998,Hold
Infosys,2015-11-06,1125.0,1142.7,1125.0,1138.05,1137.4562501540051,81166,4648,92322774.0,29508.0,36.36,17.7,13.05,1138.05,1130.1475,1116.444,Hold
Infosys,2015-11-09,1120.0,1137.65,1115.0,1133.95,1125.726449354151,91972,4417,103535313.0,27502.0,29.9,22.65,13.95,1133.95,1128.4525,1117.3929999999998,Hold
Infosys,2015-11-10,1134.0,1134.0,1102.0,1106.4,1115.708962579646,113628,4853,126775778.0,44252.0,38.94,32.0,-27.6,1106.4,1127.6475,1118.214,Hold
Infosys,2015-11-11,1115.0,1119.45,1104.0,1109.15,1110.7329083533405,60395,3505,67082714.0,35173.0,58.24,15.45,-5.85,1109.15,1128.1725000000001,1118.715,Hold
Infosys,2015-11-13,1107.0,1107.0,1090.0,1100.45,1097.050735736247,88143,4771,96697343.0,36563.0,41.48,17.0,-6.55,1100.45,1128.3225,1118.51,Hold
Infosys,2015-11-16,1085.0,1093.75,1067.1,1080.2,1080.9087170069995,159011,10148,171876376.0,55247.0,34.74,26.65,-4.8,1080.2,1127.4825,1118.21,Hold
Infosys,2015-11-17,1082.0,1084.0,1052.05,1061.1,1061.597431821404,331519,11824,351939719.0,169568.0,51.15,31.95,-20.9,1061.1,1125.85,1117.6390000000001,Hold
Infosys,2015-11-18,1044.0,1044.35,1012.25,1019.85,1030.7805285533275,408814,17648,421397511.0,188667.0,46.15,32.1,-24.15,1019.85,1121.2324999999998,1116.03,Hold
Infosys,2015-11-19,1032.0,1051.75,1024.6,1047.3,1037.3703182679835,300690,8191,311926881.0,177041.0,58.88,27.15,15.3,1047.3,1117.33,1114.963,Hold
Infosys,2015-11-20,1050.0,1062.0,1042.65,1052.9,1055.0931633868315,141064,7655,148835662.0,40879.0,28.98,19.35,2.9,1052.9,1113.095,1114.545,Sell
Infosys,2015-11-23,1051.5,1061.3,1038.05,1053.5,1053.0308777028968,125236,7038,131877375.0,37983.0,30.33,23.25,2.0,1053.5,1108.3425,1114.423,Hold
Infosys,2015-11-24,1045.0,1050.0,1037.0,1041.0,1043.3213531180872,120699,6339,125927844.0,36705.0,30.41,13.0,-4.0,1041.0,1102.8225,1114.057,Hold
Infosys,2015-11-26,1044.0,1058.7,1035.0,1053.2,1051.7945874972645,123381,6058,129771468.0,45890.0,37.19,23.7,9.2,1053.2,1098.06,1113.351,Hold
Infosys,2015-11-27,1050.0,1069.65,1046.2,1066.3,1059.4909092458167,117372,6761,124354567.0,39842.0,33.95,23.45,16.3,1066.3,1093.8075000000001,1113.0700000000002,Hold
Infosys,2015-11-30,1070.0,1098.0,1056.0,1088.45,1079.5883979553173,150439,7823,162412199.0,41115.0,27.33,42.0,18.45,1088.45,1091.095,1113.025,Hold
Infosys,2015-12-01,1088.5,1093.05,1072.0,1076.65,1081.4468699435126,103209,5433,111615050.0,27722.0,26.86,21.05,-11.85,1076.65,1088.1250000000002,1112.603,Hold
Infosys,2015-12-02,1082.0,1082.0,1058.05,1060.2,1064.2175428463308,100417,5128,106865533.0,35947.0,35.8,23.95,-21.8,1060.2,1084.5575,1111.839,Hold
Infosys,2015-12-03,1062.5,1065.25,1050.0,1056.0,1059.5535651781177,177130,5443,187678723.0,96572.0,54.52,15.25,-6.5,1056.0,1080.2075,1110.9289999999999,Hold
Infosys,2015-12-04,1053.0,1063.6,1040.9,1047.8,1046.242827421631,313869,7232,328383190.0,203599.0,64.87,22.7,-5.2,1047.8,1075.7450000000001,1109.79,Hold
Infosys,2015-12-07,1052.0,1058.55,1040.25,1045.85,1048.9806621218197,89772,4081,94169092.0,31914.0,35.55,18.3,-6.15,1045.85,1071.915,1108.614,Hold
Infosys,2015-12-08,1045.0,1062.0,1041.1,1044.95,1051.3867445678,92596,4845,97354207.0,22868.0,24.7,20.9,-0.05,1044.95,1067.26,1107.4029999999998,Hold
Infosys,2015-12-09,1044.0,1047.6,1023.5,1029.35,1036.0286382106704,371357,11241,384736487.0,169605.0,45.67,24.1,-14.65,1029.35,1062.03,1105.6570000000002,Hold
Infosys,2015-12-10,1035.1,1051.5,1030.45,1046.4,1040.2398217852203,214797,7345,223440393.0,102355.0,47.65,21.05,11.3,1046.4,1059.0300000000002,1103.757,Hold
Infosys,2015-12-11,1050.1,1060.9,1046.0,1052.35,1052.8362093429382,183240,6780,192921707.0,75046.0,40.96,14.9,2.25,1052.35,1056.19,1102.64,Hold
Infosys,2015-12-14,1050.0,1073.3,1049.0,1069.5,1065.5562621120052,152225,7336,162204302.0,56854.0,37.35,24.3,19.5,1069.5,1054.6425,1101.608,Hold
Infosys,2015-12-15,1075.0,1079.8,1058.15,1076.9,1071.0917227781097,122227,4840,130916328.0,38878.0,31.81,21.65,1.9,1076.9,1054.4775000000002,1099.937,Hold
Infosys,2015-12-16,1080.0,1097.8,1080.0,1095.4,1091.8998790555818,114102,5246,124587960.0,48428.0,42.44,17.8,15.4,1095.4,1056.1924999999999,1098.38,Hold
Infosys,2015-12-17,1100.0,1110.0,1088.0,1106.95,1098.9029565319163,239233,6472,262893851.0,140976.0,58.93,22.0,6.95,1106.95,1060.5475000000001,1096.909,Hold
Infosys,2015-12-18,1098.0,1102.95,1080.1,1085.95,1091.4149163835325,181304,6650,197877890.0,41777.0,23.04,22.85,-12.05,1085.95,1062.48,1095.531,Hold
Infosys,2015-12-21,1075.0,1104.75,1070.9,1102.0,1092.875322586347,113148,5499,123656657.0,24570.0,21.71,33.85,27.0,1102.0,1064.935,1094.9080000000001,Hold
Infosys,2015-12-22,1100.0,1100.0,1080.5,1083.6,1086.8466464674289,101654,3842,110482309.0,33617.0,33.07,19.5,-16.4,1083.6,1066.44,1093.9309999999998,Hold
Infosys,2015-12-23,1088.0,1100.0,1087.0,1098.0,1095.4636632183501,84969,3308,93080452.0,23689.0,27.88,13.0,10.0,1098.0,1069.29,1092.5339999999999,Hold
Infosys,2015-12-24,1100.0,1103.4,1090.4,1095.85,1095.3738234176224,44727,2099,48992785.0,11208.0,25.06,13.0,-4.15,1095.85,1071.4225000000001,1092.001,Hold
Infosys,2015-12-28,1092.7,1107.6,1090.0,1101.65,1103.1238202953189,79575,3689,87781078.0,23485.0,29.51,17.6,8.95,1101.65,1073.19,1092.061,Hold
Infosys,2015-12-29,1101.1,1109.65,1097.5,1103.75,1104.2784726793943,56203,3066,62063763.0,15290.0,27.2,12.15,2.65,1103.75,1073.955,1092.187,Hold
Infosys,2015-12-30,1100.0,1106.35,1083.5,1086.05,1091.397715586092,91402,3251,99755934.0,46430.0,50.8,22.85,-13.95,1086.05,1074.425,1091.968,Hold
Infosys,2015-12-31,1088.0,1109.0,1088.0,1104.55,1098.0956831054868,80683,3749,88597654.0,25862.0,32.05,21.0,16.55,1104.55,1076.6425000000002,1092.184,Hold
Infosys,2016-01-01,1100.0,1108.9,1094.3,1103.15,1102.540583485764,54123,2595,59672804.0,11364.0,21.0,14.6,3.15,1103.15,1079.0,1092.003,Hold
Infosys,2016-01-04,1103.15,1103.15,1077.5,1080.6,1087.9110660319727,86761,4826,94388252.0,32291.0,37.22,25.65,-22.55,1080.6,1080.6399999999999,1091.108,Hold
Infosys,2016-01-05,1083.0,1088.0,1063.0,1074.8,1073.7103813129604,118328,5022,127050002.0,38125.0,32.22,25.0,-8.2,1074.8,1082.0875,1089.8519999999999,Hold
Infosys,2016-01-06,1073.0,1074.5,1059.1,1069.45,1066.8494032750484,108090,4874,115315752.0,42332.0,39.16,15.4,-3.55,1069.45,1083.3125,1088.27,Hold
Infosys,2016-01-07,1060.0,1067.95,1048.3,1051.25,1057.6551255164968,96322,5195,101875457.0,36896.0,38.3,19.65,-8.75,1051.25,1084.4075,1086.267,Hold
Infosys,2016-01-08,1056.0,1068.5,1055.9,1062.65,1061.3640929659553,84418,4808,89598234.0,29357.0,34.78,12.6,6.65,1062.65,1085.2199999999998,1084.551,Buy
Infosys,2016-01-11,1060.0,1069.45,1052.5,1057.1,1057.529268425178,257718,5613,272544328.0,147447.0,57.21,16.95,-2.9,1057.1,1085.4575,1082.666,Hold
Infosys,2016-01-12,1059.0,1061.5,1031.85,1050.05,1046.0134097699752,139898,6383,146335184.0,58175.0,41.58,29.65,-8.95,1050.05,1084.4850000000001,1080.813,Hold
Infosys,2016-01-13,1050.0,1090.0,1047.6,1082.35,1073.4022026717744,246428,9900,264516358.0,60361.0,24.49,42.4,32.35,1082.35,1084.7575,1079.739,Hold
Infosys,2016-01-14,1068.0,1155.0,1054.95,1128.7,1129.607288897565,1741690,53179,1967425719.0,682679.0,39.2,100.05,60.7,1128.7,1086.4225000000001,1079.682,Hold
Infosys,2016-01-15,1145.0,1163.45,1136.55,1140.2,1147.730272929629,245741,12004,282044385.0,71344.0,29.03,26.9,-4.8,1140.2,1088.085,1079.626,Hold
Infosys,2016-01-18,1138.0,1161.45,1128.0,1131.95,1145.2600895877536,182391,8803,208885133.0,54641.0,29.96,33.45,-6.05,1131.95,1090.385,1079.524,Hold
Infosys,2016-01-19,1135.0,1158.7,1129.5,1139.1,1143.8957023603834,357103,8478,408488587.0,241241.0,67.56,29.2,4.1,1139.1,1092.24,1079.8570000000002,Hold
Infosys,2016-01-20,1139.1,1145.0,1116.6,1121.65,1127.5499393123328,210916,9135,237818323.0,68755.0,32.6,28.4,-17.45,1121.65,1094.1425000000002,1079.529,Hold
Infosys,2016-01-21,1128.0,1142.5,1122.5,1136.5,1131.6624400794303,158126,7518,178945255.0,54723.0,34.61,20.0,8.5,1136.5,1096.0675,1079.58,Hold
Infosys,2016-01-22,1140.0,1152.0,1130.0,1135.9,1140.1107938171338,114510,5753,130554087.0,38963.0,34.03,22.0,-4.1,1135.9,1098.07,1080.17,Hold
Infosys,2016-01-25,1140.0,1146.95,1125.6,1137.65,1136.0175753703727,82957,3467,94240610.0,34221.0,41.25,21.35,-2.35,1137.65,1099.8700000000001,1080.74,Hold
Infosys,2016-01-27,1149.4,1149.85,1136.0,1138.35,1141.0781758457665,65148,4088,74338961.0,23939.0,36.75,13.85,-11.05,1138.35,1101.6,1081.498,Hold
Infosys,2016-01-28,1138.0,1142.5,1127.7,1131.35,1133.5786542923431,51720,3566,58628688.0,13835.0,26.75,14.8,-6.65,1131.35,1103.865,1082.521,Hold
Infosys,2016-01-29,1135.0,1169.7,1132.0,1164.85,1152.4852570897183,253783,7642,292481166.0,124793.0,49.17,37.7,29.85,1164.85,1106.8799999999999,1084.596,Hold
Infosys,2016-02-01,1170.0,1179.85,1163.0,1171.3,1171.1429799990171,81396,5095,95326354.0,20662.0,25.38,16.85,1.3,1171.3,1110.2875,1087.625,Hold
Infosys,2016-02-02,1172.0,1188.25,1168.0,1174.8,1178.9624243337605,159252,7904,187752124.0,31155.0,19.56,20.25,2.8,1174.8,1114.9975,1090.175,Hold
Infosys,2016-02-03,1171.0,1175.0,1152.7,1158.15,1165.0864370928166,59095,3428,68850783.0,22277.0,37.7,22.3,-12.85,1158.15,1119.165,1092.28,Hold
Infosys,2016-02-04,1164.0,1193.6,1161.75,1179.9,1182.0987294388653,111132,7069,131368996.0,36421.0,32.77,31.85,15.9,1179.9,1124.6875,1094.808,Hold
Infosys,2016-02-05,1179.0,1185.45,1172.1,1174.95,1178.512959820664,64237,3874,75704137.0,15511.0,24.15,13.35,-4.05,1174.95,1130.8725,1097.487,Hold
Infosys,2016-02-08,1170.0,1171.8,1143.35,1149.1,1158.5331706948068,105756,4699,122521834.0,48554.0,45.91,28.45,-20.9,1149.1,1135.1950000000002,1099.405,Hold
Infosys,2016-02-09,1130.0,1130.0,1094.0,1109.3,1107.2550669645807,151274,9847,167498903.0,49942.0,33.01,36.0,-20.7,1109.3,1137.8049999999998,1100.265,Hold
Infosys,2016-02-10,1108.0,1127.0,1105.55,1110.15,1116.2723005875303,119313,6153,133185797.0,34535.0,28.94,21.45,2.15,1110.15,1140.81,1100.6989999999998,Hold
Infosys,2016-02-11,1114.0,1114.0,1072.35,1081.15,1091.0151325836457,122451,7071,133595894.0,49007.0,40.02,41.65,-32.85,1081.15,1140.75,1100.789,Hold
Infosys,2016-02-12,1086.0,1103.5,1067.0,1083.5,1082.4465898416636,162881,6373,176309983.0,68653.0,42.15,36.5,-2.5,1083.5,1138.49,1101.255,Hold
Infosys,2016-02-15,1090.0,1099.95,1083.5,1091.35,1084.3894780451776,1511012,7563,1638525514.0,1439018.0,95.24,16.45,1.35,1091.35,1136.0475000000001,1101.962,Hold
Infosys,2016-02-16,1090.0,1092.0,1075.15,1081.0,1081.0607422331632,290852,10738,314428679.0,154933.0,53.27,16.85,-9.0,1081.0,1133.5,1102.626,Hold
Infosys,2016-02-17,1082.0,1101.4,1077.0,1095.45,1082.6401221487258,388379,7721,420474688.0,306185.0,78.84,24.4,13.45,1095.45,1131.3175,1103.618,Hold
Infosys,2016-02-18,1097.0,1126.45,1097.0,1122.7,1115.4852468047598,90760,4871,101241441.0,36142.0,39.82,29.45,25.7,1122.7,1131.37,1105.173,Hold
Infosys,2016-02-19,1122.9,1133.25,1114.65,1125.55,1125.439500140185,74901,3834,84296544.0,22393.0,29.9,18.6,2.65,1125.55,1130.8225,1107.097,Hold
Infosys,2016-02-22,1133.0,1133.0,1114.3,1125.3,1127.1840388748717,107010,5195,120619964.0,55930.0,52.27,18.7,-7.7,1125.3,1130.2925,1108.675,Hold
Infosys,2016-02-23,1133.0,1133.0,1117.05,1123.95,1123.5249639430613,79735,4061,89584263.0,16080.0,20.17,15.95,-9.05,1123.95,1129.6075,1110.107,Hold
Infosys,2016-02-24,1123.0,1143.95,1119.0,1125.4,1134.7808309261577,205289,3771,232958022.0,139661.0,68.03,24.95,2.4,1125.4,1128.96,1111.225,Hold
Infosys,2016-02-25,1125.0,1130.4,1102.0,1111.25,1106.3387598664237,289872,3751,320696629.0,20774.0,7.17,28.4,-13.75,1111.25,1127.955,1111.912,Hold
Infosys,2016-02-26,1113.0,1130.75,1113.0,1121.05,1121.440639255198,160687,4966,180200932.0,68711.0,42.76,17.75,8.05,1121.05,1125.7649999999999,1112.425,Hold
Infosys,2016-02-29,1130.0,1130.0,1069.35,1083.75,1098.6421216747328,215509,9375,236767265.0,54063.0,25.09,60.65,-46.25,1083.75,1121.3875,1111.961,Hold
Infosys,2016-03-01,1098.0,1131.0,1089.0,1124.5,1117.6035072982868,126194,5464,141034857.0,37019.0,29.33,42.0,26.5,1124.5,1118.8725,1112.732,Hold
Infosys,2016-03-02,1132.0,1162.0,1125.0,1156.25,1144.5574272203264,198991,9889,227756627.0,49645.0,24.95,37.0,24.25,1156.25,1118.7775,1113.817,Hold
Infosys,2016-03-03,1169.0,1192.9,1155.15,1169.15,1173.6477488356045,197098,7643,231323624.0,66719.0,33.85,37.75,0.15,1169.15,1118.24,1115.528,Hold
Infosys,2016-03-04,1170.0,1184.4,1160.0,1170.55,1172.5884309460682,125974,6178,147715655.0,31022.0,24.63,24.4,0.55,1170.55,1118.02,1116.979,Hold
Infosys,2016-03-08,1170.0,1190.0,1148.0,1163.55,1161.1595583476708,126706,6295,147125883.0,34313.0,27.08,42.0,-6.45,1163.55,1118.7424999999998,1118.333,Hold
Infosys,2016-03-09,1147.0,1183.8,1144.0,1178.5,1169.346214932959,119628,6374,139886549.0,39367.0,32.91,39.8,31.5,1178.5,1122.2024999999999,1119.87,Hold
Infosys,2016-03-10,1164.0,1164.1,1142.95,1145.95,1151.1993367461396,1577978,23877,1816567227.0,262152.0,16.61,21.15,-18.05,1145.95,1123.9924999999998,1120.7140000000002,Hold
Infosys,2016-03-11,1146.0,1156.1,1139.0,1142.5,1147.688569516184,79183,4453,90877424.0,23944.0,30.24,17.1,-3.5,1142.5,1127.06,1121.843,Hold
Infosys,2016-03-14,1150.0,1154.5,1138.0,1140.95,1144.5019634032321,74870,4617,85688862.0,22777.0,30.42,16.5,-9.05,1140.95,1129.9325000000001,1122.5710000000001,Hold
Infosys,2016-03-15,1146.0,1153.9,1129.0,1134.35,1138.9610497346694,75943,3878,86496119.0,33643.0,44.3,24.9,-11.65,1134.35,1132.0825,1123.195,Hold
Infosys,2016-03-16,1139.95,1154.9,1132.05,1152.0,1145.0696602185023,69839,3782,79970520.0,29168.0,41.76,22.85,12.05,1152.0,1135.6325,1124.623,Hold
Infosys,2016-03-17,1156.0,1169.9,1154.0,1160.2,1161.759301476614,67113,4471,77969152.0,23762.0,35.41,15.9,4.2,1160.2,1138.87,1126.3310000000001,Hold
Infosys,2016-03-18,1161.0,1195.8,1161.0,1190.2,1180.1722845179256,148307,7350,175027811.0,54272.0,36.59,34.8,29.2,1190.2,1142.2450000000001,1128.746,Hold
Infosys,2016-03-21,1187.0,1199.0,1180.2,1195.0,1189.7220404459208,120111,6485,142898704.0,47988.0,39.95,18.8,8.0,1195.0,1145.7175,1131.621,Hold
Infosys,2016-03-22,1194.0,1194.0,1172.3,1189.9,1182.1333757520747,106871,4574,126335776.0,36119.0,33.8,21.7,-4.1,1189.9,1148.9475,1134.1660000000002,Hold
Infosys,2016-03-23,1189.0,1212.0,1181.95,1207.75,1199.2593138970844,159976,7268,191852708.0,80503.0,50.32,30.05,18.75,1207.75,1153.1375,1137.179,Hold
Infosys,2016-03-28,1229.95,1234.65,1196.2,1204.7,1214.965202277938,162252,7545,197130534.0,49569.0,30.55,38.45,-25.25,1204.7,1157.1025,1140.272,Hold
Infosys,2016-03-29,1200.0,1217.5,1191.6,1198.95,1206.596246999782,114575,4903,138245765.0,38598.0,33.69,25.9,-1.05,1198.95,1161.4875,1142.604,Hold
Infosys,2016-03-30,1200.0,1209.0,1196.0,1205.8,1203.8393986838253,78561,4846,94574827.0,24438.0,31.11,13.0,5.8,1205.8,1165.725,1144.146,Hold
Infosys,2016-03-31,1210.0,1228.95,1200.6,1217.95,1217.1949189008808,113873,6444,138605637.0,35200.0,30.91,28.35,7.95,1217.95,1172.435,1145.701,Hold
Infosys,2016-04-01,1212.0,1221.8,1197.0,1205.9,1209.2050803743775,123298,11268,149092568.0,40994.0,33.25,24.8,-6.1,1205.9,1176.505,1147.18,Hold
Infosys,2016-04-04,1212.0,1249.9,1212.0,1243.55,1234.5555853920516,119168,8404,147119520.0,49484.0,41.52,37.9,31.55,1243.55,1180.8700000000001,1149.269,Hold
Infosys,2016-04-05,1243.0,1243.0,1215.0,1218.6,1232.1930471873302,246634,5125,303900700.0,30431.0,12.34,28.0,-24.4,1218.6,1183.3425,1151.208,Hold
Infosys,2016-04-06,1224.5,1228.0,1197.0,1201.1,1208.192228009371,103294,6832,124799008.0,32816.0,31.77,31.0,-23.4,1201.1,1184.8700000000001,1152.5,Hold
Infosys,2016-04-07,1212.0,1214.85,1164.0,1181.65,1165.0941645483344,5832025,12730,6794858295.0,5594017.0,95.92,50.85,-30.35,1181.65,1185.775,1153.415,Hold
Infosys,2016-04-08,1175.0,1178.0,1162.05,1167.35,1169.3870117473507,92191,5831,107806958.0,29429.0,31.92,15.95,-7.65,1167.35,1185.2175000000002,1154.009,Hold
Infosys,2016-04-11,1167.0,1187.25,1151.4,1184.4,1170.079447919205,147732,8614,172858177.0,36667.0,24.82,35.85,17.4,1184.4,1187.1399999999999,1154.93,Hold
Infosys,2016-04-12,1185.0,1194.95,1178.6,1182.3,1186.5980755997575,170027,5913,201753711.0,101894.0,59.93,16.35,-2.7,1182.3,1189.13,1155.949,Hold
Infosys,2016-04-13,1194.0,1195.0,1166.5,1172.05,1174.797902802582,801832,21119,941990552.0,581221.0,72.49,28.5,-21.95,1172.05,1190.685,1156.0929999999998,Hold
Infosys,2016-04-18,1245.55,1267.9,1233.45,1238.8,1247.8656929252304,753862,29252,940718527.0,269636.0,35.77,34.45,-6.75,1238.8,1195.9075,1157.443,Hold
Infosys,2016-04-20,1245.0,1249.95,1225.5,1243.25,1237.5670626954088,151925,7815,188017376.0,45239.0,29.78,24.45,-1.75,1243.25,1200.47,1158.812,Hold
Infosys,2016-04-21,1250.0,1250.0,1219.0,1226.4,1228.735295283131,151414,6596,186047726.0,44808.0,29.59,31.0,-23.6,1226.4,1203.7800000000002,1160.177,Hold
Infosys,2016-04-22,1221.0,1229.0,1210.0,1213.85,1216.5984175112144,96304,6191,117163294.0,24970.0,25.93,19.0,-7.15,1213.85,1204.9625,1160.856,Hold
Infosys,2016-04-25,1214.0,1224.45,1201.05,1217.05,1213.1638900280889,129233,6957,156780809.0,43129.0,33.37,23.4,3.05,1217.05,1206.065,1161.698,Hold
Infosys,2016-04-26,1215.0,1239.0,1209.0,1232.95,1227.6753479125248,120720,7283,148204968.0,44939.0,37.23,30.0,17.95,1232.95,1208.2175,1163.375,Hold
Infosys,2016-04-27,1229.9,1242.0,1228.2,1240.0,1236.949671583314,69424,4448,85873994.0,30152.0,43.43,13.8,10.1,1240.0,1209.83,1165.989,Hold
Infosys,2016-04-28,1233.0,1239.9,1210.05,1211.45,1213.3814731319267,517659,6966,628117840.0,31008.0,5.99,29.85,-21.55,1211.45,1210.1675,1168.015,Hold
Infosys,2016-04-29,1212.0,1224.4,1206.0,1210.85,1213.934048280191,93993,5790,114101303.0,24520.0,26.09,18.4,-1.15,1210.85,1210.7625,1170.6090000000002,Hold
Infosys,2016-05-02,1214.0,1214.0,1196.3,1200.65,1201.34658276315,116483,6201,139936454.0,36615.0,31.43,17.7,-13.35,1200.65,1210.505,1172.952,Hold
Infosys,2016-05-03,1200.0,1212.05,1174.3,1180.75,1189.5468225614377,138555,7730,164817660.0,37514.0,27.08,37.75,-19.25,1180.75,1208.645,1174.74,Hold
Infosys,2016-05-04,1191.0,1192.5,1171.55,1189.55,1182.9030430919593,108048,5763,127810308.0,29738.0,27.52,20.95,-1.45,1189.55,1207.8274999999999,1176.911,Hold
Infosys,2016-05-05,1191.0,1199.0,1181.85,1192.45,1188.0271937086093,531520,4047,631460214.0,480536.0,90.41,17.15,1.45,1192.45,1205.2725,1178.8509999999999,Hold
Infosys,2016-05-06,1192.0,1192.0,1176.7,1181.45,1181.8268176935314,73541,4069,86912726.0,28560.0,38.84,15.3,-10.55,1181.45,1203.4150000000002,1180.026,Hold
Infosys,2016-05-09,1190.0,1200.5,1181.55,1199.15,1193.0112889902844,76269,4015,90989778.0,30612.0,40.14,18.95,9.15,1199.15,1203.3174999999999,1181.498,Hold
Infosys,2016-05-10,1200.0,1216.0,1196.4,1212.55,1207.1717851709234,74273,3853,89660270.0,23646.0,31.84,19.6,12.55,1212.55,1204.8625,1183.243,Hold
Infosys,2016-05-11,1205.0,1214.95,1193.0,1201.05,1203.1240209236068,109159,5888,131331815.0,36847.0,33.76,21.95,-3.95,1201.05,1206.5475000000001,1184.785,Hold
Infosys,2016-05-12,1208.95,1212.5,1197.8,1210.2,1206.1654861447032,115768,3517,139635366.0,27306.0,23.59,14.7,1.25,1210.2,1207.8375,1186.481,Hold
Infosys,2016-05-13,1207.0,1209.0,1192.65,1206.7,1202.7140961297173,82888,3972,99690566.0,31583.0,38.1,16.35,-0.3,1206.7,1209.0575,1188.39,Hold
Infosys,2016-05-16,1210.0,1221.75,1208.0,1213.95,1214.9181869870465,80904,4638,98291741.0,27304.0,33.75,13.75,3.95,1213.95,1211.1525,1190.248,Hold
Infosys,2016-05-17,1218.0,1225.0,1210.0,1214.05,1219.621619001454,61890,4748,75482382.0,19670.0,31.78,15.0,-3.95,1214.05,1209.915,1192.854,Hold
Infosys,2016-05-18,1203.5,1213.95,1198.0,1209.75,1204.2065983004377,66017,2803,79498107.0,20631.0,31.25,15.95,6.25,1209.75,1208.24,1194.5590000000002,Hold
Infosys,2016-05-19,1209.0,1215.85,1201.1,1205.35,1208.2882854889212,41837,2344,50551157.0,11271.0,26.94,14.75,-3.65,1205.35,1207.1875,1195.5410000000002,Hold
Infosys,2016-05-20,1204.0,1219.5,1200.05,1201.75,1210.020536581418,49424,3787,59804055.0,19058.0,38.56,19.45,-2.25,1201.75,1206.5825,1196.193,Hold
Infosys,2016-05-23,1201.5,1204.4,1185.55,1190.75,1192.7762340786603,107246,6271,127920480.0,32929.0,30.7,18.85,-10.75,1190.75,1205.2675000000002,1196.597,Hold
Infosys,2016-05-24,1190.0,1194.0,1178.5,1188.2,1184.6722833846625,84747,6426,100397422.0,30576.0,36.08,15.5,-1.8,1188.2,1203.03,1197.09,Hold
Infosys,2016-05-25,1196.0,1212.85,1196.0,1208.85,1208.4759001854538,54461,3082,65814806.0,21721.0,39.88,16.85,12.85,1208.85,1201.4725,1197.697,Hold
Infosys,2016-05-26,1208.0,1236.9,1208.0,1231.65,1224.630685543172,112874,5490,138228964.0,55669.0,49.32,28.9,23.65,1231.65,1202.4824999999998,1199.4109999999998,Hold
Infosys,2016-05-27,1230.0,1256.85,1230.0,1246.4,1247.657528190558,169649,6628,211663852.0,87236.0,51.42,26.85,16.4,1246.4,1204.26,1201.489,Hold
Infosys,2016-05-30,1247.0,1270.0,1244.1,1263.45,1264.1421708440826,132179,8396,167093048.0,53733.0,40.65,25.9,16.45,1263.45,1207.4,1203.9389999999999,Hold
Infosys,2016-05-31,1268.0,1268.0,1239.0,1249.85,1249.1810755989254,72964,4798,91145248.0,15180.0,20.8,29.0,-18.15,1249.85,1210.855,1206.249,Hold
Infosys,2016-06-01,1241.0,1267.5,1241.0,1256.45,1257.6195011234415,87677,4720,110264305.0,37002.0,42.2,26.5,15.45,1256.45,1214.2,1208.338,Hold
Infosys,2016-06-02,1253.0,1274.0,1253.0,1260.25,1264.1516706838695,105795,5250,133740926.0,48457.0,45.8,21.0,7.25,1260.25,1217.59,1210.339,Hold
Infosys,2016-06-03,1264.0,1278.0,1263.45,1266.45,1270.0580187045375,63514,4269,80666465.0,17759.0,27.96,14.55,2.45,1266.45,1221.84,1211.864,Hold
Infosys,2016-06-06,1270.0,1277.25,1260.05,1267.1,1269.307184094975,49192,3135,62439759.0,16219.0,32.97,17.2,-2.9,1267.1,1225.2375,1213.306,Hold
Infosys,2016-06-07,1267.0,1272.0,1255.35,1257.2,1261.1308252098563,295440,13011,372588491.0,180270.0,61.02,16.65,-9.8,1257.2,1227.47,1214.652,Hold
Infosys,2016-06-08,1260.0,1264.95,1236.0,1238.3,1243.881065741139,202263,6836,251591116.0,102116.0,50.49,28.95,-21.7,1238.3,1229.3325,1215.263,Hold
Infosys,2016-06-09,1228.9,1228.9,1181.1,1185.45,1192.9378444092454,495595,25762,591214031.0,223877.0,45.17,47.8,-43.45,1185.45,1228.095,1214.878,Hold
Infosys,2016-06-10,1175.5,1190.0,1170.9,1180.8,1181.3954387352417,247826,11473,292780506.0,100353.0,40.49,19.1,5.3,1180.8,1226.8,1214.515,Hold
Infosys,2016-06-13,1176.0,1185.8,1166.25,1182.55,1176.5835425016253,121513,6349,142970196.0,36782.0,30.27,19.55,6.55,1182.55,1225.23,1214.05,Hold
Infosys,2016-06-14,1183.1,1184.9,1167.75,1175.2,1173.4382765107691,99403,4635,116643285.0,34223.0,34.43,17.15,-7.9,1175.2,1223.2875,1213.195,Hold
Infosys,2016-06-15,1180.0,1191.15,1179.0,1189.2,1184.8687387699777,126892,4726,150350364.0,59985.0,47.27,12.15,9.2,1189.2,1222.26,1212.861,Hold
Infosys,2016-06-16,1193.7,1193.7,1170.5,1186.2,1179.5391194328845,161237,5681,190185349.0,77893.0,48.31,23.2,-7.5,1186.2,1221.3025,1211.714,Hold
Infosys,2016-06-17,1190.0,1191.4,1175.1,1178.3,1179.133429993717,103455,5517,121987249.0,42729.0,41.3,16.3,-11.7,1178.3,1220.1299999999999,1210.9080000000001,Hold
Infosys,2016-06-20,1178.2,1211.9,1177.9,1208.6,1199.5082990426313,144354,7121,173153821.0,72362.0,50.13,34.0,30.4,1208.6,1221.0224999999998,1211.058,Hold
Infosys,2016-06-21,1209.0,1215.0,1196.5,1205.9,1203.441471683063,120352,3874,144836588.0,73827.0,61.34,18.5,-3.1,1205.9,1221.9075,1211.5430000000001,Hold
Infosys,2016-06-22,1197.25,1211.7,1190.0,1198.55,1198.6942821668952,76515,3564,91718093.0,33704.0,44.05,21.7,1.3,1198.55,1221.3925,1212.1670000000001,Hold
Infosys,2016-06-23,1199.9,1214.65,1193.45,1211.55,1202.8566971960863,159955,6162,192402943.0,79139.0,49.48,21.2,11.65,1211.55,1220.3875,1212.71,Hold
Infosys,2016-06-24,1199.0,1199.0,1159.0,1194.5,1186.6857894018328,227077,8734,269469049.0,86988.0,38.31,40.0,-4.5,1194.5,1217.7925,1212.954,Hold
Infosys,2016-06-27,1176.0,1179.8,1160.0,1166.25,1170.7431955671311,192742,8803,225651385.0,80876.0,41.96,19.8,-9.75,1166.25,1212.9325,1212.838,Hold
Infosys,2016-06-28,1166.25,1173.0,1156.0,1161.05,1161.6952165757161,187648,7361,217989784.0,82168.0,43.79,17.0,-5.2,1161.05,1208.4925,1211.2830000000001,Sell
Infosys,2016-06-29,1165.0,1179.35,1161.25,1176.55,1170.315997295244,119789,5447,140190983.0,48224.0,40.26,18.1,11.55,1176.55,1204.4975,1209.9489999999998,Hold
Infosys,2016-06-30,1192.7,1192.7,1168.1,1170.75,1174.9133443617313,145080,6288,170456428.0,72244.0,49.8,24.6,-21.95,1170.75,1200.0225,1208.836,Hold
Infosys,2016-07-01,1180.0,1180.55,1170.0,1172.1,1174.4752047011928,97337,5179,114319893.0,41841.0,42.99,10.55,-7.9,1172.1,1195.3049999999998,1208.001,Hold
Infosys,2016-07-04,1176.0,1194.8,1176.0,1184.25,1186.2228766994253,159245,5680,188900062.0,86085.0,54.06,18.8,8.25,1184.25,1191.1625,1207.345,Hold
Infosys,2016-07-05,1185.0,1185.5,1171.55,1175.45,1177.1116014098743,73198,3924,86162215.0,31913.0,43.6,13.95,-9.55,1175.45,1187.075,1206.195,Hold
Infosys,2016-07-07,1175.45,1175.45,1155.0,1157.2,1160.4199836610076,167697,9614,194598950.0,70120.0,41.81,20.45,-18.25,1157.2,1183.02,1204.539,Hold
Infosys,2016-07-08,1177.2,1177.2,1153.2,1158.75,1161.9923621265027,1305599,4558,1517096066.0,1234536.0,94.56,24.0,-18.45,1158.75,1181.685,1203.485,Hold
Infosys,2016-07-11,1165.0,1178.0,1160.5,1174.85,1169.920709043374,126988,6736,148565891.0,44516.0,35.06,17.5,9.85,1174.85,1181.3875,1202.765,Hold
Infosys,2016-07-12,1174.0,1180.0,1168.0,1176.0,1174.3523912647277,93277,4172,109540068.0,34177.0,36.64,12.0,2.0,1176.0,1181.06,1202.2720000000002,Hold
Infosys,2016-07-13,1180.0,1195.0,1175.1,1193.15,1186.35217723453,132209,7002,156846435.0,54484.0,41.21,19.9,13.15,1193.15,1181.9575,1202.52,Hold
Infosys,2016-07-14,1195.0,1195.05,1165.2,1175.85,1179.0529190794114,243844,10041,287504980.0,79826.0,32.74,29.85,-19.15,1175.85,1181.29,1202.246,Hold
Infosys,2016-07-15,1186.35,1195.0,1058.3,1072.25,1086.32539434568,2710883,121133,2944901044.0,1008017.0,37.18,136.7,-114.1,1072.25,1175.5925,1199.842,Hold
Infosys,2016-07-18,1075.0,1084.45,1056.0,1081.7,1070.6745872815327,949800,24398,1016926723.0,580374.0,61.1,28.45,6.7,1081.7,1170.7625,1197.847,Hold
Infosys,2016-07-19,1086.5,1089.0,1075.0,1086.3,1081.967326969593,693722,9889,750584538.0,518618.0,74.76,14.0,-0.2,1086.3,1164.6475,1195.59,Hold
Infosys,2016-07-20,1071.0,1089.5,1070.0,1083.05,1081.9120904857157,260461,9808,281795905.0,125011.0,48.0,19.5,12.05,1083.05,1158.5049999999999,1193.0,Hold
Infosys,2016-07-21,1080.0,1087.0,1075.5,1080.35,1081.8979225583025,966766,7620,1045942127.0,853037.0,88.24,11.5,0.35,1080.35,1152.595,1190.586,Hold
Infosys,2016-07-22,1075.0,1077.45,1067.0,1072.65,1070.8022790187508,229748,10060,246014682.0,112734.0,49.07,10.45,-2.35,1072.65,1145.65,1187.835,Hold
Infosys,2016-07-25,1065.0,1083.0,1065.0,1080.5,1074.0260901925267,223034,7590,239544335.0,95790.0,42.95,18.0,15.5,1080.5,1139.95,1185.311,Hold
Infosys,2016-07-26,1080.0,1089.8,1074.0,1088.8,1086.6087571688877,238182,6081,258810647.0,152903.0,64.2,15.8,8.8,1088.8,1136.0775,1182.808,Hold
Infosys,2016-07-27,1088.7,1097.1,1080.0,1087.55,1085.6293588196593,375417,10468,407563717.0,179348.0,47.77,17.1,-1.15,1087.55,1132.4025,1180.2779999999998,Hold
Infosys,2016-07-28,1087.55,1087.55,1076.05,1079.2,1079.5710323993655,331025,6205,357365001.0,231709.0,70.0,11.5,-8.35,1079.2,1127.535,1177.667,Hold
Infosys,2016-07-29,1078.0,1078.0,1067.0,1073.95,1073.1032503984452,240309,5846,257876369.0,147145.0,61.23,11.0,-4.05,1073.95,1122.695,1175.039,Hold
Infosys,2016-08-01,1074.0,1087.5,1069.0,1085.0,1078.6244173963144,291579,11537,314504229.0,133150.0,45.67,18.5,11.0,1085.0,1118.34,1172.704,Hold
Infosys,2016-08-02,1089.9,1089.9,1076.05,1084.3,1081.2531331639227,196367,7478,212322434.0,105949.0,53.95,13.85,-5.6,1084.3,1113.3425000000002,1170.575,Hold
Infosys,2016-08-03,1085.0,1087.25,1072.0,1085.0,1081.05618753656,160694,6230,173719243.0,65917.0,41.02,15.25,0.0,1085.0,1108.8200000000002,1168.511,Hold
Infosys,2016-08-04,1090.0,1090.0,1070.0,1072.15,1076.335799341758,208434,7333,224344976.0,110033.0,52.79,20.0,-17.85,1072.15,1104.5674999999999,1165.777,Hold
Infosys,2016-08-05,1065.0,1074.0,1051.0,1067.4,1066.7891060797824,234663,10329,250335932.0,97804.0,41.68,23.0,2.4,1067.4,1100.0,1162.492,Hold
Infosys,2016-08-08,1068.0,1082.6,1061.65,1078.8,1068.2869832586528,1039761,5176,1110763142.0,954021.0,91.75,20.95,10.8,1078.8,1095.1975,1159.14,Hold
Infosys,2016-08-09,1079.0,1084.25,1071.55,1081.5,1079.813944970258,136508,5687,147403242.0,51640.0,37.83,12.7,2.5,1081.5,1090.4725,1155.501,Hold
Infosys,2016-08-10,1079.9,1086.05,1075.05,1079.95,1080.297270526084,127204,4876,137418134.0,43077.0,33.86,11.0,0.05,1079.95,1084.8125,1152.1029999999998,Hold
Infosys,2016-08-11,1081.9,1094.0,1075.8,1077.1,1079.9902654571656,209563,4405,226326000.0,139330.0,66.49,18.2,-4.8,1077.1,1079.875,1148.516,Hold
Infosys,2016-08-12,1075.0,1078.85,1060.0,1063.3,1068.4102500086092,232312,9771,248204522.0,133076.0,57.28,18.85,-11.7,1063.3,1079.4275,1144.577,Hold
Infosys,2016-08-16,1042.0,1058.0,1027.6,1050.95,1046.0024614399574,331107,13379,346338737.0,90320.0,27.28,30.4,8.95,1050.95,1077.8899999999999,1140.267,Hold
Infosys,2016-08-17,1046.0,1051.9,1030.5,1033.4,1038.2023439110335,203762,9194,211546186.0,88470.0,43.42,21.4,-12.6,1033.4,1075.2450000000001,1135.5929999999998,Hold
Infosys,2016-08-18,1035.0,1044.8,1022.95,1024.3,1029.571643051107,229792,8816,236587327.0,134661.0,58.6,21.85,-10.7,1024.3,1072.3075000000001,1130.935,Hold
Infosys,2016-08-19,1026.5,1038.9,1019.0,1021.1,1025.7331241029156,186716,8145,191520786.0,81923.0,43.88,19.9,-5.4,1021.1,1069.3449999999998,1126.591,Hold
Infosys,2016-08-22,1021.1,1030.0,1009.2,1015.4,1014.7899284127376,210652,9146,213767528.0,106929.0,50.76,20.8,-5.7,1015.4,1066.4825,1123.19,Hold
Infosys,2016-08-23,1016.45,1041.0,1016.45,1039.25,1034.4335425132451,233292,9278,241325070.0,86103.0,36.91,24.55,22.8,1039.25,1064.42,1120.359,Hold
Infosys,2016-08-24,1045.0,1061.95,1045.0,1057.55,1055.8076768985065,182209,8748,192377661.0,78951.0,43.33,16.95,12.55,1057.55,1062.8574999999998,1117.8590000000002,Hold
Infosys,2016-08-25,1058.0,1058.0,1032.3,1036.55,1043.60979196257,119690,5422,124909656.0,44285.0,37.0,25.7,-21.45,1036.55,1060.3075,1115.086,Hold
Infosys,2016-08-26,1037.0,1046.0,1017.1,1020.75,1029.4724921417956,181021,9968,186356140.0,68139.0,37.64,28.9,-16.25,1020.75,1057.3849999999998,1111.7169999999999,Hold
Infosys,2016-08-29,1020.0,1028.0,1011.8,1022.25,1018.8592604399108,200768,7538,204554336.0,63950.0,31.85,16.2,2.25,1022.25,1054.8,1108.438,Hold
Infosys,2016-08-30,1037.0,1055.1,1024.8,1041.0,1036.5877066877445,188509,6914,195406112.0,52845.0,28.03,30.3,4.0,1041.0,1052.6,1105.692,Hold
Infosys,2016-08-31,1041.5,1046.0,1030.6,1036.8,1038.4122684817264,213914,7548,222130922.0,63507.0,29.69,15.4,-4.7,1036.8,1050.225,1102.256,Hold
Infosys,2016-09-01,1036.0,1039.9,1032.25,1037.65,1035.9500418643595,103907,3624,107642461.0,43386.0,41.75,7.65,1.65,1037.65,1047.8574999999998,1098.891,Hold
Infosys,2016-09-02,1037.0,1039.0,1026.8,1031.05,1032.009458313148,1044478,3507,1077911175.0,980415.0,93.87,12.2,-5.95,1031.05,1045.8025,1095.541,Hold
Infosys,2016-09-06,1040.0,1048.9,1035.0,1045.1,1044.7415677706897,286075,5025,298874444.0,189944.0,66.4,13.9,5.1,1045.1,1044.6875,1092.212,Hold
Infosys,2016-09-07,1045.0,1058.5,1043.5,1055.0,1054.5890077116117,262202,6841,276515347.0,178142.0,67.94,15.0,10.0,1055.0,1043.4975,1089.422,Hold
Infosys,2016-09-08,1048.0,1050.0,1025.0,1037.9,1033.6960385914272,556393,12109,575141240.0,391861.0,70.43,25.0,-10.1,1037.9,1041.3174999999999,1086.855,Hold
Infosys,2016-09-09,1038.0,1040.75,1027.65,1036.0,1034.44136427415,231625,6604,239602481.0,148562.0,64.14,13.1,-2.0,1036.0,1039.12,1084.354,Hold
Infosys,2016-09-12,1028.0,1057.2,1026.0,1054.0,1053.0645780199975,300737,8144,316695482.0,202299.0,67.27,31.2,26.0,1054.0,1037.965,1081.903,Hold
Infosys,2016-09-14,1055.0,1057.3,1043.0,1047.1,1052.830327549354,392521,6075,413258013.0,309494.0,78.85,14.3,-7.9,1047.1,1037.1550000000002,1079.43,Hold
Infosys,2016-09-15,1048.0,1054.8,1036.05,1041.35,1039.3331773608113,149599,4770,155483204.0,65922.0,44.07,18.75,-6.65,1041.35,1036.675,1076.815,Hold
Infosys,2016-09-16,1051.0,1064.15,1038.0,1060.35,1049.0916430951643,206464,6204,216599657.0,97695.0,47.32,26.15,9.35,1060.35,1038.0224999999998,1074.337,Hold
Infosys,2016-09-19,1050.0,1068.65,1043.0,1061.15,1053.9488167999232,645622,6710,680452543.0,538783.0,83.45,25.65,11.15,1061.15,1039.865,1072.0510000000002,Hold
Infosys,2016-09-20,1054.0,1057.25,1046.5,1050.35,1050.1221489654858,87819,3471,92220677.0,42407.0,48.29,10.75,-3.65,1050.35,1041.3275,1069.914,Hold
Infosys,2016-09-21,1051.0,1060.25,1051.0,1056.7,1056.4565435525192,93680,3459,98968849.0,42188.0,45.03,9.25,5.7,1056.7,1043.3925,1067.873,Hold
Infosys,2016-09-22,1056.0,1060.65,1051.6,1058.5,1057.2272623595825,70148,2822,74162378.0,26425.0,37.67,9.05,2.5,1058.5,1044.355,1065.5459999999998,Hold
Infosys,2016-09-23,1059.0,1059.85,1040.0,1043.0,1049.0042557435913,90231,4003,94652703.0,43613.0,48.33,19.85,-16.0,1043.0,1043.6275,1062.886,Hold
Infosys,2016-09-26,1041.0,1043.0,1031.4,1035.7,1038.0902602911456,740248,4188,768444239.0,687667.0,92.9,11.6,-5.3,1035.7,1043.585,1059.737,Hold
Infosys,2016-09-27,1035.7,1049.55,1035.0,1040.45,1043.776961643546,179709,5909,187576114.0,76437.0,42.53,14.55,4.75,1040.45,1044.5700000000002,1057.029,Hold
Infosys,2016-09-28,1040.0,1041.8,1034.0,1038.6,1037.7550234073547,179858,3205,186648543.0,122794.0,68.27,7.8,-1.4,1038.6,1045.3875,1056.356,Hold
Infosys,2016-09-29,1041.0,1044.0,1024.0,1029.9,1031.6047270658169,346219,7076,357161157.0,213617.0,61.7,20.0,-11.1,1029.9,1044.8325,1055.32,Hold
Infosys,2016-09-30,1031.0,1043.85,1031.0,1038.1,1039.019427486094,221130,4979,229758366.0,147912.0,66.89,12.85,7.1,1038.1,1044.8974999999998,1054.356,Hold
Infosys,2016-10-03,1038.1,1040.8,1026.5,1037.85,1034.1296223446104,91512,3873,94635270.0,31924.0,34.89,14.3,-0.25,1037.85,1044.9075,1053.452,Hold
Infosys,2016-10-04,1040.0,1051.1,1038.0,1048.8,1044.6009568159493,109948,3490,114851786.0,42816.0,38.94,13.1,8.8,1048.8,1045.795,1052.8210000000001,Hold
Infosys,2016-10-05,1048.7,1049.5,1037.0,1041.15,1040.8010517090272,63896,2527,66503024.0,26705.0,41.79,12.5,-7.55,1041.15,1045.5974999999999,1052.191,Hold
Infosys,2016-10-06,1041.0,1041.15,1025.0,1026.65,1030.396215755728,111515,4454,114904634.0,56934.0,51.06,16.15,-14.35,1026.65,1044.1799999999998,1051.114,Hold
Infosys,2016-10-07,1030.0,1032.75,1010.05,1012.65,1018.8947757979952,387753,11376,395079506.0,276000.0,71.18,22.7,-17.35,1012.65,1042.9175,1049.591,Hold
Infosys,2016-10-10,1014.55,1032.0,1010.0,1029.55,1022.286472161322,207535,6966,212160223.0,92054.0,44.36,22.0,15.0,1029.55,1042.595,1048.431,Hold
Infosys,2016-10-13,1029.45,1057.5,1024.55,1052.05,1047.970025135796,350894,9471,367726394.0,134460.0,38.32,32.95,22.6,1052.05,1042.4975,1047.888,Hold
Infosys,2016-10-14,1060.0,1080.7,996.15,1027.4,1035.2097380233956,1856578,42801,1921947625.0,791789.0,42.65,84.55,-32.6,1027.4,1041.5125,1046.9569999999999,Hold
Infosys,2016-10-17,1036.0,1041.75,1017.9,1022.05,1028.0023222296827,233827,8629,240374699.0,93653.0,40.05,23.85,-13.95,1022.05,1040.5475000000001,1045.698,Hold
Infosys,2016-10-18,1030.0,1039.9,1027.4,1038.2,1035.0747247565496,139967,5244,144876304.0,70595.0,50.44,12.5,8.2,1038.2,1039.44,1044.7759999999998,Hold
Infosys,2016-10-19,1042.0,1045.05,1035.0,1041.6,1041.935230019416,126185,4395,131476597.0,57116.0,45.26,10.05,-0.4,1041.6,1038.4625,1043.9080000000001,Hold
Infosys,2016-10-20,1041.1,1049.95,1035.0,1036.95,1039.8108680773666,106661,5482,110907267.0,52538.0,49.26,14.95,-4.15,1036.95,1037.7925,1043.204,Hold
Infosys,2016-10-21,1035.0,1041.0,1025.05,1038.1,1036.076456724216,70432,2770,72972937.0,29573.0,41.99,15.95,3.1,1038.1,1036.8625,1042.618,Hold
Infosys,2016-10-24,1040.0,1042.0,1027.0,1029.0,1032.6644516086585,75995,5015,78477335.0,29795.0,39.21,15.0,-11.0,1029.0,1035.3875,1041.622,Hold
Infosys,2016-10-25,1029.9,1035.9,1015.5,1017.35,1022.1925347299276,112655,5077,115155100.0,57724.0,51.24,20.4,-12.55,1017.35,1034.105,1040.339,Hold
Infosys,2016-10-26,1020.0,1020.6,1010.1,1014.85,1013.8442996742672,142755,6234,144731343.0,62164.0,43.55,10.5,-5.15,1014.85,1033.0625,1039.037,Hold
Infosys,2016-10-27,1015.9,1019.8,1004.35,1006.15,1009.3826071255633,121843,6937,122986205.0,46674.0,38.31,15.45,-9.75,1006.15,1031.3475,1037.618,Hold
Infosys,2016-10-28,1007.0,1009.8,994.0,997.45,998.9293319649107,236769,10368,236515499.0,98985.0,41.81,15.8,-9.55,997.45,1029.29,1036.3010000000002,Hold
Infosys,2016-10-30,1001.0,1006.45,1000.0,1002.5,1002.7070155210644,56375,3298,56527608.0,37209.0,66.0,6.45,1.5,1002.5,1027.9199999999998,1035.3319999999999,Hold
Infosys,2016-11-01,1009.85,1009.85,986.0,988.85,992.5909329697952,230329,8919,228622477.0,158942.0,69.01,23.85,-21.0,988.85,1025.4575,1034.441,Hold
Infosys,2016-11-02,988.0,988.0,980.0,981.1,983.0953156073293,141299,6832,138910385.0,59793.0,42.32,8.0,-6.9,981.1,1022.6199999999999,1033.577,Hold
Infosys,2016-11-03,984.5,984.5,965.1,966.9,972.2788567608224,209405,10057,203600054.0,107221.0,51.2,19.4,-17.6,966.9,1018.525,1032.493,Hold
Infosys,2016-11-04,966.9,978.85,962.0,970.8,970.7150475797256,203448,7934,197490035.0,89256.0,43.87,16.85,3.9,970.8,1015.0074999999999,1031.601,Hold
Infosys,2016-11-07,982.25,990.0,975.6,978.75,981.0815402781423,106708,4997,104689249.0,53480.0,50.12,14.4,-3.5,978.75,1012.6125,1030.391,Hold
Infosys,2016-11-08,986.05,990.0,970.95,982.8,979.1530063560042,147105,6390,144038303.0,65694.0,44.66,19.05,-3.25,982.8,1011.1199999999999,1028.896,Hold
Infosys,2016-11-09,940.0,973.7,900.3,955.85,946.7835178291537,408320,19062,386590646.0,133145.0,32.61,73.4,15.85,955.85,1007.4350000000001,1027.282,Hold
Infosys,2016-11-10,961.05,965.2,935.0,938.6,945.464910406413,271448,11185,256644559.0,128357.0,47.29,30.2,-22.45,938.6,1001.7625,1025.6390000000001,Hold
Infosys,2016-11-11,940.0,942.0,919.0,921.85,928.6731723606947,215606,8403,200227508.0,88866.0,41.22,23.0,-18.15,921.85,996.4849999999999,1023.6310000000001,Hold
Infosys,2016-11-15,922.0,938.0,909.55,924.75,925.4449177312212,244625,10252,226386963.0,113620.0,46.45,28.45,2.75,924.75,991.6199999999999,1021.306,Hold
Infosys,2016-11-16,926.1,956.7,926.1,940.1,944.9291250534442,182434,7726,172387200.0,70673.0,38.74,30.6,14.0,940.1,986.7149999999999,1019.372,Hold
Infosys,2016-11-17,934.8,949.0,926.25,929.55,936.9299777158365,135971,5445,127395306.0,50258.0,36.96,22.75,-5.25,929.55,981.1125,1017.21,Hold
Infosys,2016-11-18,929.8,932.9,918.0,919.8,925.8750059913533,104317,4647,96584503.0,44330.0,42.5,14.9,-10.0,919.8,975.2549999999999,1014.985,Hold
Infosys,2016-11-21,930.9,930.9,906.75,911.15,918.9678832888842,132361,4760,121635508.0,54822.0,41.42,24.15,-19.75,911.15,968.9075,1012.306,Hold
Infosys,2016-11-22,921.75,928.0,912.0,913.95,919.2707543886784,103448,5352,95096721.0,43403.0,41.96,16.0,-7.8,913.95,963.1550000000001,1009.485,Hold
Infosys,2016-11-23,924.0,924.0,913.2,920.5,918.8275570089635,171245,4296,157344625.0,103186.0,60.26,10.8,-3.5,920.5,958.3125,1007.137,Hold
Infosys,2016-11-24,923.3,940.0,922.9,932.7,935.0858647075432,350633,6231,327871962.0,243593.0,69.47,17.1,9.4,932.7,954.2049999999999,1005.071,Hold
Infosys,2016-11-25,930.3,984.9,930.3,977.3,969.7134162943842,396652,13551,384638766.0,109572.0,27.62,54.6,47.0,977.3,952.7625,1003.5369999999999,Hold
Infosys,2016-11-28,994.8,994.8,970.65,979.65,978.912122978328,375741,5017,367817420.0,251288.0,66.88,24.15,-15.15,979.65,951.8725000000001,1002.188,Hold
Infosys,2016-11-29,983.0,983.45,967.4,972.65,976.2854918599992,109828,3997,107223483.0,31220.0,28.43,16.05,-10.35,972.65,950.3800000000001,1000.814,Hold
Infosys,2016-11-30,970.0,977.5,962.0,975.45,970.6724891446323,141635,3731,137481198.0,73028.0,51.56,15.5,5.45,975.45,949.71,999.1159999999999,Hold
Infosys,2016-12-01,976.0,984.0,969.45,976.05,974.7992837294222,99683,3299,97170917.0,44201.0,44.34,14.55,0.05,976.05,949.4575000000001,997.414,Hold
Infosys,2016-12-02,969.0,969.9,961.0,964.1,966.3287839528234,89536,3004,86521214.0,20779.0,23.21,8.9,-4.9,964.1,949.3174999999999,995.689,Hold
Infosys,2016-12-05,965.0,968.2,957.9,961.4,962.4544120729408,85878,3095,82653660.0,22231.0,25.89,10.3,-3.6,961.4,948.8475000000001,993.783,Hold
Infosys,2016-12-06,966.5,978.7,962.7,966.95,971.9481815999785,112489,2746,109333479.0,67242.0,59.78,16.0,0.45,966.95,948.2575,991.952,Hold
Infosys,2016-12-07,967.2,972.6,960.9,966.6,966.9157180580945,123075,4257,119003152.0,55746.0,45.29,11.7,-0.6,966.6,947.4475,990.4240000000001,Hold
Infosys,2016-12-08,966.6,987.8,966.6,984.75,982.5656910493325,85826,3872,84329683.0,34954.0,40.73,21.2,18.15,984.75,948.8924999999999,989.405,Hold
Infosys,2016-12-09,986.5,1007.05,983.0,987.35,994.9062401545859,190444,6546,189473924.0,49971.0,26.24,24.05,0.85,987.35,951.3299999999999,988.3430000000001,Hold
Infosys,2016-12-12,981.0,981.5,965.45,977.5,973.6695779540764,183653,3508,178817339.0,101684.0,55.37,16.05,-3.5,977.5,954.1125,987.1210000000001,Hold
Infosys,2016-12-13,977.0,991.85,973.5,990.05,983.727762597376,117842,3749,115924447.0,63391.0,53.79,18.35,13.05,990.05,957.3775000000002,986.324,Hold
Infosys,2016-12-14,991.55,1004.0,984.0,999.05,998.2541861982313,331088,7385,330509982.0,178106.0,53.79,20.0,7.5,999.05,960.325,985.543,Hold
Infosys,2016-12-15,997.9,1018.9,990.0,993.25,1007.512743830674,259145,9415,261091890.0,87531.0,33.78,28.9,-4.65,993.25,963.51,984.6510000000001,Hold
Infosys,2016-12-16,999.2,1009.0,998.0,1004.2,1003.9107714688688,112733,4206,113173873.0,30982.0,27.48,11.0,5.0,1004.2,967.7300000000001,983.7589999999999,Hold
Infosys,2016-12-19,1005.0,1006.05,994.2,1002.2,1000.688097350108,80041,2766,80096076.0,32867.0,41.06,11.85,-2.8,1002.2,972.2824999999999,982.98,Hold
Infosys,2016-12-20,998.0,1018.95,998.0,1010.4,1012.7647546701807,129010,5290,130656781.0,59933.0,46.46,20.95,12.4,1010.4,977.1049999999999,982.655,Hold
Infosys,2016-12-21,1015.0,1020.95,1001.05,1003.7,1013.748913588856,117589,6125,119205721.0,45394.0,38.6,19.9,-11.3,1003.7,981.265,982.4760000000001,Hold
Infosys,2016-12-22,1002.9,1006.9,970.2,985.2,991.8988302734526,348543,6883,345719394.0,242380.0,69.54,36.7,-17.7,985.2,983.8900000000001,981.5889999999999,Buy
Infosys,2016-12-23,981.35,1006.6,975.0,989.3,990.2709870118115,154679,7093,153174126.0,50491.0,32.64,31.6,7.95,989.3,984.49,980.334,Hold
Infosys,2016-12-26,989.0,993.85,976.0,983.0,984.1228329064112,107748,3810,106037267.0,49236.0,45.7,17.85,-6.0,983.0,984.6575,979.446,Hold
Infosys,2016-12-27,983.1,1002.9,982.25,999.25,995.6129506934907,132518,3821,131936637.0,74938.0,56.55,20.65,16.15,999.25,985.9875,978.99,Hold
Infosys,2016-12-28,999.5,1009.75,995.2,999.15,1001.3385738882884,452433,6060,453038615.0,372428.0,82.32,14.55,-0.35,999.15,987.1724999999999,978.2090000000001,Hold
Infosys,2016-12-29,1000.0,1007.45,986.4,994.1,996.4570624375776,165205,5688,164619689.0,97135.0,58.8,21.05,-5.9,994.1,988.075,977.2589999999999,Hold
Infosys,2016-12-30,995.25,1012.0,993.0,1010.7,1004.059467753272,217681,7180,218564669.0,100226.0,46.04,19.0,15.45,1010.7,990.4050000000001,976.7339999999999,Hold
Infosys,2017-01-02,1012.0,1013.1,1000.0,1001.6,1005.4118498853626,74583,3017,74986632.0,24385.0,32.7,13.1,-10.4,1001.6,992.415,976.0040000000001,Hold
Infosys,2017-01-03,1002.35,1005.9,980.8,994.65,991.5495731950728,418341,8769,414805840.0,251027.0,60.01,25.1,-7.7,994.65,993.8,975.317,Hold
Infosys,2017-01-04,994.6,1003.3,993.7,998.3,999.2279781864512,142847,3795,142736719.0,81600.0,57.12,9.6,3.7,998.3,995.385,974.936,Hold
Infosys,2017-01-05,999.0,1009.0,989.1,996.4,999.357101838959,520675,6097,520340259.0,448326.0,86.1,19.9,-2.6,996.4,995.9675,974.567,Hold
Infosys,2017-01-06,993.0,998.95,968.45,971.45,971.7317883666782,887743,16337,862648093.0,670566.0,75.54,30.5,-21.55,971.45,995.1725,973.873,Hold
Infosys,2017-01-09,974.0,976.85,965.0,970.55,969.455547605901,257174,5672,249318761.0,147901.0,57.51,11.85,-3.45,970.55,994.825,973.335,Hold
Infosys,2017-01-10,976.25,980.95,968.0,970.6,974.0760894980322,457619,12589,445755726.0,370235.0,80.9,12.95,-5.65,970.6,993.8525,972.697,Hold
Infosys,2017-01-11,978.0,978.0,964.0,969.0,968.11583539018,193257,8497,187095162.0,100293.0,51.9,14.0,-9.0,969.0,992.35,972.3,Hold
Infosys,2017-01-12,972.25,1004.4,972.25,1000.05,991.3684964528712,261761,8578,259501609.0,134210.0,51.27,32.15,27.8,1000.05,992.6899999999999,972.6790000000001,Hold
Infosys,2017-01-13,1026.35,1045.0,964.0,975.15,991.2959509157891,1266558,46053,1255533817.0,337431.0,26.64,81.0,-51.2,975.15,991.2375,972.8439999999999,Hold
Infosys,2017-01-16,965.0,965.5,952.5,955.7,959.0375402411743,274905,10340,263644215.0,107305.0,39.03,13.0,-9.3,955.7,988.9125,972.5419999999999,Hold
Infosys,2017-01-17,959.8,964.75,954.0,956.05,958.0298175134067,211084,7596,202224766.0,119137.0,56.44,10.75,-3.75,956.05,986.195,972.0879999999999,Hold
Infosys,2017-01-18,958.0,961.0,950.0,950.9,954.9145231204898,161026,6159,153766066.0,89402.0,55.52,11.0,-7.1,950.9,983.555,971.45,Hold
Infosys,2017-01-19,951.0,960.3,949.6,958.55,953.6532130849198,284633,6358,271441175.0,155807.0,54.74,10.7,7.55,958.55,982.2224999999999,971.5040000000001,Hold
Infosys,2017-01-20,953.0,955.0,946.0,948.8,948.9306711664435,221048,7143,209759227.0,137889.0,62.38,9.0,-4.2,948.8,980.1975,971.7079999999999,Hold
Infosys,2017-01-23,947.0,957.5,939.5,951.75,952.8735307229152,177213,5621,168861577.0,65815.0,37.14,18.0,4.75,951.75,978.635,972.3059999999999,Hold
Infosys,2017-01-24,952.85,953.0,940.15,945.1,944.1284984239182,125628,4486,118608975.0,47025.0,37.43,12.85,-7.75,945.1,975.9275,972.7130000000001,Hold
Infosys,2017-01-25,948.75,950.0,935.0,936.65,940.312188887394,222990,7921,209680215.0,114548.0,51.37,15.0,-12.1,936.65,972.8025000000001,972.6439999999999,Hold
Infosys,2017-01-27,935.0,948.0,926.4,942.15,939.6034983140845,319411,9202,300119693.0,149270.0,46.73,21.6,7.15,942.15,970.2049999999999,972.896,Sell
Infosys,2017-01-30,938.7,951.9,929.65,948.35,942.5359019406729,492355,9028,464062264.0,326516.0,66.32,22.25,9.65,948.35,967.0875,973.467,Hold
Infosys,2017-01-31,943.9,947.0,905.0,929.3,922.8279196881225,870855,23940,803649308.0,428687.0,49.23,42.0,-14.6,929.3,963.4725000000001,973.83,Hold
Infosys,2017-02-01,921.9,923.2,906.0,916.55,913.281326042256,334107,12496,305133684.0,97689.0,29.24,17.2,-5.35,916.55,959.5674999999999,973.8820000000001,Hold
Infosys,2017-02-02,916.0,945.2,911.0,935.35,930.7411036988934,457353,10478,425677236.0,202259.0,44.22,34.2,19.35,935.35,956.4199999999998,974.1790000000001,Hold
Infosys,2017-02-03,934.0,940.7,921.5,934.95,929.5020232025421,338325,8565,314473772.0,82890.0,24.5,19.2,0.95,934.95,953.3475000000001,974.2239999999999,Hold
Infosys,2017-02-06,939.0,941.65,931.0,934.45,935.6785432546883,206625,5051,193334579.0,108079.0,52.31,10.65,-4.55,934.45,951.4975000000001,973.3670000000001,Hold
Infosys,2017-02-07,934.9,949.4,929.05,944.75,940.1551923349001,254452,6701,239224369.0,92164.0,36.22,20.35,9.85,944.75,950.2075000000001,972.6690000000001,Hold
Infosys,2017-02-08,940.0,943.95,932.35,936.45,936.8501523722,189339,6417,177382271.0,58869.0,31.09,11.6,-3.55,936.45,948.5,971.945,Hold
Infosys,2017-02-09,936.0,949.9,936.0,948.1,944.444387994254,330675,7828,312304148.0,203916.0,61.67,13.9,12.1,948.1,947.4549999999999,971.398,Hold
Infosys,2017-02-10,945.0,971.8,944.0,968.05,965.6016973395632,1185031,10423,1144267945.0,834603.0,70.43,27.8,23.05,968.05,945.8549999999999,971.238,Hold
Infosys,2017-02-13,975.0,985.0,963.1,983.5,977.6102254717581,473230,9927,462634487.0,253287.0,53.52,21.9,8.5,983.5,946.2724999999998,971.6260000000001,Hold
Infosys,2017-02-14,982.55,988.5,972.7,987.3,979.3259006167998,503405,5234,492997555.0,389767.0,77.43,15.8,4.75,987.3,947.8525000000002,972.1439999999999,Hold
Infosys,2017-02-15,982.15,998.0,969.9,982.35,982.0558727638512,294759,9185,289469807.0,99709.0,33.83,28.1,0.2,982.35,949.1674999999999,972.4520000000001,Hold
Infosys,2017-02-16,992.0,1014.8,990.0,1011.9,1004.1056519135558,374068,13770,375603793.0,174289.0,46.59,24.8,19.9,1011.9,952.2175000000001,973.3579999999998,Hold
Infosys,2017-02-17,1011.9,1012.05,993.4,999.7,1001.11161320623,157562,5772,157737148.0,35300.0,22.4,18.65,-12.2,999.7,954.275,973.6569999999999,Hold
Infosys,2017-02-20,998.9,1028.1,993.5,1011.7,1004.807336506468,134042,4404,134686385.0,46850.0,34.95,34.6,12.8,1011.7,957.4199999999998,974.1439999999999,Hold
Infosys,2017-02-21,1020.0,1024.8,1000.1,1012.95,1015.1849747594468,263663,5381,267666716.0,62642.0,23.76,24.7,-7.05,1012.95,960.4799999999999,974.8530000000001,Hold
Infosys,2017-02-22,1012.7,1015.0,988.25,991.85,995.4248216276816,164123,7235,163372108.0,57989.0,35.33,26.75,-20.85,991.85,962.8174999999999,974.8890000000001,Hold
Infosys,2017-02-23,991.0,1019.9,991.0,1009.05,1009.9032922525598,201473,7970,203468246.0,64010.0,31.77,28.9,18.05,1009.05,966.4375,975.0889999999999,Hold
Infosys,2017-02-27,1005.5,1022.45,1005.5,1012.75,1017.119494197575,153815,7666,156448235.0,64491.0,41.93,16.95,7.25,1012.75,969.9675000000001,975.4789999999999,Hold
Infosys,2017-02-28,1011.0,1021.85,1009.0,1012.3,1015.10829458898,80872,3349,82093838.0,28908.0,35.75,12.85,1.3,1012.3,973.165,975.6410000000001,Hold
Infosys,2017-03-01,1014.6,1026.2,1011.8,1025.0,1023.5450258694086,152690,6736,156285090.0,57880.0,37.91,14.4,10.4,1025.0,977.95,976.097,Buy
Infosys,2017-03-02,1025.0,1027.9,1016.1,1020.65,1023.1421355671496,96218,3676,98444690.0,26290.0,27.32,11.8,-4.35,1020.65,983.155,976.302,Hold
Infosys,2017-03-03,1010.1,1034.25,1000.5,1031.15,1019.0984024290802,186408,8606,189968095.0,66027.0,35.42,33.75,21.05,1031.15,987.945,976.8510000000001,Hold
Infosys,2017-03-06,1019.8,1035.9,1018.0,1033.85,1029.1597071723427,155040,5552,159560921.0,53860.0,34.74,17.9,14.05,1033.85,992.8900000000001,977.8240000000001,Hold
Infosys,2017-03-07,1024.0,1025.5,1015.0,1019.7,1019.8708251720154,119466,5266,121839888.0,55684.0,46.61,10.5,-4.3,1019.7,997.1524999999999,978.432,Hold
Infosys,2017-03-08,1020.0,1020.0,1004.25,1007.25,1010.0387279541054,112606,3843,113736421.0,44246.0,39.29,15.75,-12.75,1007.25,1000.2774999999999,978.9169999999999,Hold
Infosys,2017-03-09,1007.25,1013.0,999.0,1011.6,1008.3804399653228,92280,4437,93053347.0,30869.0,33.45,14.0,4.35,1011.6,1004.0350000000001,979.164,Hold
Infosys,2017-03-10,1011.7,1027.5,1011.7,1020.1,1020.4731516133784,169675,4365,173148782.0,117882.0,69.48,15.8,8.4,1020.1,1007.635,979.5830000000001,Hold
Infosys,2017-03-14,1032.5,1041.75,1023.65,1035.0,1034.334008886578,169244,5643,175054825.0,87866.0,51.92,18.1,2.5,1035.0,1010.9825000000001,980.4010000000001,Hold
Infosys,2017-03-15,1035.0,1035.0,1008.0,1012.1,1015.186140490474,111851,5505,113549585.0,39336.0,35.17,27.0,-22.9,1012.1,1012.4125000000001,980.4290000000001,Hold
Infosys,2017-03-16,1012.0,1032.0,1012.0,1028.5,1024.6393636055902,103395,4234,105942587.0,47360.0,45.8,20.0,16.5,1028.5,1014.4724999999999,980.967,Hold
Infosys,2017-03-17,1035.0,1042.5,1020.45,1040.0,1032.3591685654333,111037,4936,114630065.0,42886.0,38.62,22.05,5.0,1040.0,1017.3549999999999,981.8740000000001,Hold
Infosys,2017-03-20,1029.0,1029.0,1015.9,1020.6,1019.9638776612044,137062,4581,139798289.0,61308.0,44.73,13.1,-8.4,1020.6,1017.79,982.32,Hold
Infosys,2017-03-21,1021.0,1034.8,1018.9,1032.0,1027.5625,101168,3428,103956443.0,29134.0,28.8,15.9,11.0,1032.0,1019.4050000000001,983.0319999999999,Hold
Infosys,2017-03-22,1020.0,1039.0,1020.0,1027.8,1029.3257745459557,116068,4497,119471784.0,42984.0,37.03,19.0,7.8,1027.8,1020.21,984.1590000000001,Hold
Infosys,2017-03-23,1028.0,1042.55,1026.55,1040.6,1037.7263406351456,107188,3720,111231811.0,59190.0,55.22,16.0,12.6,1040.6,1021.5925,985.56,Hold
Infosys,2017-03-24,1040.4,1043.95,1026.0,1031.8,1033.7470824413065,138729,5340,143410699.0,69004.0,49.74,17.95,-8.6,1031.8,1023.5900000000001,986.784,Hold
Infosys,2017-03-27,1033.0,1041.95,1024.3,1028.8,1034.64867333953,250667,6298,259352279.0,137379.0,54.81,17.65,-4.2,1028.8,1024.5774999999999,987.98,Hold
Infosys,2017-03-28,1026.25,1038.75,1026.25,1035.1,1035.0936955666684,71188,2263,73686250.0,29987.0,42.12,12.5,8.85,1035.1,1025.695,988.6809999999999,Hold
Infosys,2017-03-29,1035.0,1040.5,1025.85,1031.35,1033.851664237763,341718,2349,353285723.0,127931.0,37.44,14.65,-3.65,1031.35,1026.6475,989.805,Hold
Infosys,2017-03-30,1034.2,1035.85,1020.1,1024.5,1027.4193796665277,139022,4709,142833897.0,63292.0,45.53,15.75,-9.7,1024.5,1026.6225,991.1809999999999,Hold
Infosys,2017-03-31,1026.0,1028.8,1009.8,1020.8,1022.889774395731,316705,4969,323954306.0,26315.0,8.31,19.0,-5.2,1020.8,1026.63,992.4760000000001,Hold
Infosys,2017-04-03,1027.1,1030.5,1006.55,1009.45,1011.3316758431924,157467,5491,159251365.0,63991.0,40.64,23.95,-17.65,1009.45,1025.545,993.6469999999999,Hold
Infosys,2017-04-05,1005.0,1006.0,991.0,995.4,997.5024008678524,175145,6067,174707558.0,81488.0,46.53,15.0,-9.6,995.4,1023.6225000000001,994.3839999999999,Hold
Infosys,2017-04-06,995.1,1005.8,992.0,999.15,1000.134141847298,89547,3164,89559012.0,27871.0,31.12,13.8,4.05,999.15,1022.595,995.3910000000001,Hold
Infosys,2017-04-07,1000.0,1000.0,979.0,981.25,986.3851728085934,214862,7715,211936691.0,96104.0,44.73,21.0,-18.75,981.25,1021.2950000000001,995.9810000000001,Hold
Infosys,2017-04-10,982.0,991.0,950.0,952.95,965.2012080803939,331766,11770,320220944.0,173341.0,52.25,41.0,-29.05,952.95,1018.3625,996.1379999999999,Hold
Infosys,2017-04-11,955.0,971.2,955.0,967.15,966.2278623872988,157718,5571,152391526.0,69259.0,43.91,16.2,12.15,967.15,1015.7149999999999,996.748,Hold
Infosys,2017-04-12,972.0,976.05,961.05,968.8,968.7144399549268,212099,6185,205463364.0,75815.0,35.75,15.0,-3.2,968.8,1012.405,997.2810000000001,Hold
Infosys,2017-04-13,974.0,990.95,927.0,931.4,942.8838459893544,1552568,46351,1463891287.0,449623.0,28.96,63.95,-42.6,931.4,1008.3699999999999,996.942,Hold
Infosys,2017-04-17,932.0,932.35,921.9,924.8,926.9466778037166,280146,7932,259680404.0,99502.0,35.52,10.45,-7.2,924.8,1003.1850000000001,996.852,Hold
Infosys,2017-04-18,925.0,934.0,919.55,922.4,926.5649540132237,270730,7986,250848930.0,97481.0,36.01,14.45,-2.6,922.4,997.305,996.969,Hold
Infosys,2017-04-19,929.8,929.8,912.0,918.8,917.8176624520676,308768,8585,283392724.0,123095.0,39.87,17.8,-11.0,918.8,992.2149999999999,996.6379999999999,Sell
Infosys,2017-04-20,920.0,929.8,919.05,927.65,924.3715009459069,187122,6480,172970244.0,67404.0,36.02,10.75,7.65,927.65,986.9974999999998,996.492,Hold
Infosys,2017-04-21,934.2,934.2,921.3,923.7,925.9254413607747,138039,3457,127813822.0,58306.0,42.24,12.9,-10.5,923.7,981.7924999999999,996.2769999999999,Hold
Infosys,2017-04-24,918.8,928.0,913.0,926.05,919.5540647398141,197282,5498,181411465.0,76750.0,38.9,15.0,7.25,926.05,976.0650000000002,995.9029999999999,Hold
Infosys,2017-04-25,929.8,933.0,920.5,929.0,928.8596556239037,161916,4646,150397240.0,58626.0,36.21,12.5,-0.8,929.0,970.925,995.7539999999999,Hold
Infosys,2017-04-26,933.0,934.7,910.4,914.05,917.3016815890451,265820,9858,243837133.0,110632.0,41.62,24.3,-18.95,914.05,965.1875,995.073,Hold
Infosys,2017-04-27,920.0,926.45,916.0,923.95,922.5720919946926,126616,3355,116812388.0,41033.0,32.41,10.45,3.95,923.95,959.6299999999999,994.1909999999999,Hold
Infosys,2017-04-28,925.05,926.5,916.9,919.4,920.4448151826957,103697,3029,95447366.0,46632.0,44.97,9.6,-5.65,919.4,954.0324999999999,992.909,Hold
Infosys,2017-05-02,924.8,925.75,915.65,921.0,921.2140973696056,77745,2757,71619790.0,30270.0,38.93,10.1,-3.8,921.0,948.8574999999998,991.5830000000001,Hold
Infosys,2017-05-03,924.3,938.8,918.2,935.65,932.3148025875528,224150,5225,208978363.0,59400.0,26.5,20.6,11.35,935.65,944.6,990.6489999999999,Hold
Infosys,2017-05-04,935.0,939.2,929.15,936.3,935.2125775606813,106046,3090,99175553.0,28090.0,26.49,10.05,1.3,936.3,940.9424999999999,989.137,Hold
Infosys,2017-05-05,936.0,936.4,921.25,931.5,928.8768979014995,107553,3298,99903497.0,31594.0,29.38,15.15,-4.5,931.5,937.7475000000001,987.7729999999999,Hold
Infosys,2017-05-08,936.0,948.45,932.75,945.45,940.8919852243017,153766,5485,144677197.0,82616.0,53.73,15.7,9.45,945.45,935.0625,986.448,Hold
Infosys,2017-05-09,949.9,951.0,942.25,946.7,947.3580096665391,201313,2353,190715483.0,146941.0,72.99,8.75,-3.2,946.7,933.3349999999998,985.1229999999999,Hold
Infosys,2017-05-10,947.0,949.7,937.2,943.2,944.0617205188826,79941,2182,75469238.0,33125.0,41.44,12.5,-3.8,943.2,932.8474999999999,984.15,Hold
Infosys,2017-05-11,945.0,948.7,937.75,943.85,944.7824290361872,64857,1992,61275754.0,23438.0,36.14,10.95,-1.15,943.85,931.6825000000001,982.846,Hold
Infosys,2017-05-12,950.0,965.7,950.0,963.9,959.1597645261869,839329,6777,805050606.0,209651.0,24.98,15.7,13.9,963.9,931.4375,981.8690000000001,Hold
Infosys,2017-05-15,965.0,965.7,949.25,951.95,952.797000731529,150370,3339,143272085.0,43316.0,28.81,16.45,-13.05,951.95,932.4649999999999,980.6619999999999,Hold
Infosys,2017-05-16,952.0,960.15,948.0,956.5,953.8544295296712,126571,3012,120730309.0,30433.0,24.04,12.15,4.5,956.5,934.05,979.2919999999999,Hold
Infosys,2017-05-17,955.0,958.3,944.2,952.2,945.8687989537393,1393152,4375,1317739009.0,71781.0,5.15,14.1,-2.8,952.2,935.54,977.9229999999999,Hold
Infosys,2017-05-18,949.0,973.85,944.0,961.7,966.5510886280736,662623,8156,640458982.0,514537.0,77.65,29.85,12.7,961.7,937.6850000000001,976.534,Hold
Infosys,2017-05-19,956.0,962.75,947.8,957.9,953.1210981297021,123082,4356,117312051.0,36756.0,29.86,14.95,1.9,957.9,939.1975,975.015,Hold
Infosys,2017-05-22,957.8,966.5,956.55,959.75,960.6527399834004,242173,4672,232644156.0,175440.0,72.44,9.95,1.95,959.75,941.0,973.816,Hold
Infosys,2017-05-23,963.0,966.75,953.85,957.4,959.5825132167549,713110,5388,684287886.0,642495.0,90.1,12.9,-5.6,957.4,942.5674999999999,972.819,Hold
Infosys,2017-05-24,957.15,965.3,950.4,953.55,959.085773410665,142072,3501,136259234.0,60039.0,42.26,14.9,-3.6,953.55,943.7949999999998,971.658,Hold
Infosys,2017-05-25,959.9,984.9,959.9,981.9,973.383473475592,207884,6233,202350850.0,104599.0,50.32,25.0,22.0,981.9,947.1875,970.8939999999999,Hold
Infosys,2017-05-26,980.0,1000.0,980.0,996.2,993.296127872041,184059,6215,182825092.0,84842.0,46.1,20.0,16.2,996.2,950.8000000000002,970.1179999999999,Hold
Infosys,2017-05-29,992.7,996.85,976.0,985.3,980.3721408473075,352552,4372,345632159.0,274359.0,77.82,20.85,-7.4,985.3,954.095,969.582,Hold
Infosys,2017-05-30,985.3,1000.0,979.85,996.45,995.4368794171301,91547,3923,91129260.0,38487.0,42.04,20.15,11.15,996.45,957.8675000000001,968.9409999999999,Hold
Infosys,2017-05-31,991.15,992.15,975.1,976.95,984.3316394317025,103115,4466,101499357.0,49176.0,47.69,17.05,-14.2,976.95,959.9324999999999,967.68,Hold
Infosys,2017-06-01,969.0,979.55,959.35,970.95,969.7014217549848,103112,3317,99987853.0,35327.0,34.26,20.2,1.95,970.95,961.665,966.687,Hold
Infosys,2017-06-02,970.95,975.1,965.0,969.45,967.3107578943936,306705,1788,296679046.0,268175.0,87.44,10.1,-1.5,969.45,963.5625,965.4359999999999,Hold
Infosys,2017-06-05,969.0,969.75,958.25,960.2,961.862379491276,220316,3295,211913672.0,143314.0,65.05,11.5,-8.8,960.2,964.3,964.084,Buy
Infosys,2017-06-06,965.0,986.85,965.0,979.45,980.5559897529417,667899,5951,654912365.0,561707.0,84.1,21.85,14.45,979.45,965.9375000000002,962.8609999999999,Hold
Infosys,2017-06-07,982.05,988.7,945.5,961.5,959.6240326567657,458343,10778,439836958.0,105114.0,22.93,43.2,-20.55,961.5,966.8525000000002,961.455,Hold
Infosys,2017-06-08,961.1,964.7,949.0,956.3,952.5314868240104,609366,5501,580440302.0,494425.0,81.14,15.7,-4.8,956.3,967.475,960.005,Hold
Infosys,2017-06-09,940.0,952.0,923.05,948.65,932.5403967384121,1029192,15501,959763116.0,400351.0,38.9,28.95,8.65,948.65,966.7125,958.2760000000001,Hold
Infosys,2017-06-12,943.0,966.7,940.0,963.8,953.2701741961592,217456,6004,207294319.0,74018.0,34.04,26.7,20.8,963.8,967.3050000000001,956.925,Hold
Infosys,2017-06-13,959.7,963.0,952.35,958.2,958.8827756127728,101873,2493,97684265.0,34013.0,33.39,10.65,-1.5,958.2,967.39,955.599,Hold
Infosys,2017-06-14,957.0,961.95,951.5,958.65,958.0624217380416,175692,2057,168323903.0,16573.0,9.43,10.45,1.65,958.65,967.7125,954.3559999999999,Hold
Infosys,2017-06-15,955.0,967.0,950.0,952.3,955.1971736204576,200610,3882,191622105.0,77849.0,38.81,17.0,-2.7,952.3,967.2425,953.2130000000001,Hold
Infosys,2017-06-16,951.9,952.9,936.0,940.5,943.5188307556771,163456,4447,154223814.0,52589.0,32.17,16.9,-11.4,940.5,966.3725000000001,952.115,Hold
Infosys,2017-06-19,938.6,940.45,928.0,929.45,932.1789633618314,127026,5802,118410965.0,57216.0,45.04,12.45,-9.15,929.45,964.8575000000001,950.7209999999999,Hold
Infosys,2017-06-20,935.0,947.0,934.15,943.8,942.8434610793789,148289,6502,139813314.0,56370.0,38.01,12.85,8.8,943.8,964.1775,949.972,Hold
Infosys,2017-06-21,943.5,949.0,936.5,943.95,941.0846029173421,92550,4549,87097380.0,31289.0,33.81,12.5,0.45,943.95,963.6975,949.7919999999999,Hold
Infosys,2017-06-22,945.0,968.3,935.85,940.3,953.6043935411191,276952,6164,264102644.0,142097.0,51.31,32.45,-4.7,940.3,961.6175,949.255,Hold
Infosys,2017-06-23,940.0,948.8,938.55,943.35,943.9083581249496,99496,3538,93915106.0,26609.0,26.74,10.25,3.35,943.35,958.975,948.7459999999999,Hold
Infosys,2017-06-27,944.05,946.95,924.0,926.35,929.2314153443072,168701,8555,156762269.0,64262.0,38.09,22.95,-17.7,926.35,956.0274999999999,948.645,Hold
Infosys,2017-06-28,930.3,932.55,921.2,924.4,924.6560011356707,429702,4116,397326533.0,236590.0,55.06,11.35,-5.9,924.4,952.425,948.637,Hold
Infosys,2017-06-29,927.0,947.3,925.3,929.5,938.9749791853637,184966,5519,173678446.0,59762.0,32.31,22.0,2.5,929.5,950.0525000000001,948.779,Hold
Infosys,2017-06-30,927.35,937.9,927.0,935.65,934.2801938432181,79652,2343,74417286.0,31578.0,39.64,10.9,8.3,935.65,948.2875,949.1160000000001,Sell
Infosys,2017-07-03,935.0,954.0,935.0,951.4,945.1020927813603,120175,3952,113577644.0,38713.0,32.21,19.0,16.4,951.4,947.385,949.591,Hold
Infosys,2017-07-04,955.0,967.8,949.7,960.5,960.5504288149517,113219,3986,108752559.0,37356.0,32.99,18.1,5.5,960.5,947.4,950.327,Hold
Infosys,2017-07-05,955.6,958.4,946.65,951.05,951.1434680732576,95171,3113,90521275.0,28686.0,30.14,11.75,-4.55,951.05,945.9799999999999,950.827,Hold
Infosys,2017-07-06,946.0,957.0,944.3,947.5,950.07608135807,95135,2389,90385488.0,27360.0,28.76,12.7,1.5,947.5,945.28,951.197,Hold
Infosys,2017-07-07,945.0,947.0,934.4,936.0,940.3901437129977,169922,3134,159792974.0,109775.0,64.6,12.6,-9.0,936.0,944.265,951.636,Hold
Infosys,2017-07-10,945.0,960.45,940.0,959.05,952.568382225496,1107744,37886,1055201910.0,662407.0,59.8,20.45,14.05,959.05,944.7850000000001,952.3380000000001,Hold
Infosys,2017-07-11,955.0,988.9,955.0,975.8,979.0852774130788,273437,9035,267718141.0,84550.0,30.92,33.9,20.8,975.8,945.3849999999999,953.466,Hold
Infosys,2017-07-12,976.0,980.55,969.55,973.8,974.7490823414481,139213,6103,135697744.0,31811.0,22.85,11.0,-2.2,973.8,946.1650000000002,954.5219999999999,Hold
Infosys,2017-07-13,973.95,983.35,965.0,976.3,976.9298463056311,324345,8576,316862311.0,118425.0,36.51,18.35,2.35,976.3,947.0475,955.335,Hold
Infosys,2017-07-14,1000.0,1006.65,968.0,972.05,985.3280812095056,685437,16258,675380324.0,131563.0,19.19,38.65,-27.95,972.05,948.0350000000001,956.05,Hold
Infosys,2017-07-17,973.25,991.2,973.25,985.35,984.8760031702234,170335,6620,167758854.0,49845.0,29.26,17.95,12.1,985.35,950.2774999999999,957.1270000000001,Hold
Infosys,2017-07-18,984.9,1004.3,981.5,985.4,995.4810696049923,225616,6984,224596457.0,80024.0,35.47,22.8,0.5,985.4,953.075,957.9259999999999,Hold
Infosys,2017-07-19,989.0,989.4,970.0,979.9,975.9105527946499,162990,7937,159063661.0,50913.0,31.24,19.4,-9.1,979.9,954.8799999999999,958.59,Hold
Infosys,2017-07-20,980.0,980.0,967.05,969.0,970.5598137915373,132110,5472,128220657.0,53093.0,40.19,12.95,-11.0,969.0,956.1324999999999,959.1059999999999,Hold
Infosys,2017-07-21,971.0,982.5,971.0,979.9,977.6500624843789,120030,4058,117347337.0,41682.0,34.73,11.5,8.9,979.9,958.1125,959.827,Hold
Infosys,2017-07-24,981.1,993.75,981.1,991.2,990.8156253722819,486862,3628,482390477.0,428952.0,88.11,12.65,10.1,991.2,960.5049999999999,960.3729999999999,Buy
Infosys,2017-07-25,991.0,999.0,986.25,994.15,993.3051684586696,128162,4523,127303977.0,47185.0,36.82,12.75,3.15,994.15,963.8949999999999,961.217,Hold
Infosys,2017-07-26,996.0,999.0,991.1,993.75,993.7940591468856,1200097,2143,1192649269.0,1165211.0,97.09,7.9,-2.25,993.75,967.3624999999998,961.962,Hold
Infosys,2017-07-27,994.0,1003.75,968.0,972.3,990.8568839611504,205819,5119,203937173.0,77699.0,37.75,35.75,-21.7,972.3,969.5024999999999,962.364,Hold
Infosys,2017-07-28,980.0,1002.0,963.0,997.85,992.2234812442205,447702,7121,444220437.0,266115.0,59.44,39.0,17.85,997.85,972.6125,963.087,Hold
Infosys,2017-07-31,997.85,1021.0,987.35,1011.3,1010.408794047146,312052,10528,315300085.0,113063.0,36.23,33.65,13.45,1011.3,975.6074999999998,964.155,Hold
Infosys,2017-08-01,1007.0,1016.95,998.45,1005.0,1005.9851390639232,80143,2636,80622667.0,24100.0,30.07,18.5,-2.0,1005.0,977.8324999999999,965.06,Hold
Infosys,2017-08-02,1005.0,1012.0,988.2,992.45,999.0077806715152,92537,2565,92445183.0,18952.0,20.48,23.8,-12.55,992.45,979.9024999999999,965.7610000000001,Hold
Infosys,2017-08-03,992.45,998.8,981.0,983.6,987.9413762590116,76846,2941,75919343.0,25576.0,33.28,17.8,-8.85,983.6,981.7074999999999,966.362,Hold
Infosys,2017-08-04,985.2,988.6,977.3,985.35,982.6693039559341,69895,2169,68683671.0,18889.0,27.02,11.3,0.15,985.35,984.175,966.4309999999999,Hold
Infosys,2017-08-07,982.0,983.65,966.0,968.15,972.2005639223081,104979,2941,102060643.0,41800.0,39.82,17.65,-13.85,968.15,984.6299999999999,965.87,Hold
Infosys,2017-08-08,970.0,971.05,955.55,964.6,963.8915134938701,104566,3710,100790280.0,36195.0,34.61,15.5,-5.4,964.6,984.07,965.4559999999999,Hold
Infosys,2017-08-09,966.25,973.6,964.55,969.45,969.4684104104339,84569,2472,81986974.0,28636.0,33.86,9.05,3.2,969.45,983.8525,964.916,Hold
Infosys,2017-08-10,971.9,988.0,970.0,982.5,982.3937751119826,260085,6304,255505885.0,119614.0,45.99,18.0,10.6,982.5,984.1625,965.0269999999999,Hold
Infosys,2017-08-11,977.0,995.6,969.55,987.75,987.0327831641752,154195,4662,152195520.0,46891.0,30.41,26.05,10.75,987.75,984.9475,965.363,Hold
Infosys,2017-08-14,985.15,987.75,976.3,979.45,981.6987982777456,77805,2426,76381075.0,27306.0,35.1,11.45,-5.7,979.45,984.6525000000001,965.563,Hold
Infosys,2017-08-16,984.0,986.1,970.0,976.8,976.0281921141869,90238,2569,88074832.0,20830.0,23.08,16.1,-7.2,976.8,984.2225000000001,965.895,Hold
Infosys,2017-08-17,1010.0,1028.9,998.0,1021.15,1014.1101062580444,532195,13212,539704328.0,165771.0,31.15,30.9,11.15,1021.15,986.2850000000001,966.729,Hold
Infosys,2017-08-18,1021.5,1021.5,884.4,923.1,923.7444617946886,8157426,156020,7535377090.0,3601624.0,44.15,137.1,-98.4,923.1,983.9900000000001,965.961,Hold
Infosys,2017-08-21,929.0,929.0,870.0,873.5,890.2806882928693,4476699,113153,3985518667.0,1723285.0,38.49,59.0,-55.5,873.5,978.6700000000001,964.305,Hold
Infosys,2017-08-22,892.5,897.0,861.5,877.15,877.1443223271982,1967963,43912,1726187572.0,570140.0,28.97,35.5,-15.35,877.15,972.9675,962.875,Hold
Infosys,2017-08-23,881.1,904.0,874.55,894.5,890.96027656321,2121468,47758,1890143716.0,536352.0,25.28,29.45,13.4,894.5,967.985,961.489,Hold
Infosys,2017-08-24,907.0,918.8,902.35,912.5,911.4564119747549,1304177,28155,1188700489.0,526553.0,40.37,16.45,5.5,912.5,963.9225,960.575,Hold
Infosys,2017-08-28,947.0,953.5,937.9,941.15,944.8573983846202,1421709,28732,1343312267.0,554197.0,38.98,15.6,-5.85,941.15,962.365,960.225,Hold
Infosys,2017-08-29,943.4,943.4,926.0,927.55,933.2747730291376,603822,14362,563531840.0,249737.0,41.36,17.4,-15.85,927.55,958.85,959.73,Sell
Infosys,2017-08-30,935.1,939.55,924.0,926.65,930.6220488611117,404166,10093,376125791.0,120498.0,29.81,15.55,-8.45,926.65,954.6175000000001,959.453,Hold
Infosys,2017-08-31,928.0,932.7,912.7,915.3,917.31034260904,994749,12306,912493546.0,,,20.0,-12.7,915.3,950.1325,959.17,Hold
Infosys,2017-09-01,915.2,926.2,910.25,920.1,919.9250808221245,298495,7622,274593037.0,105528.0,35.35,15.95,4.9,920.1,946.515,958.696,Hold
Infosys,2017-09-04,921.25,921.75,893.6,901.3,904.6905826082808,587084,13607,531129366.0,243959.0,41.55,28.15,-19.95,901.3,942.4,957.8430000000001,Hold
Infosys,2017-09-05,903.35,904.5,897.25,901.1,900.6981889147304,347416,6718,312916962.0,130582.0,37.59,7.25,-2.25,901.1,938.1875,957.059,Hold
Infosys,2017-09-06,899.0,900.0,890.25,895.7,894.0157260762883,439334,7775,392771505.0,192036.0,43.71,9.75,-3.3,895.7,934.5650000000002,956.1060000000001,Hold
Infosys,2017-09-07,898.0,900.85,892.55,895.55,896.3091120528516,280332,5391,251264126.0,173389.0,61.85,8.3,-2.45,895.55,931.1125,955.49,Hold
Infosys,2017-09-08,896.1,898.0,882.25,884.4,889.3319180269656,459029,9871,408229141.0,304493.0,66.33,15.75,-11.7,884.4,926.8599999999999,954.69,Hold
Infosys,2017-09-11,890.0,892.2,874.0,878.55,881.140715595637,344077,9303,303180254.0,182044.0,52.91,18.2,-11.45,878.55,921.6625,953.671,Hold
Infosys,2017-09-12,881.0,887.55,879.05,883.85,882.4533758806278,266997,6853,235612404.0,132489.0,49.62,8.5,2.85,883.85,916.4675,952.635,Hold
Infosys,2017-09-13,885.0,887.75,881.0,883.55,883.6001740988794,408963,7136,361359778.0,279213.0,68.27,6.75,-1.45,883.55,911.6725,951.278,Hold
Infosys,2017-09-14,886.4,896.3,881.6,892.3,891.505336585689,271803,7137,242313825.0,133742.0,49.21,14.7,5.9,892.3,907.4474999999999,949.914,Hold
Infosys,2017-09-15,895.0,912.25,893.0,908.6,903.177411307115,509060,7467,459771493.0,330797.0,64.98,19.25,13.6,908.6,901.82,949.065,Hold
Infosys,2017-09-18,910.0,917.95,906.5,908.45,912.3499790981951,277488,6134,253166171.0,139715.0,50.35,11.45,-1.55,908.45,901.0875,948.2840000000001,Hold
Infosys,2017-09-19,910.1,915.4,903.65,911.3,909.8666701010864,174702,4002,158955527.0,61194.0,35.03,11.75,1.2,911.3,902.9775,947.79,Hold
Infosys,2017-09-20,915.3,916.0,907.55,912.0,911.0803121523459,122248,2941,111377746.0,53642.0,43.88,8.45,-3.3,912.0,904.72,946.8489999999999,Hold
Infosys,2017-09-21,912.5,915.25,908.45,909.55,910.9164917509008,139591,3278,127155744.0,54847.0,39.29,6.8,-2.95,909.55,905.4725000000001,945.5239999999999,Hold
Infosys,2017-09-22,908.2,909.9,888.4,898.05,896.7679500163904,204387,5931,183287711.0,92052.0,45.04,21.5,-10.15,898.05,904.75,944.0090000000001,Hold
Infosys,2017-09-25,901.0,902.15,890.0,896.65,894.6265537231512,155594,4076,139198524.0,58276.0,37.45,12.15,-4.35,896.65,902.525,942.4159999999999,Hold
Infosys,2017-09-26,896.0,908.05,894.5,906.45,899.305833041327,522249,5846,469661572.0,427888.0,81.93,13.55,10.45,906.45,901.47,941.104,Hold
Infosys,2017-09-27,905.0,907.95,895.1,898.65,900.3854709433629,135494,4502,121996829.0,58903.0,43.47,12.85,-6.35,898.65,900.0699999999999,939.37,Hold
Infosys,2017-09-28,898.0,903.95,893.05,895.7,899.7050950611299,111402,2651,100228947.0,49832.0,44.73,10.9,-2.3,895.7,899.0899999999999,937.576,Hold
Infosys,2017-09-29,900.0,902.25,895.1,898.75,898.6860833667366,241991,2596,217473944.0,31495.0,13.01,7.15,-1.25,898.75,898.0225,935.953,Hold
Infosys,2017-10-03,908.0,911.65,902.0,903.95,905.6598659969656,106117,2799,96105908.0,49765.0,46.9,9.65,-4.05,903.95,898.1550000000001,934.6519999999999,Hold
Infosys,2017-10-04,903.95,904.95,897.45,899.8,901.7541378756227,99568,2164,89785856.0,38025.0,38.19,7.5,-4.15,899.8,898.0899999999999,933.05,Hold
Infosys,2017-10-05,899.0,905.2,898.7,903.1,903.0587176279668,118312,4384,106842683.0,54647.0,46.19,6.5,4.1,903.1,898.4599999999998,931.288,Hold
Infosys,2017-10-06,906.6,920.6,903.05,919.45,916.5806592995312,203064,5227,186124535.0,85971.0,42.34,17.55,12.85,919.45,899.655,929.7940000000001,Hold
Infosys,2017-10-09,922.0,928.6,914.3,923.65,923.5140976039056,120446,2974,111233579.0,49462.0,41.07,14.3,1.65,923.65,901.6175000000001,928.3919999999999,Hold
Infosys,2017-10-10,940.0,945.85,929.1,935.6,935.5372485797635,260520,6441,243726164.0,130437.0,50.07,16.75,-4.4,935.6,904.4699999999999,927.658,Hold
Infosys,2017-10-11,936.0,937.7,928.15,930.6,932.1556507168125,171872,4698,160211456.0,89640.0,52.16,9.55,-5.4,930.6,906.8075000000001,926.313,Hold
Infosys,2017-10-12,930.0,934.65,920.0,927.15,925.6555632972451,335844,7652,310875867.0,152760.0,45.49,14.65,-2.85,927.15,908.9875,924.63,Hold
Infosys,2017-10-13,930.05,934.0,927.6,931.9,930.5291231264439,1228079,5835,1142763275.0,1087403.0,88.55,6.4,1.85,931.9,910.9675000000001,923.1679999999999,Hold
Infosys,2017-10-16,935.0,942.0,933.5,939.3,937.5227435871808,220106,5217,206354381.0,123226.0,55.98,8.5,4.3,939.3,912.5024999999999,922.105,Hold
Infosys,2017-10-17,935.0,937.4,930.25,931.45,932.5124608406976,192483,4130,179492796.0,106734.0,55.45,7.15,-3.55,931.45,913.6524999999999,921.062,Hold
Infosys,2017-10-18,929.0,930.0,923.25,924.45,926.7334316516946,185791,4993,172178731.0,104018.0,55.99,6.75,-4.55,924.45,914.3100000000001,919.844,Hold
Infosys,2017-10-19,930.0,933.35,925.85,927.1,927.6228031002212,100767,2788,93473767.0,70573.0,70.04,7.5,-2.9,927.1,915.0649999999999,919.023,Hold
Infosys,2017-10-23,928.2,942.8,928.2,939.65,936.1966081880224,263458,8936,246648486.0,171008.0,64.91,14.6,11.45,939.65,916.57,918.5240000000001,Hold
Infosys,2017-10-24,945.0,947.5,924.0,926.75,934.1741253014752,445725,9323,416384762.0,235951.0,52.94,23.5,-18.25,926.75,918.0050000000001,917.67,Buy
Infosys,2017-10-25,920.0,944.15,915.25,935.4,935.3404999399111,416050,11664,389148415.0,175324.0,42.14,28.9,15.4,935.4,919.9424999999999,916.7280000000001,Hold
Infosys,2017-10-26,940.15,950.35,940.15,947.5,945.9375128012562,527292,11869,498785283.0,336760.0,63.87,10.2,7.35,947.5,921.9949999999999,915.923,Hold
Infosys,2017-10-27,955.0,957.05,945.0,947.45,949.2290165974376,399399,10844,379121120.0,261381.0,65.44,12.05,-7.55,947.45,924.4350000000001,915.283,Hold
Infosys,2017-10-30,954.0,955.0,941.0,944.65,946.65259305925,514296,10347,486859642.0,354831.0,68.99,14.0,-9.35,944.65,926.8825,914.64,Hold
Infosys,2017-10-31,923.4,930.35,920.0,921.65,925.0457853901056,212404,4872,196483425.0,107453.0,50.59,10.35,-1.75,921.65,928.0274999999999,912.65,Hold
Infosys,2017-11-01,924.0,928.95,922.0,926.25,925.7021620151613,117668,2321,108925522.0,62583.0,53.19,6.95,2.25,926.25,929.1424999999999,912.7130000000001,Hold
Infosys,2017-11-02,924.0,926.55,919.8,922.9,923.1809553763043,108104,2615,99799554.0,60086.0,55.58,6.75,-1.1,922.9,930.2975,913.7009999999999,Hold
Infosys,2017-11-03,922.7,929.4,918.0,926.65,926.039925173704,74840,1631,69304828.0,31313.0,41.84,11.4,3.95,926.65,931.475,914.6909999999999,Hold
Infosys,2017-11-06,925.0,934.85,922.35,928.6,928.408658447795,122239,2092,113487746.0,80922.0,66.2,12.5,3.6,928.6,931.9325000000001,915.3729999999999,Hold
Infosys,2017-11-07,928.5,959.8,927.0,955.7,950.2193640568736,415729,9302,395033746.0,191019.0,45.95,32.8,27.2,955.7,933.5350000000001,916.237,Hold
Infosys,2017-11-08,958.25,961.5,947.3,951.95,954.7036794106888,158558,2898,151375906.0,43951.0,27.72,14.2,-6.3,951.95,934.3525,916.453,Hold
Infosys,2017-11-09,958.5,962.0,949.15,954.6,955.1639135519677,144503,3229,138024051.0,64947.0,44.95,12.85,-3.9,954.6,935.5525,916.9939999999999,Hold
Infosys,2017-11-10,954.6,962.75,950.2,960.6,958.3895104177359,97430,2615,93375890.0,42713.0,43.84,12.55,6.0,960.6,937.225,917.673,Hold
Infosys,2017-11-13,960.6,968.9,949.1,951.8,956.5271232219612,1275844,4195,1220379391.0,87315.0,6.84,19.8,-8.8,951.8,938.2199999999999,918.403,Hold
Infosys,2017-11-14,950.0,954.4,944.0,949.45,949.1657821378792,74616,2138,70822954.0,24126.0,32.33,10.4,-0.55,949.45,938.7275,918.99,Hold
Infosys,2017-11-15,947.0,953.45,945.0,951.95,950.1874281787918,84411,2324,80206271.0,37767.0,44.74,8.45,4.95,951.95,939.7524999999999,920.003,Hold
Infosys,2017-11-16,951.15,995.45,948.85,988.6,971.6125093102878,645791,14864,627458614.0,249904.0,38.7,46.6,37.45,988.6,942.9599999999998,921.753,Hold
Infosys,2017-11-17,989.8,989.8,963.0,970.95,972.5967326199608,297180,4320,289036297.0,137476.0,46.26,26.8,-18.85,970.95,945.1524999999999,923.258,Hold
Infosys,2017-11-20,969.7,970.0,957.35,961.35,962.4427324123624,145571,3764,140103751.0,55725.0,38.28,12.65,-8.35,961.35,946.2375,924.5740000000001,Hold
Infosys,2017-11-21,961.35,971.55,959.65,966.4,966.934976567249,101994,2772,98621566.0,38166.0,37.42,11.9,5.05,966.4,948.2199999999999,926.214,Hold
Infosys,2017-11-22,965.0,970.85,962.5,966.3,966.4552461219005,81870,2421,79123691.0,35557.0,43.43,8.35,1.3,966.3,949.765,927.9689999999999,Hold
Infosys,2017-11-23,970.0,994.35,969.85,991.4,985.9628028180751,311986,10468,307606591.0,109387.0,35.06,24.5,21.4,991.4,951.96,930.12,Hold
Infosys,2017-11-24,989.1,1019.2,989.1,1009.95,1009.0901155985824,491269,15386,495734692.0,265270.0,54.0,30.1,20.85,1009.95,955.085,932.6479999999999,Hold
Infosys,2017-11-27,1000.0,1005.0,994.0,997.5,997.5687943591408,172456,4418,172036724.0,58625.0,33.99,11.0,-2.5,997.5,957.7275,934.752,Hold
Infosys,2017-11-28,996.9,1000.15,981.5,984.5,989.1374647224835,153072,4264,151409250.0,58039.0,37.92,18.65,-12.4,984.5,960.8700000000001,936.27,Hold
Infosys,2017-11-29,989.0,992.0,981.5,983.3,985.5301333668848,63584,1982,62663948.0,23469.0,36.91,10.5,-5.7,983.3,963.7225000000001,937.7669999999999,Hold
Infosys,2017-11-30,989.0,989.8,967.35,974.95,982.147317710968,128491,3991,126197091.0,53445.0,41.59,22.45,-14.05,974.95,966.325,939.04,Hold
Infosys,2017-12-01,977.5,983.0,956.45,958.5,965.8247143255296,143520,4871,138615163.0,53084.0,36.99,26.55,-19.0,958.5,967.9175000000001,939.97,Hold
Infosys,2017-12-04,983.0,996.95,969.65,985.3,985.948844570754,405001,10122,399310268.0,118255.0,29.2,27.3,2.3,985.3,970.7524999999999,941.485,Hold
Infosys,2017-12-05,986.0,1002.6,979.3,984.4,991.3639510246333,309135,6561,306465295.0,82306.0,26.62,23.3,-1.6,984.4,972.1875,943.212,Hold
Infosys,2017-12-06,984.4,994.0,970.0,990.4,989.3462109015235,142237,3301,140721637.0,41665.0,29.29,24.0,6.0,990.4,974.11,945.0870000000001,Hold
Infosys,2017-12-07,987.5,1002.15,982.4,1000.1,995.5606261716771,219237,4614,218263725.0,76333.0,34.82,19.75,12.6,1000.1,976.385,946.96,Hold
Infosys,2017-12-08,1000.1,1006.85,996.05,1001.55,1002.1130256231694,195292,4765,195704657.0,70802.0,36.25,10.8,1.45,1001.55,978.4325000000001,949.0179999999999,Hold
Infosys,2017-12-11,997.0,1005.0,995.0,1003.5,1000.7580934964968,94057,2445,94128304.0,33845.0,35.98,10.0,6.5,1003.5,981.0175000000002,951.174,Hold
Infosys,2017-12-12,1003.0,1014.0,1000.0,1011.1,1008.771452150334,161161,3541,162574616.0,47548.0,29.5,14.0,8.1,1011.1,984.1,953.421,Hold
Infosys,2017-12-13,1012.0,1018.0,999.0,1003.45,1011.3463340742104,141274,3291,142876942.0,33404.0,23.64,19.0,-8.55,1003.45,986.675,955.4110000000001,Hold
Infosys,2017-12-14,1005.25,1016.0,1000.05,1012.45,1009.7673577763968,123907,4065,125117244.0,40679.0,32.83,15.95,7.2,1012.45,987.8675000000001,957.664,Hold
Infosys,2017-12-15,1015.0,1026.0,1011.0,1023.45,1018.2476292622836,188338,5155,191774722.0,103645.0,55.03,15.0,8.45,1023.45,990.4925000000001,960.071,Hold
Infosys,2017-12-18,1015.0,1029.85,1005.6,1015.35,1021.0020724330363,166471,3819,169967236.0,23831.0,14.32,24.25,0.35,1015.35,993.1924999999999,961.9889999999999,Hold
Infosys,2017-12-19,1015.35,1017.5,1000.0,1004.8,1012.2003854827184,1739637,3273,1760861242.0,1609332.0,92.51,17.5,-10.55,1004.8,995.1125,963.6120000000001,Hold
Infosys,2017-12-20,1004.8,1015.0,1001.95,1013.3,1009.7255326231692,108144,2333,109195758.0,20094.0,18.58,13.05,8.5,1013.3,997.4625,965.1659999999999,Hold
Infosys,2017-12-21,1013.3,1028.0,998.05,1021.55,1013.0357225532928,302386,7467,306327820.0,98739.0,32.65,29.95,8.25,1021.55,998.97,966.985,Hold
Infosys,2017-12-22,1019.4,1044.2,1016.2,1038.4,1033.6219615462044,312947,8592,323468892.0,145388.0,46.46,28.0,19.0,1038.4,1000.3924999999999,969.21,Hold
Infosys,2017-12-26,1029.8,1040.0,1023.1,1034.35,1030.1621901935187,1024914,9487,1055827651.0,813232.0,79.35,16.9,4.55,1034.35,1002.235,971.2590000000001,Hold
Infosys,2017-12-27,1029.0,1038.85,1025.1,1034.05,1034.0204580577515,201241,6164,208087311.0,98535.0,48.96,13.75,5.05,1034.05,1004.7125,973.154,Hold
Infosys,2017-12-28,1031.9,1039.9,1026.1,1034.0,1035.089320917126,168919,5878,174846253.0,85849.0,50.82,13.8,2.1,1034.0,1007.2475000000001,975.205,Hold
Infosys,2017-12-29,1030.0,1046.1,1030.0,1039.3,1039.5808312894612,183883,5096,191161242.0,83918.0,45.64,16.1,9.3,1039.3,1010.4649999999999,977.502,Hold
Infosys,2018-01-01,1040.0,1043.65,1031.8,1034.55,1038.1028727169628,109339,2943,113505130.0,30310.0,27.72,11.85,-5.45,1034.55,1014.2674999999999,979.6510000000001,Hold
Infosys,2018-01-02,1037.2,1043.4,1022.95,1029.5,1030.4575185472263,180620,6413,186121237.0,70480.0,39.02,20.45,-7.7,1029.5,1016.4775,981.448,Hold
Infosys,2018-01-03,1035.0,1035.0,1018.0,1019.1,1022.5510840978015,158934,3961,162518134.0,48806.0,30.71,17.0,-15.9,1019.1,1018.2125,983.295,Hold
Infosys,2018-01-04,1022.0,1022.0,1009.6,1015.3,1013.5585144972856,319784,4220,324119796.0,211434.0,66.12,12.4,-6.7,1015.3,1019.4575000000001,984.8929999999999,Hold
Infosys,2018-01-05,1015.3,1026.0,1006.25,1012.1,1013.3708059002842,281139,7799,284898055.0,106639.0,37.93,19.75,-3.2,1012.1,1020.0574999999999,986.185,Hold
Infosys,2018-01-08,1015.0,1038.8,1015.0,1035.65,1029.1405576053628,153944,4743,158430014.0,61435.0,39.91,23.8,20.65,1035.65,1021.7625,987.949,Hold
Infosys,2018-01-09,1040.0,1044.5,1029.25,1041.3,1037.4511009954936,262081,7184,271896222.0,88401.0,33.73,15.25,1.3,1041.3,1023.6524999999999,989.882,Hold
Infosys,2018-01-10,1049.9,1055.55,1034.6,1051.6,1048.7875360462756,704303,7624,738664208.0,484894.0,68.85,20.95,1.7,1051.6,1025.6775,992.4809999999999,Hold
Infosys,2018-01-11,1053.0,1083.3,1053.0,1075.6,1077.5949022669683,1315369,8487,1417434929.0,1127996.0,85.76,30.3,22.6,1075.6,1029.285,995.4679999999998,Hold
Infosys,2018-01-12,1089.0,1089.0,1069.55,1078.4,1076.4666123635545,284821,7105,306600297.0,130811.0,45.93,19.45,-10.6,1078.4,1032.5825,998.578,Hold
Infosys,2018-01-15,1078.5,1092.05,1065.5,1080.4,1080.471968322948,222748,6806,240672970.0,79419.0,35.65,26.55,1.9,1080.4,1035.4299999999998,1001.653,Hold
Infosys,2018-01-16,1080.0,1134.4,1080.0,1122.9,1115.8363818365146,685309,19627,764692715.0,273743.0,39.94,54.4,42.9,1122.9,1040.8075000000001,1005.5390000000001,Hold
Infosys,2018-01-17,1118.0,1160.0,1118.0,1152.25,1151.8070111706477,814814,19041,938508478.0,477297.0,58.58,42.0,34.25,1152.25,1048.18,1009.47,Hold
Infosys,2018-01-18,1149.0,1164.45,1132.35,1152.75,1149.6729097960504,330817,11175,380331343.0,131742.0,39.82,32.1,3.75,1152.75,1055.1525000000001,1013.4860000000001,Hold
Infosys,2018-01-19,1148.9,1148.9,1136.0,1143.25,1142.428499704337,179258,5194,204789448.0,74200.0,41.39,12.9,-5.65,1143.25,1061.2375,1017.2590000000001,Hold
Infosys,2018-01-22,1141.7,1155.0,1130.1,1150.3,1144.4058551889332,295157,5671,337779399.0,129944.0,44.03,24.9,8.6,1150.3,1066.8325,1021.0529999999999,Hold
Infosys,2018-01-23,1151.2,1187.0,1151.2,1175.2,1175.137312542604,1032768,11609,1213644212.0,702602.0,68.03,35.8,24.0,1175.2,1073.875,1025.521,Hold
Infosys,2018-01-24,1177.8,1220.0,1167.0,1185.15,1194.3491372978835,531006,14630,634206558.0,160078.0,30.15,53.0,7.35,1185.15,1081.4299999999998,1030.235,Hold
Infosys,2018-01-25,1184.4,1191.5,1160.8,1170.8,1168.958565791915,522853,8983,611193493.0,244859.0,46.83,30.7,-13.6,1170.8,1088.27,1034.612,Hold
Infosys,2018-01-29,1165.0,1196.2,1165.0,1181.5,1184.0058457932632,219303,9229,259656034.0,89236.0,40.69,31.2,16.5,1181.5,1095.3799999999999,1038.47,Hold
Infosys,2018-01-30,1180.5,1183.05,1161.8,1169.7,1169.169279973116,690377,7891,807167580.0,531416.0,76.97,21.25,-10.8,1169.7,1102.1375,1042.445,Hold
Infosys,2018-01-31,1160.0,1166.0,1143.05,1150.65,1156.2505344632891,182426,8807,210930160.0,74957.0,41.09,22.95,-9.35,1150.65,1108.1950000000002,1046.231,Hold
Infosys,2018-02-01,1150.0,1158.0,1120.0,1144.5,1141.1795331522046,672082,10221,766966223.0,383189.0,57.02,38.0,-5.5,1144.5,1114.465,1049.793,Hold
Infosys,2018-02-02,1140.0,1162.45,1130.05,1141.7,1146.009106370993,461545,11585,528934773.0,213390.0,46.23,32.4,1.7,1141.7,1120.785,1053.3010000000002,Hold
Infosys,2018-02-05,1138.0,1155.0,1135.0,1138.3,1142.9354519806234,262998,5888,300589738.0,143078.0,54.4,20.0,0.3,1138.3,1127.095,1056.239,Hold
Infosys,2018-02-06,1109.0,1127.9,1098.7,1108.45,1114.7226779268667,218587,6157,243663886.0,74543.0,34.1,29.2,-0.55,1108.45,1130.7350000000001,1058.209,Hold
Infosys,2018-02-07,1112.1,1125.0,1103.9,1108.75,1114.2457057919105,234793,9824,261617092.0,92813.0,39.53,21.1,-3.35,1108.75,1134.1075,1060.4340000000002,Hold
Infosys,2018-02-08,1120.3,1145.0,1117.05,1134.55,1139.4048193550773,216336,7463,246494281.0,118233.0,54.65,27.95,14.25,1134.55,1138.255,1063.435,Hold
Infosys,2018-02-09,1124.9,1124.9,1107.2,1111.8,1113.8842339160633,135912,3335,151390234.0,30772.0,22.64,17.7,-13.1,1111.8,1140.065,1066.005,Hold
Infosys,2018-02-12,1112.0,1120.0,1098.75,1103.8,1106.7205320468643,362750,4957,401462873.0,210100.0,57.92,21.25,-8.2,1103.8,1141.335,1068.582,Hold
Infosys,2018-02-14,1104.0,1117.4,1091.7,1098.05,1106.4641690252226,192208,3109,212671265.0,130534.0,67.91,25.7,-5.95,1098.05,1142.2175,1071.373,Hold
Infosys,2018-02-15,1100.1,1129.7,1100.1,1114.15,1119.7306916278856,282999,7929,316882666.0,166411.0,58.8,29.6,14.05,1114.15,1141.78,1073.95,Hold
Infosys,2018-02-16,1121.0,1140.0,1116.05,1124.85,1124.132671263878,563385,6975,633319485.0,329630.0,58.51,23.95,3.85,1124.85,1140.4099999999999,1076.759,Hold
Infosys,2018-02-19,1125.2,1135.0,1120.0,1130.0,1124.6302082178415,270582,3551,304304691.0,40212.0,14.86,15.0,4.8,1130.0,1139.2724999999998,1079.551,Hold
Infosys,2018-02-20,1132.0,1147.9,1121.0,1134.7,1139.7852572181253,122989,3296,140181049.0,19992.0,16.26,26.9,2.7,1134.7,1138.8449999999998,1082.243,Hold
Infosys,2018-02-21,1146.0,1151.65,1140.4,1148.7,1147.2165915450248,145098,5921,166458833.0,59232.0,40.82,11.25,2.7,1148.7,1138.7649999999999,1085.1860000000001,Hold
Infosys,2018-02-22,1148.9,1164.0,1140.1,1160.5,1156.326660759264,143323,6091,165728206.0,65516.0,45.71,23.9,11.6,1160.5,1138.03,1088.326,Hold
Infosys,2018-02-23,1165.0,1166.0,1147.2,1155.65,1158.0934293606945,121632,5388,140861220.0,38825.0,31.92,18.8,-9.35,1155.65,1136.555,1091.2169999999999,Hold
Infosys,2018-02-26,1157.0,1157.0,1136.15,1141.05,1144.3413792153658,108917,3769,124638230.0,38670.0,35.5,20.85,-15.95,1141.05,1135.0675,1093.969,Hold
Infosys,2018-02-27,1142.1,1152.8,1125.85,1148.3,1134.2267678962533,347461,4038,394099567.0,61885.0,17.81,26.95,6.2,1148.3,1133.4075,1096.6860000000001,Hold
Infosys,2018-02-28,1148.05,1189.2,1142.35,1174.25,1170.4012446683794,400910,10970,469225563.0,247082.0,61.63,46.85,26.2,1174.25,1133.635,1099.702,Hold
Infosys,2018-03-01,1173.45,1173.45,1156.4,1160.25,1161.8947531891292,90150,2568,104744812.0,37613.0,41.72,17.05,-13.2,1160.25,1134.115,1102.6,Hold
Infosys,2018-03-05,1160.0,1170.1,1144.05,1153.1,1160.1165858732556,764295,3766,886671306.0,233778.0,30.59,26.05,-6.9,1153.1,1134.5449999999998,1105.5659999999998,Hold
Infosys,2018-03-06,1167.25,1167.25,1129.85,1146.85,1154.7560198360627,117362,5481,135524476.0,69971.0,59.62,37.4,-20.4,1146.85,1134.8025,1108.237,Hold
Infosys,2018-03-07,1151.3,1160.0,1138.2,1142.8,1145.692423303582,151702,2775,173803832.0,42790.0,28.21,21.8,-8.5,1142.8,1135.0275,1110.662,Hold
Infosys,2018-03-08,1144.0,1165.0,1144.0,1156.7,1159.4531794802642,207644,5304,240753496.0,108829.0,52.41,21.0,12.7,1156.7,1137.44,1113.0279999999998,Hold
Infosys,2018-03-09,1160.2,1166.0,1156.5,1163.4,1163.1381229305211,107817,2967,125406063.0,47243.0,43.82,9.5,3.2,1163.4,1140.1725,1115.609,Hold
Infosys,2018-03-12,1170.3,1191.85,1170.3,1185.85,1187.0995022480413,373881,7354,443833949.0,231474.0,61.91,21.55,15.55,1185.85,1142.7375,1118.645,Hold
Infosys,2018-03-13,1176.2,1195.5,1175.0,1180.55,1185.7689634296732,89198,2740,105768220.0,23426.0,26.26,20.5,4.35,1180.55,1146.175,1121.576,Hold
Infosys,2018-03-14,1179.0,1189.0,1169.45,1180.2,1179.5952259873945,64893,1815,76547473.0,12289.0,18.94,19.55,1.2,1180.2,1149.9950000000001,1124.394,Hold
Infosys,2018-03-15,1180.0,1187.9,1172.25,1182.15,1176.7942757762028,459416,2521,540638119.0,34397.0,7.49,15.65,2.15,1182.15,1154.2,1127.346,Hold
Infosys,2018-03-16,1184.8,1185.0,1169.0,1172.5,1174.9544994761748,55362,1670,65047831.0,12588.0,22.74,16.0,-12.3,1172.5,1157.1174999999998,1130.206,Hold
Infosys,2018-03-19,1164.7,1180.0,1143.8,1147.15,1162.400582116683,277264,3313,322291835.0,194987.0,70.33,36.2,-17.55,1147.15,1158.2325,1132.767,Hold
Infosys,2018-03-20,1147.15,1170.0,1147.15,1162.1,1158.0635401038785,692539,7440,802004166.0,421000.0,60.79,22.85,14.95,1162.1,1159.8375,1135.703,Hold
Infosys,2018-03-21,1163.1,1176.6,1163.1,1168.6,1172.218381313274,88405,2275,103629966.0,32881.0,37.19,13.5,5.5,1168.6,1161.5325,1138.8329999999999,Hold
Infosys,2018-03-22,1166.9,1176.05,1153.6,1158.8,1167.6023438588113,251295,2933,293412631.0,175841.0,69.97,22.45,-8.1,1158.8,1162.0375,1141.296,Hold
Infosys,2018-03-23,1145.0,1173.7,1140.0,1167.45,1165.9359843049983,341510,9329,398178798.0,175792.0,51.47,33.7,22.45,1167.45,1162.385,1143.819,Hold
Infosys,2018-03-26,1167.0,1167.0,1143.9,1154.3,1152.3982424859907,196300,5327,226215775.0,79831.0,40.67,23.1,-12.7,1154.3,1162.3174999999999,1145.873,Hold
Infosys,2018-03-27,1145.0,1170.0,1145.0,1152.8,1155.0209057015547,109970,2388,127017649.0,33813.0,30.75,25.0,7.8,1152.8,1162.905,1147.4170000000001,Hold
Infosys,2018-03-28,1153.0,1153.0,1129.0,1134.4,1140.2683818536973,95733,2623,109161313.0,25845.0,27.0,24.0,-18.6,1134.4,1162.21,1148.537,Hold
Infosys,2018-04-02,1135.5,1148.95,1122.0,1137.5,1134.9480442784156,72812,2387,82637837.0,14965.0,20.55,26.95,2.0,1137.5,1160.3725,1149.6789999999999,Hold
Infosys,2018-04-03,1136.8,1145.0,1129.6,1140.05,1135.326760765722,55686,3307,63221806.0,22976.0,41.26,15.4,3.25,1140.05,1159.3625,1150.022,Hold
Infosys,2018-04-04,1140.5,1145.0,1120.0,1124.55,1130.3281886510988,174290,3027,197004900.0,110266.0,63.27,25.0,-15.95,1124.55,1157.935,1149.468,Hold
Infosys,2018-04-05,1134.05,1150.4,1129.95,1145.0,1141.4200139591694,57310,1822,65414781.0,17301.0,30.19,20.45,10.95,1145.0,1157.8425,1149.313,Hold
Infosys,2018-04-06,1140.0,1145.7,1123.65,1129.3,1130.299233600054,88857,3167,100434999.0,31335.0,35.26,22.05,-10.7,1129.3,1157.1675,1149.0339999999999,Hold
Infosys,2018-04-09,1129.9,1129.9,1106.8,1110.95,1114.676297124009,167351,7851,186542193.0,76021.0,45.43,23.1,-18.95,1110.95,1154.8799999999999,1148.247,Hold
Infosys,2018-04-10,1127.0,1127.0,1105.55,1114.15,1115.4115463378107,221698,4287,247284509.0,157266.0,70.94,21.45,-12.85,1114.15,1152.4175,1147.0259999999998,Hold
Infosys,2018-04-11,1118.0,1131.75,1117.7,1123.9,1122.297643123376,340196,3443,381801169.0,78970.0,23.21,14.05,5.9,1123.9,1149.32,1145.801,Hold
Infosys,2018-04-12,1132.9,1172.0,1128.3,1162.25,1156.2910209276017,282880,7302,327091604.0,85210.0,30.12,43.7,29.35,1162.25,1148.405,1145.63,Hold
Infosys,2018-04-13,1174.5,1184.0,1150.2,1169.0,1170.746876791414,294809,8181,345146716.0,48975.0,16.61,33.8,-5.5,1169.0,1147.8449999999998,1145.38,Hold
Infosys,2018-04-16,1099.3,1140.0,1099.0,1132.8,1124.8873111458515,531561,12748,597946224.0,66320.0,12.48,41.0,33.5,1132.8,1145.3775,1144.642,Hold
Infosys,2018-04-17,1131.95,1131.95,1115.35,1125.0,1121.6586451178791,157534,4613,176699373.0,52294.0,33.2,16.6,-6.95,1125.0,1143.0025,1144.1290000000001,Sell
Infosys,2018-04-18,1124.0,1134.0,1113.7,1125.45,1124.269046023941,158222,4070,177884097.0,29403.0,18.58,20.3,1.45,1125.45,1141.9175,1143.748,Hold
Infosys,2018-04-19,1124.0,1139.0,1124.0,1132.7,1132.2271101752979,119682,2417,135507205.0,42168.0,35.23,15.0,8.7,1132.7,1140.4475,1143.568,Hold
Infosys,2018-04-20,1138.5,1191.8,1134.9,1178.25,1172.481591878765,562279,13115,659261777.0,232365.0,41.33,56.9,39.75,1178.25,1140.9299999999998,1144.3670000000002,Hold
Infosys,2018-04-23,1166.0,1212.4,1155.0,1183.35,1192.219444990764,518622,9393,618311233.0,163936.0,31.61,57.4,17.35,1183.35,1142.1575,1145.865,Hold
Infosys,2018-04-24,1185.0,1196.0,1150.0,1153.9,1168.528049471244,171251,4595,200111597.0,45767.0,26.73,46.0,-31.1,1153.9,1141.48,1146.768,Hold
Infosys,2018-04-25,1154.0,1171.3,1145.2,1160.9,1161.4011976294175,243147,4957,282391217.0,100854.0,41.48,26.1,6.9,1160.9,1141.81,1147.295,Hold
Infosys,2018-04-26,1165.0,1182.0,1160.0,1175.65,1171.745048671792,148546,4492,174058040.0,70124.0,47.21,22.0,10.65,1175.65,1142.9525,1148.572,Hold
Infosys,2018-04-27,1180.0,1191.7,1175.0,1185.15,1184.4084093486686,143721,3269,170224361.0,45949.0,31.97,16.7,5.15,1185.15,1145.49,1150.1989999999998,Hold
Infosys,2018-04-30,1188.0,1207.95,1185.0,1199.4,1199.8439581424957,128818,4823,154561499.0,67901.0,52.71,22.95,11.4,1199.4,1148.585,1152.226,Hold
Infosys,2018-05-02,1200.0,1204.0,1180.4,1197.8,1191.652068637598,261839,6994,312020986.0,114909.0,43.89,23.6,-2.2,1197.8,1151.4725,1153.899,Hold
Infosys,2018-05-03,1198.0,1204.65,1175.0,1181.85,1195.5182496516384,88988,2903,106386778.0,30425.0,34.19,29.65,-16.15,1181.85,1154.3375,1155.039,Hold
Infosys,2018-05-04,1190.0,1196.0,1156.8,1172.9,1166.6346774118151,106963,4179,124786745.0,27631.0,25.83,39.2,-17.1,1172.9,1155.7325,1155.897,Hold
Infosys,2018-05-07,1177.1,1190.2,1176.8,1183.35,1182.2827918693536,92096,3195,108883516.0,29976.0,32.55,13.4,6.25,1183.35,1158.435,1156.87,Buy
Infosys,2018-05-08,1176.55,1180.0,1162.0,1165.35,1167.026987422784,193127,3345,225384421.0,74219.0,38.43,18.0,-11.2,1165.35,1161.1550000000002,1157.203,Hold
Infosys,2018-05-09,1170.0,1176.45,1163.3,1171.25,1170.5432293722859,124117,2801,145284314.0,39279.0,31.65,13.15,1.25,1171.25,1164.01,1157.4180000000001,Hold
Infosys,2018-05-10,1165.0,1183.0,1163.1,1167.55,1172.7545336125868,78304,2069,91831371.0,28396.0,36.26,19.9,2.55,1167.55,1166.1925,1157.656,Hold
Infosys,2018-05-11,1170.5,1189.0,1166.35,1181.0,1174.573356750252,61494,3214,72229214.0,26667.0,43.37,22.65,10.5,1181.0,1167.13,1158.455,Hold
Infosys,2018-05-14,1175.0,1194.7,1170.05,1189.6,1183.658480965266,58761,2380,69552956.0,21832.0,37.15,24.65,14.6,1189.6,1168.16,1159.281,Hold
Infosys,2018-05-15,1189.3,1207.75,1186.8,1192.55,1196.1655668015203,204419,26606,244518969.0,97214.0,47.56,20.95,3.25,1192.55,1171.1474999999998,1159.647,Hold
Infosys,2018-05-16,1192.55,1197.5,1185.0,1190.05,1191.588677007299,109600,2970,130598119.0,57189.0,52.18,12.5,-2.5,1190.05,1174.4,1160.243,Hold
Infosys,2018-05-17,1198.9,1198.9,1175.0,1184.95,1186.9215819831309,69002,2203,81899963.0,20465.0,29.66,23.9,-13.95,1184.95,1177.375,1160.88,Hold
Infosys,2018-05-18,1186.0,1187.55,1173.05,1183.75,1180.9458383114295,52731,1495,62272455.0,23499.0,44.56,14.5,-2.25,1183.75,1179.9275,1161.618,Hold
Infosys,2018-05-21,1180.0,1188.0,1170.3,1182.6,1182.1369745393833,83855,2574,99128096.0,29895.0,35.65,17.7,2.6,1182.6,1180.145,1162.414,Hold
Infosys,2018-05-22,1175.6,1197.95,1174.55,1193.55,1187.2817695502943,97019,2773,115188890.0,33107.0,34.12,23.4,17.95,1193.55,1180.655,1163.151,Hold
Infosys,2018-05-23,1196.8,1206.7,1180.9,1185.25,1197.176625440343,104464,3222,125061859.0,34187.0,32.73,25.8,-11.55,1185.25,1182.2225,1163.588,Hold
Infosys,2018-05-24,1192.45,1227.6,1192.45,1221.85,1217.422842183348,254783,8355,310178644.0,99353.0,39.0,35.15,29.4,1221.85,1185.27,1164.308,Hold
Infosys,2018-05-25,1223.0,1248.0,1221.35,1228.8,1238.9471297110997,205711,7153,254865053.0,71861.0,34.93,26.65,5.8,1228.8,1187.9275000000002,1165.2730000000001,Hold
Infosys,2018-05-28,1228.3,1232.95,1206.1,1214.5,1219.9480554985987,190203,4148,232037780.0,103588.0,54.46,26.85,-13.8,1214.5,1189.395,1165.959,Hold
Infosys,2018-05-29,1220.0,1225.55,1207.0,1216.65,1215.1037660324653,58709,1347,71337527.0,22384.0,38.13,18.55,-3.35,1216.65,1190.2575,1166.6490000000001,Hold
Infosys,2018-05-30,1216.7,1229.0,1207.0,1214.1,1214.455906282238,376108,2330,456766582.0,248437.0,66.05,22.0,-2.6,1214.1,1191.0725,1167.481,Hold
Infosys,2018-05-31,1217.0,1240.0,1210.45,1231.9,1227.2011128096544,105319,2739,129247594.0,31429.0,29.84,29.55,14.9,1231.9,1193.575,1169.1760000000002,Hold
Infosys,2018-06-01,1231.9,1245.15,1217.9,1220.25,1226.1386633730476,132782,3182,162809144.0,74750.0,56.3,27.25,-11.65,1220.25,1195.9424999999999,1170.3390000000002,Hold
Infosys,2018-06-04,1220.0,1243.35,1212.75,1239.6,1234.3305214551187,88790,2319,109596207.0,33659.0,37.91,30.6,19.6,1239.6,1198.755,1171.759,Hold
Infosys,2018-06-05,1225.1,1241.0,1217.0,1221.2,1227.3650665502944,45830,1638,56250141.0,11760.0,25.66,24.0,-3.9,1221.2,1201.5475,1173.007,Hold
Infosys,2018-06-06,1221.2,1240.6,1220.1,1235.6,1233.2221137056438,67578,2373,83338684.0,18980.0,28.09,20.5,14.4,1235.6,1204.7649999999999,1174.37,Hold
Infosys,2018-06-07,1238.0,1257.0,1237.0,1250.8,1250.9313380169551,157001,5088,196397471.0,45891.0,29.23,20.0,12.8,1250.8,1208.9275,1176.3,Hold
Infosys,2018-06-08,1249.9,1262.45,1245.15,1259.75,1259.2677297160792,415785,3948,523584633.0,351912.0,84.64,17.3,9.85,1259.75,1212.865,1178.4389999999999,Hold
Infosys,2018-06-11,1259.75,1270.0,1256.0,1263.05,1262.1443372477115,68721,1892,86735821.0,19946.0,29.02,14.0,3.3,1263.05,1216.5375,1181.0120000000002,Hold
Infosys,2018-06-12,1265.0,1270.85,1250.9,1258.4,1259.8691217404044,109216,4314,137597866.0,37078.0,33.95,19.95,-6.6,1258.4,1219.8300000000002,1183.43,Hold
Infosys,2018-06-13,1265.0,1284.0,1261.0,1276.1,1276.4777648861452,112907,4148,144123275.0,49839.0,44.14,23.0,11.1,1276.1,1224.1325,1186.151,Hold
Infosys,2018-06-14,1259.0,1259.0,1234.05,1238.7,1243.796084349417,149758,7717,186268414.0,59766.0,39.91,24.95,-20.3,1238.7,1226.8200000000002,1188.434,Hold
Infosys,2018-06-15,1238.7,1290.0,1237.0,1280.45,1269.0595575139241,194266,6833,246535124.0,80259.0,41.31,53.0,41.75,1280.45,1231.6550000000002,1191.1429999999998,Hold
Infosys,2018-06-18,1285.0,1290.5,1262.3,1266.5,1272.9651224238153,90832,2918,115625968.0,27662.0,30.45,28.2,-18.5,1266.5,1235.85,1193.887,Hold
Infosys,2018-06-19,1266.0,1266.0,1236.0,1244.05,1246.0351035960944,104975,3251,130802535.0,31936.0,30.42,30.0,-21.95,1244.05,1238.375,1196.549,Hold
Infosys,2018-06-20,1245.0,1252.45,1239.1,1243.35,1246.3193774262597,55126,2076,68704602.0,18899.0,34.28,13.35,-1.65,1243.35,1241.28,1199.133,Hold
Infosys,2018-06-21,1250.0,1255.8,1237.45,1246.35,1247.4209176628397,50694,1772,63236756.0,19682.0,38.83,18.35,-3.65,1246.35,1242.505,1201.5819999999999,Hold
Infosys,2018-06-22,1245.5,1254.0,1241.8,1246.45,1248.798627874476,39355,1338,49146470.0,12807.0,32.54,12.2,0.95,1246.45,1243.3875,1203.266,Hold
Infosys,2018-06-25,1250.0,1278.95,1250.0,1272.3,1271.7416146847038,145403,6131,184915046.0,73993.0,50.89,28.95,22.3,1272.3,1246.2775,1205.3319999999999,Hold
Infosys,2018-06-26,1269.9,1283.8,1260.0,1277.85,1278.1949239501748,76989,2807,98406949.0,33739.0,43.82,23.8,7.95,1277.85,1249.3375,1208.233,Hold
Infosys,2018-06-27,1281.15,1293.9,1264.3,1269.2,1281.287577670627,100585,3513,128878311.0,39082.0,38.85,29.6,-11.95,1269.2,1252.0925,1211.117,Hold
Infosys,2018-06-28,1269.2,1298.2,1269.2,1288.85,1290.7509406715885,98334,3579,126924703.0,29000.0,29.49,29.0,19.65,1288.85,1254.94,1214.385,Hold
Infosys,2018-06-29,1295.2,1313.45,1284.0,1306.75,1297.9610615142087,118623,5715,153968035.0,43961.0,37.06,29.45,11.55,1306.75,1259.2649999999999,1217.866,Hold
Infosys,2018-07-02,1313.9,1341.8,1313.9,1334.45,1325.234574331754,120951,4919,160288447.0,37593.0,31.08,27.9,20.55,1334.45,1264.0075,1220.99,Hold
Infosys,2018-07-03,1340.0,1358.0,1333.3,1353.65,1346.7310929876937,137330,4698,184946581.0,52889.0,38.51,24.7,13.65,1353.65,1270.63,1224.396,Hold
Infosys,2018-07-04,1353.0,1354.95,1339.7,1344.6,1345.3576104746317,65988,2287,88777458.0,18113.0,27.45,15.25,-8.4,1344.6,1276.08,1228.21,Hold
Infosys,2018-07-05,1349.8,1350.0,1268.85,1284.5,1287.5221062438084,457269,15352,588743946.0,200665.0,43.88,81.15,-65.3,1284.5,1277.7649999999999,1230.682,Hold
Infosys,2018-07-06,1280.0,1301.35,1269.5,1284.5,1281.9876707027147,198957,6373,255060421.0,44166.0,22.2,31.85,4.5,1284.5,1279.0025,1232.8590000000002,Hold
Infosys,2018-07-09,1292.55,1303.0,1279.5,1299.15,1294.259863899744,148420,4028,192094049.0,44403.0,29.92,23.5,6.6,1299.15,1280.8075000000001,1235.139,Hold
Infosys,2018-07-10,1305.2,1315.5,1295.0,1302.5,1305.3336696422696,136779,6252,178542234.0,47688.0,34.87,20.5,-2.7,1302.5,1283.0125,1237.201,Hold
Infosys,2018-07-11,1310.0,1341.9,1293.0,1320.35,1317.3685795756544,299143,8928,394081589.0,55946.0,18.7,48.9,10.35,1320.35,1285.225,1239.652,Hold
Infosys,2018-07-12,1324.0,1326.7,1284.6,1294.6,1300.768454335155,494965,14793,643834858.0,184262.0,37.23,42.1,-29.4,1294.6,1288.02,1241.907,Hold
Infosys,2018-07-13,1310.0,1331.35,1300.15,1309.1,1310.360844191256,1105721,13084,1448893503.0,112035.0,10.13,31.2,-0.9,1309.1,1289.4524999999999,1244.631,Hold
Infosys,2018-07-16,1325.0,1384.4,1288.35,1333.05,1345.631129283919,959431,29572,1291040220.0,178388.0,18.59,96.05,8.05,1333.05,1292.78,1247.625,Hold
Infosys,2018-07-17,1332.7,1348.8,1313.5,1327.4,1333.14863255793,266227,7887,354920161.0,70379.0,26.44,35.3,-5.3,1327.4,1296.9475,1250.866,Hold
Infosys,2018-07-18,1340.0,1343.2,1314.35,1322.4,1323.6359540583421,184669,5154,244434528.0,61494.0,33.3,28.85,-17.6,1322.4,1300.9,1253.889,Hold
Infosys,2018-07-19,1322.4,1330.3,1310.85,1316.55,1318.6318771201763,116146,4704,153153818.0,39532.0,34.04,19.45,-5.85,1316.55,1304.4099999999999,1256.8690000000001,Hold
Infosys,2018-07-20,1321.05,1367.05,1321.05,1348.35,1352.0974048561575,816448,8815,1103917222.0,92523.0,11.33,46.0,27.3,1348.35,1309.505,1260.2160000000001,Hold
Infosys,2018-07-23,1350.1,1368.05,1336.7,1355.75,1351.346730119742,130280,3960,176053452.0,28699.0,22.03,31.35,5.65,1355.75,1313.6775,1263.539,Hold
Infosys,2018-07-24,1362.0,1379.8,1356.5,1376.0,1368.7590582264204,113488,4283,155337728.0,32699.0,28.81,23.3,14.0,1376.0,1318.585,1267.208,Hold
Infosys,2018-07-25,1380.0,1392.1,1366.1,1383.7,1382.509856975186,192554,6957,266207803.0,59462.0,30.88,26.0,3.7,1383.7,1324.31,1271.081,Hold
Infosys,2018-07-26,1380.0,1389.7,1369.0,1375.2,1384.2037805661905,894575,3795,1238274097.0,825824.0,92.31,20.7,-4.8,1375.2,1328.6275,1274.886,Hold
Infosys,2018-07-27,1380.0,1388.3,1370.0,1374.55,1377.446776807035,1266384,3332,1744376559.0,1202236.0,94.93,18.3,-5.45,1374.55,1332.0175000000002,1278.702,Hold
Infosys,2018-07-30,1385.0,1385.0,1350.0,1353.15,1357.53158905648,1592102,3836,2161328758.0,1530021.0,96.1,35.0,-31.85,1353.15,1332.9524999999999,1282.113,Hold
Infosys,2018-07-31,1350.0,1370.05,1335.0,1365.0,1348.844537266265,2863072,11533,3861839027.0,2584785.0,90.28,35.05,15.0,1365.0,1333.52,1285.542,Hold
TCS,2015-01-01,2554.35,2563.5,2542.0,2548.2,2548.91273531413,17636,3142,44952625.0,5729.0,32.48,21.5,-6.15,1274.1,,,Hold
TCS,2015-01-02,2547.25,2589.0,2547.25,2570.85,2569.277150470856,88562,5697,227540323.0,69280.0,78.23,41.75,23.6,1285.425,,,Hold
TCS,2015-01-05,2593.0,2599.05,2527.0,2537.9,2561.18355605333,65179,8523,166935383.0,17856.0,27.4,72.05,-55.1,1268.95,,,Hold
TCS,2015-01-06,2527.0,2527.0,2440.05,2446.55,2469.6480451357806,88267,14486,217988424.0,35843.0,40.61,86.95,-80.45,1223.275,,,Hold
TCS,2015-01-07,2460.5,2479.0,2407.4,2416.8,2426.0526682894197,140502,9614,340865252.0,89487.0,63.69,71.6,-43.7,1208.4,,,Hold
TCS,2015-01-08,2445.0,2450.0,2423.05,2443.85,2436.431948614648,52622,6962,128209922.0,23569.0,44.79,26.95,-1.15,1221.925,,,Hold
TCS,2015-01-09,2450.0,2518.0,2450.0,2512.2,2491.040931545519,96356,13024,240026740.0,32332.0,33.55,68.0,62.2,1256.1,,,Hold
TCS,2015-01-12,2520.0,2529.0,2480.85,2512.05,2499.059139535244,64593,8315,161421727.0,25612.0,39.65,48.15,-7.95,1256.025,,,Hold
TCS,2015-01-13,2515.3,2530.0,2480.25,2498.3,2508.2446994789134,47401,9097,118893307.0,15750.0,33.23,49.75,-17.0,1249.15,,,Hold
TCS,2015-01-14,2503.55,2530.8,2503.0,2518.15,2516.332984802432,41125,5398,103484194.0,8134.0,19.78,27.8,14.6,1259.075,,,Hold
TCS,2015-01-15,2521.95,2583.5,2521.95,2545.0,2538.020364964965,948639,17164,2407665101.0,833699.0,87.88,61.55,23.05,1272.5,,,Hold
TCS,2015-01-16,2540.0,2545.0,2484.0,2531.9,2512.4662722601997,183736,19674,461630503.0,35040.0,19.07,61.0,-8.1,1265.95,,,Hold
TCS,2015-01-19,2531.9,2552.7,2502.9,2509.75,2516.78737407084,46951,5977,118165684.0,13326.0,28.38,49.8,-22.15,1254.875,,,Hold
TCS,2015-01-20,2526.9,2529.65,2483.25,2499.55,2498.1001975538834,90102,8370,225083824.0,43542.0,48.33,46.4,-27.35,1249.775,,,Hold
TCS,2015-01-21,2516.0,2519.0,2490.1,2511.35,2507.087418273539,60262,8242,151082102.0,17482.0,29.01,28.9,-4.65,1255.675,,,Hold
TCS,2015-01-22,2511.9,2520.8,2495.0,2512.75,2508.395667357852,54978,7811,137906577.0,22640.0,41.18,25.8,0.85,1256.375,,,Hold
TCS,2015-01-23,2505.0,2530.0,2495.1,2501.7,2507.412749127837,57902,7390,145184213.0,21380.0,36.92,34.9,-3.3,1250.85,,,Hold
TCS,2015-01-27,2519.9,2519.9,2490.1,2502.8,2501.7710760269774,52192,6186,130572436.0,31702.0,60.74,29.8,-17.1,1251.4,,,Hold
TCS,2015-01-28,2503.0,2543.05,2501.35,2534.7,2528.4727207089704,85871,8643,217122481.0,39884.0,46.45,41.7,31.7,1267.35,,,Hold
TCS,2015-01-29,2535.0,2558.4,2512.1,2541.35,2527.7809300300923,52837,5456,133560361.0,22340.0,42.28,46.3,6.35,1270.675,1254.8925,,Hold
TCS,2015-01-30,2545.0,2574.95,2470.15,2481.0,2500.6680926419676,150774,28596,377035731.0,59750.0,39.63,104.8,-64.0,1240.5,1253.2125,,Hold
TCS,2015-02-02,2482.1,2520.0,2464.5,2512.8,2499.9019391889237,50846,6365,127110014.0,11125.0,21.88,55.5,30.7,1256.4,1251.76125,,Hold
TCS,2015-02-03,2501.0,2560.0,2501.0,2554.8,2536.436408539597,91105,9055,231082039.0,28073.0,30.81,59.0,53.8,1277.4,1252.1837500000001,,Hold
TCS,2015-02-04,2565.0,2569.65,2503.45,2514.0,2521.8638088720213,48219,8618,121601751.0,15341.0,31.82,66.2,-51.0,1257.0,1253.8700000000001,,Hold
TCS,2015-02-05,2515.0,2590.0,2515.0,2551.9,2572.781870177894,231486,13579,595562984.0,145349.0,62.79,75.0,36.9,1275.95,1257.2475,,Hold
TCS,2015-02-06,2552.0,2592.0,2551.9,2576.0,2578.8452874085,70492,10083,181787962.0,20751.0,29.44,40.1,24.0,1288.0,1260.55125,,Hold
TCS,2015-02-09,2575.0,2575.0,2501.0,2515.15,2532.2343843054823,57090,6706,144565261.0,18628.0,32.63,74.0,-59.85,1257.575,1260.625,,Hold
TCS,2015-02-10,2505.0,2524.2,2436.0,2442.95,2471.6698322587445,151841,18371,375300819.0,68694.0,45.24,88.2,-62.05,1221.475,1258.8975,,Hold
TCS,2015-02-11,2460.0,2487.6,2448.0,2460.15,2468.9779829672793,55775,10725,137707247.0,17272.0,30.97,39.6,0.15,1230.075,1257.94375,,Hold
TCS,2015-02-12,2479.0,2479.0,2448.0,2462.8,2462.4005051084837,43555,9615,107249854.0,15837.0,36.36,31.0,-16.2,1231.4,1256.56,,Hold
TCS,2015-02-13,2470.0,2546.75,2461.75,2538.65,2512.739402356096,104410,13897,262355121.0,34785.0,33.32,85.0,68.65,1269.325,1256.4012500000001,,Hold
TCS,2015-02-16,2550.0,2593.45,2550.0,2585.25,2577.1789510448803,85895,10849,221366786.0,31248.0,36.38,43.45,35.25,1292.625,1257.7350000000001,,Hold
TCS,2015-02-18,2587.0,2640.0,2565.55,2633.9,2602.159198897653,126276,12362,328590255.0,49235.0,38.99,74.45,46.9,1316.95,1260.8387500000001,,Hold
TCS,2015-02-19,2648.0,2685.0,2635.0,2679.7,2660.0784323520966,80069,10705,212989820.0,25060.0,31.3,50.0,31.7,1339.85,1265.3425,,Hold
TCS,2015-02-20,2680.1,2694.95,2643.85,2674.85,2670.887778940028,57360,7793,153202123.0,16728.0,29.16,51.1,-5.25,1337.425,1269.4299999999998,,Hold
TCS,2015-02-23,2673.9,2719.9,2671.55,2695.05,2700.94251156515,62256,10329,168149877.0,17349.0,27.87,48.35,21.15,1347.525,1273.9875,,Hold
TCS,2015-02-24,2697.5,2727.0,2681.6,2707.15,2711.7742860449266,77771,9209,210897398.0,23053.0,29.64,45.4,9.65,1353.575,1279.1237500000002,,Hold
TCS,2015-02-25,2708.0,2722.95,2668.0,2671.3,2691.9580356355295,45348,6541,122074913.0,11232.0,24.77,54.95,-36.7,1335.65,1283.3362499999998,,Hold
TCS,2015-02-26,2675.0,2694.2,2626.3,2656.35,2663.595314799348,50286,7859,133941554.0,14274.0,28.39,67.9,-18.65,1328.175,1286.3775,,Hold
TCS,2015-02-27,2653.0,2670.9,2618.25,2663.75,2644.920795821593,58204,8298,153944970.0,11806.0,20.28,52.65,10.75,1331.875,1289.4375000000002,,Hold
TCS,2015-02-28,2666.0,2689.9,2646.2,2675.3,2667.084021691153,63436,9209,169189142.0,10645.0,16.78,43.7,9.3,1337.65,1294.295,,Hold
TCS,2015-03-02,2675.1,2707.0,2653.25,2670.15,2666.8071759765007,41193,7179,109853788.0,13391.0,32.51,53.75,-4.95,1335.075,1298.22875,,Hold
TCS,2015-03-03,2670.0,2790.0,2670.0,2774.7,2748.2375827039177,117437,14958,322744777.0,33674.0,28.67,120.0,104.7,1387.35,1303.72625,,Hold
TCS,2015-03-04,2775.0,2810.0,2717.95,2743.4,2760.9961641261925,89419,11904,246885516.0,24299.0,27.17,92.05,-31.6,1371.7,1309.4612499999998,,Hold
TCS,2015-03-05,2748.0,2768.15,2686.0,2696.35,2711.0200100242896,77811,11228,210947178.0,14285.0,18.36,82.15,-51.65,1348.175,1313.0725,,Hold
TCS,2015-03-09,2640.0,2680.25,2611.8,2643.15,2647.684670968649,85387,11852,226077851.0,24205.0,28.35,68.45,3.15,1321.575,1314.7512499999998,,Hold
TCS,2015-03-10,2643.25,2674.6,2595.35,2642.8,2633.372590962381,97238,15666,256063884.0,30615.0,31.48,79.25,-0.45,1321.4,1317.9425,,Hold
TCS,2015-03-11,2639.55,2661.35,2601.0,2609.35,2626.931857389304,79994,12671,210138787.0,24125.0,30.16,60.35,-30.2,1304.675,1322.1025,,Hold
TCS,2015-03-12,2616.0,2624.8,2591.0,2619.0,2609.1153010926887,58022,8099,151386088.0,14462.0,24.93,33.8,3.0,1309.5,1326.07375,,Hold
TCS,2015-03-13,2625.0,2638.6,2572.15,2581.05,2596.9885026548673,70625,16692,183412313.0,27875.0,39.47,66.45,-43.95,1290.525,1329.0300000000002,1284.2845,Hold
TCS,2015-03-16,2582.0,2609.95,2556.5,2565.35,2583.3928219692634,43661,6399,112793514.0,11387.0,26.08,53.45,-16.65,1282.675,1329.6975,1284.4560000000001,Hold
TCS,2015-03-17,2580.2,2605.5,2557.95,2580.9,2580.7366803908317,48819,6855,125988984.0,8331.0,17.07,47.55,0.7,1290.45,1329.5887500000001,1284.5565,Hold
TCS,2015-03-18,2590.0,2598.9,2554.5,2560.7,2564.285004160645,45666,6440,117100639.0,11554.0,25.3,44.4,-29.3,1280.35,1327.75875,1284.7845000000002,Hold
TCS,2015-03-19,2585.0,2606.0,2569.2,2594.4,2595.9063791798476,51527,13546,133759268.0,21164.0,41.07,36.8,9.4,1297.2,1325.62625,1286.263,Hold
TCS,2015-03-20,2600.0,2616.75,2589.3,2609.65,2608.578943719857,100977,8085,263406476.0,66207.0,65.57,27.45,9.65,1304.825,1323.9962500000001,1288.1915,Hold
TCS,2015-03-23,2611.0,2630.75,2607.0,2610.55,2615.8564448188713,35610,4913,93150648.0,10569.0,29.68,23.75,-0.45,1305.275,1321.88375,1289.8585,Hold
TCS,2015-03-24,2621.95,2636.0,2582.05,2593.55,2620.9736272287446,59114,6072,154936235.0,23899.0,40.43,53.95,-28.4,1296.775,1319.04375,1290.672,Hold
TCS,2015-03-25,2599.0,2614.0,2545.25,2573.1,2570.846803587988,108919,7129,280014063.0,16737.0,15.37,68.75,-25.9,1286.55,1316.5887500000001,1291.2825000000003,Hold
TCS,2015-03-26,2557.8,2586.1,2501.65,2513.35,2539.930397635332,46349,7041,117723234.0,14599.0,31.5,84.45,-44.45,1256.675,1313.0137499999998,1291.433,Hold
TCS,2015-03-27,2531.0,2571.25,2506.85,2516.2,2539.0012201470686,61468,8985,156067327.0,19670.0,32.0,64.4,-14.8,1258.1,1309.325,1291.4134999999999,Hold
TCS,2015-03-30,2525.0,2562.6,2518.1,2557.25,2543.6434001734783,39198,5780,99705734.0,10729.0,27.37,44.5,32.25,1278.625,1306.3737500000002,1291.5359999999998,Hold
TCS,2015-03-31,2560.0,2567.4,2519.15,2547.05,2543.6300456409062,64635,8279,164407528.0,26102.0,40.38,48.25,-12.95,1273.525,1303.2962499999999,1291.6875,Hold
TCS,2015-04-01,2565.0,2565.0,2522.5,2543.4,2534.7695786581176,174680,6540,442773550.0,148597.0,85.07,42.5,-21.6,1271.7,1297.51375,1292.0240000000001,Hold
TCS,2015-04-06,2555.0,2560.45,2503.65,2546.0,2528.3838383838383,60489,8593,152939410.0,20623.0,34.09,56.8,-9.0,1273.0,1292.5787500000001,1292.4885000000002,Hold
TCS,2015-04-07,2568.0,2592.0,2547.25,2586.1,2568.8166903174388,51443,8398,132147637.0,18219.0,35.42,44.75,18.1,1293.05,1289.8225,1293.236,Sell
TCS,2015-04-08,2588.0,2652.0,2581.25,2644.35,2632.0802068675644,54721,8762,144030061.0,20720.0,37.86,70.75,56.35,1322.175,1289.8525,1294.5520000000001,Hold
TCS,2015-04-09,2678.8,2683.95,2635.15,2661.15,2657.605316582323,67976,12050,180653379.0,26486.0,38.96,48.8,-17.65,1330.575,1290.31125,1296.1464999999998,Hold
TCS,2015-04-10,2655.0,2669.65,2628.8,2651.95,2647.695729442971,37700,5569,99818129.0,15392.0,40.83,40.85,-3.05,1325.975,1291.37625,1297.638,Hold
TCS,2015-04-13,2667.0,2667.0,2630.0,2650.25,2647.5938862307285,37620,6128,99602482.0,9039.0,24.03,37.0,-16.75,1325.125,1292.1575,1298.7935,Hold
TCS,2015-04-15,2650.0,2712.0,2612.45,2624.7,2646.5486957698913,140351,11695,371445756.0,14342.0,10.22,99.55,-25.3,1312.35,1293.24875,1299.6270000000002,Hold
TCS,2015-04-16,2634.9,2634.9,2567.8,2585.2,2589.938277491223,115355,13991,298762330.0,36613.0,31.74,67.1,-49.7,1292.6,1293.745,1300.669,Hold
TCS,2015-04-17,2561.0,2561.0,2471.0,2476.2,2490.0898296348323,374431,38347,932366825.0,161089.0,43.02,90.0,-84.8,1238.1,1291.1275,1300.303,Hold
TCS,2015-04-20,2484.0,2486.0,2427.0,2430.65,2444.1310583909835,781148,18101,1909228088.0,70617.0,9.04,59.0,-53.35,1215.325,1287.87625,1299.0615,Hold
TCS,2015-04-21,2438.9,2450.0,2402.0,2426.85,2428.104123918729,74565,11162,181051584.0,24261.0,32.54,48.0,-12.05,1213.425,1283.6875,1298.19,Hold
TCS,2015-04-22,2425.0,2468.15,2407.1,2447.9,2429.3230585106385,75200,10056,182685094.0,30147.0,40.09,61.05,22.9,1223.95,1279.64375,1297.15,Hold
TCS,2015-04-23,2472.1,2476.45,2433.0,2456.85,2458.4500777259605,45030,7877,110704007.0,11215.0,24.91,43.45,-15.25,1228.425,1275.80125,1295.9585,Hold
TCS,2015-04-24,2458.0,2515.0,2450.0,2496.9,2489.786750107397,86129,11337,214442843.0,32539.0,37.78,65.0,38.9,1248.45,1273.385,1295.7759999999998,Hold
TCS,2015-04-27,2509.0,2518.6,2486.35,2500.3,2502.1590475120743,62321,7985,155937054.0,31716.0,50.89,32.25,-8.7,1250.15,1271.565,1296.3495,Hold
TCS,2015-04-28,2505.0,2506.65,2456.1,2494.55,2476.3885991941215,59066,9785,146270369.0,21408.0,36.24,50.55,-10.45,1247.275,1271.095,1296.6935,Hold
TCS,2015-04-29,2494.0,2495.0,2453.05,2485.65,2468.23115848781,57506,7560,141938101.0,25232.0,43.88,41.95,-8.35,1242.825,1270.33125,1296.922,Hold
TCS,2015-04-30,2484.0,2484.0,2428.3,2466.65,2455.9031564364213,96723,13592,237542321.0,32369.0,33.47,55.7,-17.35,1233.325,1268.0662499999999,1296.2020000000002,Hold
TCS,2015-05-04,2482.0,2503.85,2457.15,2479.1,2476.280979111773,52374,9904,129692740.0,18659.0,35.63,46.7,-2.9,1239.55,1266.3675,1295.1405,Hold
TCS,2015-05-05,2501.25,2535.0,2500.15,2519.25,2516.5271845161287,96875,12739,243788571.0,45638.0,47.11,34.85,18.0,1259.625,1265.76375,1293.994,Hold
TCS,2015-05-06,2511.0,2517.0,2456.6,2462.85,2467.872970818331,114147,13277,281700296.0,61425.0,53.81,60.4,-48.15,1231.425,1263.685,1291.8255,Hold
TCS,2015-05-07,2465.0,2556.0,2460.0,2543.3,2520.667166066738,102790,16041,259099378.0,46269.0,45.01,96.0,78.3,1271.65,1262.615,1290.51,Hold
TCS,2015-05-08,2552.0,2586.8,2520.05,2530.7,2551.8485173332488,63433,11573,161871407.0,16211.0,25.56,66.75,-21.3,1265.35,1259.77375,1288.8665,Hold
TCS,2015-05-11,2545.0,2562.85,2526.25,2555.8,2550.103920953576,31880,3479,81297313.0,7071.0,22.18,36.6,10.8,1277.9,1257.1399999999999,1287.353,Hold
TCS,2015-05-12,2555.0,2559.25,2515.35,2521.2,2526.3271637122,30688,3228,77527928.0,6598.0,21.5,43.9,-33.8,1260.6,1253.87125,1285.8519999999999,Hold
TCS,2015-05-13,2525.85,2545.0,2483.95,2519.95,2514.4940746554807,77717,5644,195418936.0,24244.0,31.2,61.05,-5.9,1259.975,1250.61375,1284.488,Hold
TCS,2015-05-14,2528.5,2528.5,2486.25,2499.95,2498.1248006988667,418964,5876,1046624359.0,379085.0,90.48,42.25,-28.55,1249.975,1247.4950000000001,1282.85,Hold
TCS,2015-05-15,2508.0,2530.0,2501.0,2509.65,2511.5570413706646,16751,1913,42071092.0,4132.0,24.67,29.0,1.65,1254.825,1245.60625,1281.1935,Hold
TCS,2015-05-18,2515.0,2525.0,2495.0,2519.35,2501.686106367087,915772,9580,2290974089.0,865918.0,94.56,30.0,4.35,1259.675,1246.685,1279.6855,Hold
TCS,2015-05-19,2520.0,2529.5,2498.3,2511.95,2511.290231963848,106439,3466,267299221.0,70583.0,66.31,31.2,-8.05,1255.975,1248.7175,1277.058,Hold
TCS,2015-05-20,2528.0,2563.7,2520.0,2557.55,2549.067389333876,54059,3821,137800034.0,18279.0,33.81,43.7,29.55,1278.775,1251.9850000000001,1275.1995,Hold
TCS,2015-05-21,2559.9,2580.0,2549.0,2557.65,2566.5450503092666,35083,3026,90042100.0,9302.0,26.51,31.0,-2.25,1278.825,1254.7287499999998,1273.8125,Hold
TCS,2015-05-22,2555.5,2629.0,2541.05,2619.55,2583.594543749221,368898,5597,953082860.0,335192.0,90.86,87.95,64.05,1309.775,1258.7962499999999,1273.5765,Hold
TCS,2015-05-25,2620.0,2633.2,2588.1,2601.4,2607.1304602912155,37498,2950,97762178.0,13783.0,36.76,45.1,-18.6,1300.7,1261.40875,1273.1625,Hold
TCS,2015-05-26,2603.15,2622.0,2590.0,2606.35,2609.7182507245298,26914,2416,70237957.0,8982.0,33.37,32.0,3.2,1303.175,1264.06,1273.1325,Hold
TCS,2015-05-27,2595.0,2631.5,2592.0,2616.55,2614.9296656371134,48241,3623,126146822.0,24962.0,51.74,39.5,21.55,1308.275,1267.1100000000001,1273.108,Hold
TCS,2015-05-28,2600.0,2624.9,2582.9,2609.95,2604.8208362900473,38049,3429,99110828.0,11855.0,31.16,42.0,9.95,1304.975,1270.2175,1273.3970000000002,Hold
TCS,2015-05-29,2611.35,2646.95,2599.4,2610.6,2617.453896945513,97987,6582,256476455.0,28091.0,28.67,47.55,-0.75,1305.3,1273.81625,1273.8495,Hold
TCS,2015-06-01,2610.25,2644.85,2607.6,2616.4,2621.254790516401,36948,3057,96850122.0,12538.0,33.93,37.25,6.15,1308.2,1277.24875,1274.2045,Buy
TCS,2015-06-02,2628.0,2630.5,2591.0,2600.45,2609.5007917503476,51784,4956,135130389.0,17728.0,34.23,39.5,-27.55,1300.225,1279.27875,1274.6019999999999,Hold
TCS,2015-06-03,2609.95,2625.0,2592.0,2610.75,2611.3037390612567,50280,4597,131296352.0,17770.0,35.34,33.0,0.8,1305.375,1282.97625,1274.7655,Hold
TCS,2015-06-04,2620.0,2622.0,2590.5,2606.2,2607.403250661472,34393,3185,89676420.0,9386.0,27.29,31.5,-13.8,1303.1,1284.5487500000002,1274.731,Hold
TCS,2015-06-05,2584.55,2605.0,2568.0,2572.35,2592.2512098548173,111377,4507,288717163.0,62505.0,56.12,37.0,-12.2,1286.175,1285.59,1274.349,Hold
TCS,2015-06-08,2598.0,2598.0,2564.6,2578.65,2576.8285281162402,34962,3248,90091079.0,14975.0,42.83,33.4,-19.35,1289.325,1286.16125,1274.2,Hold
TCS,2015-06-09,2575.0,2588.0,2550.0,2558.1,2568.833637889241,26815,2382,68883274.0,6833.0,25.48,38.0,-16.9,1279.05,1287.08375,1274.05,Hold
TCS,2015-06-10,2564.0,2610.0,2564.0,2602.05,2586.798029447089,44962,3347,116307613.0,17569.0,39.08,46.0,38.05,1301.025,1289.13625,1274.937,Hold
TCS,2015-06-11,2605.0,2625.0,2551.0,2571.0,2583.93748502994,41750,3728,107879390.0,11424.0,27.36,74.0,-34.0,1285.5,1290.9125,1275.485,Hold
TCS,2015-06-12,2574.85,2588.05,2477.0,2512.05,2525.2578968752655,105833,8599,267255619.0,23106.0,21.83,111.05,-62.8,1256.025,1290.9725,1275.0330000000001,Hold
TCS,2015-06-15,2500.0,2519.9,2482.0,2511.8,2506.110923236312,102314,3631,256410233.0,63060.0,61.63,37.9,11.8,1255.9,1290.78375,1274.6805,Hold
TCS,2015-06-16,2512.1,2516.4,2495.0,2511.05,2508.8819011504597,31118,2291,78071387.0,7956.0,25.57,21.4,-1.05,1255.525,1290.76125,1274.357,Hold
TCS,2015-06-17,2511.0,2530.05,2503.2,2514.95,2516.102232055704,46101,3705,115994829.0,18013.0,39.07,26.85,3.95,1257.475,1289.69625,1274.0465,Hold
TCS,2015-06-18,2515.0,2545.8,2511.0,2528.55,2533.6769611770706,41187,3653,104354553.0,15558.0,37.77,34.8,13.55,1264.275,1288.96875,1273.471,Hold
TCS,2015-06-19,2539.9,2560.0,2530.0,2551.1,2544.850111783272,30416,2793,77404161.0,9747.0,32.05,30.0,11.2,1275.55,1287.2575000000002,1272.5384999999999,Hold
TCS,2015-06-22,2552.55,2605.0,2552.0,2595.7,2588.361203554397,29147,2672,75442964.0,8645.0,29.66,53.0,43.15,1297.85,1287.115,1271.884,Hold
TCS,2015-06-23,2600.0,2600.0,2571.05,2577.7,2586.813116465643,72794,2974,188304474.0,48406.0,66.5,28.95,-22.3,1288.85,1286.3987499999998,1271.1415000000002,Hold
TCS,2015-06-24,2582.0,2585.8,2560.0,2568.4,2576.335806507144,58090,2810,149659347.0,35843.0,61.7,25.8,-13.6,1284.2,1285.195,1270.323,Hold
TCS,2015-06-25,2567.0,2574.0,2546.5,2551.75,2558.531337149567,27252,2634,69725096.0,7798.0,28.61,27.5,-15.25,1275.875,1283.74,1269.5935,Hold
TCS,2015-06-26,2553.0,2598.0,2553.0,2594.05,2576.380368463347,33599,2656,86563804.0,8268.0,24.61,45.0,41.05,1297.025,1283.32625,1269.682,Hold
TCS,2015-06-29,2580.0,2603.2,2546.0,2593.55,2568.182299561032,50801,4342,130466229.0,9180.0,18.07,57.2,13.55,1296.775,1282.7549999999999,1270.8555000000001,Hold
TCS,2015-06-30,2590.0,2590.0,2547.0,2552.2,2559.4368546757305,54430,4028,139310148.0,12869.0,23.64,43.0,-37.8,1276.1,1281.5487500000002,1272.0710000000001,Hold
TCS,2015-07-01,2565.0,2599.0,2560.15,2591.8,2583.1153273583473,32915,3337,85023241.0,8661.0,26.31,38.85,26.8,1295.9,1281.075,1273.7205000000001,Hold
TCS,2015-07-02,2608.8,2608.8,2575.0,2580.85,2584.05504030032,36228,2812,93615146.0,10108.0,27.9,33.8,-27.95,1290.425,1280.44125,1275.05,Hold
TCS,2015-07-03,2577.0,2608.65,2571.0,2604.8,2594.9372436006106,29495,3790,76537674.0,14224.0,48.23,37.65,27.8,1302.4,1281.2525,1276.5294999999999,Hold
TCS,2015-07-06,2590.0,2643.4,2581.9,2632.8,2614.8620355411954,46425,4310,121394970.0,14875.0,32.04,61.5,42.8,1316.4,1282.60625,1277.8885,Hold
TCS,2015-07-07,2635.0,2646.65,2604.9,2619.05,2626.291815673853,39148,3552,102814072.0,10089.0,25.77,41.75,-15.95,1309.525,1284.1299999999999,1279.076,Hold
TCS,2015-07-08,2601.0,2622.45,2584.1,2594.05,2599.646777319289,151706,5527,394382014.0,111755.0,73.67,38.35,-6.95,1297.025,1283.9299999999998,1280.0710000000001,Hold
TCS,2015-07-09,2600.0,2600.0,2505.75,2521.4,2541.5836577072787,129994,10611,330390626.0,43756.0,33.66,94.25,-78.6,1260.7,1282.69,1280.4285,Hold
TCS,2015-07-10,2562.0,2562.0,2455.0,2471.9,2489.0484624919236,303348,23576,755047873.0,104706.0,34.52,107.0,-90.1,1235.95,1281.6862500000002,1280.481,Hold
TCS,2015-07-13,2484.0,2518.3,2480.0,2508.6,2502.0469511433207,64024,4657,160191054.0,20057.0,31.33,38.3,24.6,1254.3,1281.60625,1280.776,Hold
TCS,2015-07-14,2509.0,2511.8,2491.0,2499.5,2499.508440809479,47685,3205,119189060.0,17416.0,36.52,20.8,-9.5,1249.75,1281.3175,1280.5785,Hold
TCS,2015-07-15,2503.0,2550.0,2503.0,2546.25,2533.6758929347357,46028,4087,116620034.0,17985.0,39.07,47.0,43.25,1273.125,1282.1,1281.4125,Hold
TCS,2015-07-16,2541.0,2558.45,2526.0,2538.15,2541.5986466796726,40493,3564,102916954.0,9509.0,23.48,32.45,-2.85,1269.075,1282.3400000000001,1281.3609999999999,Hold
TCS,2015-07-17,2541.0,2567.0,2541.0,2559.35,2555.601193082312,36544,3115,93391890.0,8395.0,22.97,26.0,18.35,1279.675,1282.5462499999999,1281.6475,Hold
TCS,2015-07-20,2559.0,2589.0,2554.35,2579.55,2571.223474035833,32930,2648,84670389.0,13162.0,39.97,34.65,20.55,1289.775,1282.1425000000002,1281.885,Hold
TCS,2015-07-21,2579.5,2599.05,2556.0,2562.85,2574.2599697122664,39620,3053,101992180.0,11962.0,30.19,43.05,-16.65,1281.425,1281.7712500000002,1282.3015,Sell
TCS,2015-07-22,2560.0,2567.9,2521.4,2528.1,2531.8007308304354,67868,6976,171828252.0,30083.0,44.33,46.5,-31.9,1264.05,1280.76375,1282.383,Hold
TCS,2015-07-23,2535.0,2538.45,2483.0,2487.95,2505.8687347067644,63345,4541,158734255.0,26001.0,41.05,55.45,-47.05,1243.975,1279.16875,1282.263,Hold
TCS,2015-07-24,2514.0,2517.0,2493.85,2503.75,2505.2175103112113,26670,2213,66814151.0,7006.0,26.27,23.15,-10.25,1251.875,1276.9112499999999,1282.204,Hold
TCS,2015-07-27,2500.0,2505.0,2482.05,2496.9,2497.0974825923945,65345,5207,163172835.0,41736.0,63.87,22.95,-3.1,1248.45,1274.4950000000001,1281.9795000000001,Hold
TCS,2015-07-28,2500.0,2518.95,2492.05,2501.5,2509.228005570169,32315,3066,81085703.0,14711.0,45.52,26.9,1.5,1250.75,1273.2275,1281.8750000000002,Hold
TCS,2015-07-29,2512.0,2515.45,2484.9,2508.1,2503.816897104881,39273,2976,98332401.0,14419.0,36.71,30.55,-3.9,1254.05,1271.135,1281.3805,Hold
TCS,2015-07-30,2510.0,2515.0,2477.0,2480.95,2491.515690063956,50191,3487,125051664.0,26830.0,53.46,38.0,-29.05,1240.475,1268.6375,1280.6135,Hold
TCS,2015-07-31,2490.0,2518.5,2488.55,2510.0,2499.7406106392705,41563,2962,103896719.0,16616.0,39.98,29.95,20.0,1255.0,1266.2675000000002,1279.5179999999998,Hold
TCS,2015-08-03,2509.9,2524.0,2500.0,2507.95,2513.3926619828258,24339,2410,61173464.0,8791.0,36.12,24.0,-1.95,1253.975,1263.14625,1278.5835,Hold
TCS,2015-08-04,2510.0,2520.8,2485.8,2509.3,2500.893364223068,30215,2579,75564493.0,10304.0,34.1,35.0,-0.7,1254.65,1260.4025000000001,1277.6129999999998,Hold
TCS,2015-08-05,2510.0,2547.85,2510.0,2541.65,2537.2050306932174,33395,2909,84729962.0,11341.0,33.96,37.85,31.65,1270.825,1259.0925,1276.864,Hold
TCS,2015-08-06,2550.0,2582.0,2550.0,2574.3,2565.844140467553,39696,2849,101853749.0,14126.0,35.59,32.0,24.3,1287.15,1260.415,1276.5075000000002,Hold
TCS,2015-08-07,2574.3,2574.3,2548.25,2551.7,2558.3964192019143,21727,2163,55586279.0,8286.0,38.14,26.05,-22.6,1275.85,1262.4099999999999,1275.9185,Hold
TCS,2015-08-10,2563.0,2588.0,2558.3,2570.8,2577.2688321536903,31648,3449,81565404.0,11907.0,37.62,29.7,7.8,1285.4,1263.965,1275.4625,Hold
TCS,2015-08-11,2570.0,2609.95,2544.05,2603.05,2592.529463124016,58412,4837,151434831.0,26017.0,44.54,65.9,33.05,1301.525,1266.55375,1275.4885,Hold
TCS,2015-08-12,2603.0,2689.6,2603.0,2671.4,2664.252630739001,200514,8064,534219952.0,91189.0,45.48,86.6,68.4,1335.7,1269.6825000000001,1276.095,Hold
TCS,2015-08-13,2671.5,2682.5,2627.05,2637.4,2655.664773486569,44898,4134,119234037.0,11717.0,26.1,55.45,-34.1,1318.7,1272.16375,1276.407,Hold
TCS,2015-08-14,2635.1,2713.0,2635.1,2693.65,2686.9219833105212,67947,5797,182568288.0,15598.0,22.96,77.9,58.55,1346.825,1275.52125,1277.6200000000001,Hold
TCS,2015-08-17,2694.0,2694.0,2655.45,2684.75,2673.2138135836763,41756,4334,111622716.0,17884.0,42.83,38.55,-9.25,1342.375,1278.15125,1278.681,Hold
TCS,2015-08-18,2700.0,2746.0,2694.2,2734.6,2734.6092388146426,51630,5207,141187875.0,14093.0,27.3,51.8,34.6,1367.3,1282.445,1280.4460000000001,Buy
TCS,2015-08-19,2750.0,2750.95,2718.05,2731.4,2737.9688758228413,31294,2863,85681998.0,7990.0,25.53,32.9,-18.6,1365.7,1287.5275,1281.7395000000001,Hold
TCS,2015-08-20,2732.0,2732.0,2675.25,2691.2,2701.478363066538,33184,3416,89645858.0,6607.0,19.91,56.75,-40.8,1345.6,1292.60875,1282.9415000000001,Hold
TCS,2015-08-21,2690.3,2727.8,2657.0,2675.1,2685.6750073866156,54152,5553,145434673.0,12534.0,23.15,70.8,-15.2,1337.55,1296.8925000000002,1284.572,Hold
TCS,2015-08-24,2675.0,2675.0,2570.0,2579.2,2604.526709185194,83885,6136,218480723.0,28346.0,33.79,105.0,-95.8,1289.6,1298.95,1285.246,Hold
TCS,2015-08-25,2585.0,2618.1,2536.1,2567.35,2576.584479043759,77972,6225,200901445.0,23476.0,30.11,82.0,-17.65,1283.675,1300.59625,1285.809,Hold
TCS,2015-08-26,2565.45,2638.95,2514.9,2576.75,2593.497090668041,54308,5277,140847640.0,20368.0,37.5,124.05,11.3,1288.375,1302.3125,1286.427,Hold
TCS,2015-08-27,2615.2,2615.2,2547.0,2577.6,2571.7039741741364,31906,3604,82052787.0,8332.0,26.11,68.2,-37.6,1288.8,1304.7287499999998,1286.9175,Hold
TCS,2015-08-28,2599.0,2604.9,2560.0,2570.65,2584.817236770457,40402,4136,104431786.0,10979.0,27.17,44.9,-28.35,1285.325,1306.245,1287.113,Hold
TCS,2015-08-31,2583.85,2588.45,2533.0,2565.25,2567.285751070952,42719,3327,109671880.0,13317.0,31.17,55.45,-18.6,1282.625,1307.6775,1286.8085,Hold
TCS,2015-09-01,2567.0,2610.0,2531.0,2538.8,2572.769667032565,49194,4720,126564831.0,15559.0,31.63,79.0,-28.2,1269.4,1308.415,1286.4195,Hold
TCS,2015-09-02,2560.0,2619.0,2546.6,2593.2,2596.051410177231,53433,4810,138714815.0,12596.0,23.57,72.4,33.2,1296.6,1309.70375,1286.6675,Hold
TCS,2015-09-03,2614.0,2614.0,2577.0,2605.25,2594.647745599888,28522,2693,74004543.0,6957.0,24.39,37.0,-8.75,1302.625,1310.4775,1287.2025,Hold
TCS,2015-09-04,2625.0,2625.0,2542.45,2549.45,2569.7952027891783,45318,4275,116457979.0,9557.0,21.09,82.55,-75.55,1274.725,1310.4212499999999,1286.7565,Hold
TCS,2015-09-07,2552.0,2559.5,2535.0,2539.5,2546.4183824168185,23022,2210,58623644.0,5870.0,25.5,24.5,-12.5,1269.75,1309.63875,1286.216,Hold
TCS,2015-09-08,2543.0,2563.7,2523.05,2542.1,2539.623733205337,256257,4542,650796359.0,214445.0,83.68,40.65,-0.9,1271.05,1308.115,1286.115,Hold
TCS,2015-09-09,2560.0,2575.0,2546.65,2550.65,2558.9708775437803,31007,2374,79346010.0,12228.0,39.44,28.35,-9.35,1275.325,1305.09625,1285.7034999999998,Hold
TCS,2015-09-10,2540.0,2576.0,2527.05,2542.35,2551.0426016671786,55303,4359,141080309.0,13718.0,24.81,48.95,2.35,1271.175,1302.72,1285.3185,Hold
TCS,2015-09-11,2549.9,2568.0,2535.2,2545.5,2551.2752685546875,40960,3569,104500235.0,13453.0,32.84,32.8,-4.4,1272.75,1299.0162500000001,1284.7255,Hold
TCS,2015-09-14,2555.0,2564.7,2545.15,2550.75,2552.802703014901,17314,2343,44199226.0,8162.0,47.14,19.55,-4.25,1275.375,1295.66625,1283.905,Hold
TCS,2015-09-15,2550.75,2558.0,2536.0,2543.15,2546.9164053111353,34117,4277,86893147.0,11312.0,33.16,22.0,-7.6,1271.575,1290.88,1283.146,Hold
TCS,2015-09-16,2548.0,2563.95,2543.5,2551.15,2553.9774038461537,20800,1848,53122730.0,6904.0,33.19,20.45,3.15,1275.575,1286.37375,1282.7169999999999,Hold
TCS,2015-09-18,2560.0,2585.0,2547.8,2554.15,2575.37775950408,47427,3443,122142441.0,11949.0,25.19,37.2,-5.85,1277.075,1282.9474999999998,1283.0445,Sell
TCS,2015-09-21,2550.0,2554.15,2534.15,2550.7,2545.433830262628,27301,2255,69492889.0,13197.0,48.34,20.0,0.7,1275.35,1279.8375,1283.8325,Hold
TCS,2015-09-22,2554.15,2575.0,2493.9,2526.35,2537.4820487520465,44593,4269,113153937.0,14745.0,33.07,81.1,-27.8,1263.175,1278.5162500000001,1284.01,Hold
TCS,2015-09-23,2527.0,2557.3,2515.0,2534.05,2534.637033438588,37053,3236,93915906.0,11181.0,30.18,42.3,7.05,1267.025,1277.6837500000001,1284.3555000000001,Hold
TCS,2015-09-24,2534.0,2583.95,2531.9,2575.6,2565.199105883765,66658,5195,170991042.0,26536.0,39.81,52.05,41.6,1287.8,1277.6550000000002,1284.649,Hold
TCS,2015-09-28,2580.0,2618.95,2580.0,2590.35,2601.5726369058375,27665,2636,71972507.0,6141.0,22.2,38.95,10.35,1295.175,1277.97375,1285.171,Hold
TCS,2015-09-29,2572.0,2632.0,2570.0,2590.2,2604.2810559006207,37352,3847,97275106.0,7344.0,19.66,62.0,18.2,1295.1,1278.4625,1285.4795,Hold
TCS,2015-09-30,2630.0,2641.8,2571.55,2587.7,2584.785965144788,45273,4245,117021015.0,20747.0,45.83,70.25,-42.3,1293.85,1279.02375,1285.561,Hold
TCS,2015-10-01,2600.0,2645.0,2590.6,2639.7,2631.9720893141944,55176,4716,145221692.0,18821.0,34.11,54.4,39.7,1319.85,1281.5462499999999,1286.3295,Hold
TCS,2015-10-05,2650.0,2769.0,2650.0,2713.45,2710.6045067127175,107706,8032,291948369.0,47752.0,44.34,119.0,63.45,1356.725,1284.5525,1288.183,Hold
TCS,2015-10-06,2725.0,2725.4,2680.2,2695.7,2704.2430326640692,66740,4060,180481180.0,34440.0,51.6,45.2,-29.3,1347.85,1286.81375,1290.2605,Hold
TCS,2015-10-07,2695.7,2716.45,2647.1,2655.1,2684.139790018259,65720,6309,176401667.0,23868.0,36.32,69.35,-40.6,1327.55,1289.455,1291.774,Hold
TCS,2015-10-08,2665.05,2678.0,2620.5,2634.75,2641.771398445253,48368,4475,127777199.0,19695.0,40.72,57.5,-30.3,1317.375,1291.8362499999998,1293.1525,Hold
TCS,2015-10-09,2678.0,2678.0,2610.0,2629.85,2629.343118644068,59000,3789,155131244.0,26420.0,44.78,68.0,-48.15,1314.925,1294.03,1294.436,Hold
TCS,2015-10-12,2667.0,2670.0,2585.3,2592.4,2611.701739937241,95923,12316,250522266.0,36733.0,38.29,84.7,-74.6,1296.2,1295.07375,1295.279,Hold
TCS,2015-10-13,2605.0,2612.45,2568.05,2597.4,2588.927193579328,121981,8946,315799928.0,28454.0,23.33,44.4,-7.6,1298.7,1296.45,1296.4435,Buy
TCS,2015-10-14,2550.0,2550.0,2480.0,2483.4,2496.515313880641,361698,21560,902984596.0,109647.0,30.31,70.0,-66.6,1241.7,1294.8975,1296.1775,Sell
TCS,2015-10-15,2490.0,2505.0,2465.0,2468.65,2491.2004218159414,421985,11944,1051249210.0,355393.0,84.22,40.0,-21.35,1234.325,1292.8449999999998,1295.7845,Hold
TCS,2015-10-16,2490.0,2492.0,2470.0,2475.95,2479.8875877808987,56960,5125,141254397.0,24133.0,42.37,22.0,-14.05,1237.975,1291.165,1295.451,Hold
TCS,2015-10-19,2478.0,2493.0,2458.0,2486.85,2474.2396068095286,78537,6967,194319356.0,22649.0,28.84,35.0,8.85,1243.425,1289.5575,1294.9029999999998,Hold
TCS,2015-10-20,2493.0,2529.8,2492.5,2526.7,2518.784308343156,61931,4905,155990831.0,19415.0,31.35,37.3,33.7,1263.35,1288.87125,1294.427,Hold
TCS,2015-10-21,2526.75,2542.2,2518.7,2525.5,2532.3168289471546,61519,4993,155785599.0,26674.0,43.36,23.5,-1.25,1262.75,1288.2412499999998,1294.165,Hold
TCS,2015-10-23,2535.0,2542.0,2527.05,2536.2,2534.964504219409,37920,2721,96125854.0,17826.0,47.01,14.95,1.2,1268.1,1288.4875,1293.819,Hold
TCS,2015-10-26,2545.0,2548.0,2517.0,2535.2,2528.8121854993033,42329,2998,107042091.0,17725.0,41.87,31.0,-9.8,1267.6,1288.51625,1293.1405,Hold
TCS,2015-10-27,2535.2,2543.95,2521.45,2529.8,2530.8763766781985,31507,2454,79740322.0,13648.0,43.32,22.5,-5.4,1264.9,1287.37125,1291.7245,Hold
TCS,2015-10-28,2526.0,2530.0,2507.6,2524.65,2522.8029634471864,36714,2963,92622188.0,14757.0,40.19,22.4,-1.35,1262.325,1285.7287499999998,1290.597,Hold
TCS,2015-10-29,2530.0,2530.0,2493.0,2496.15,2500.511632566734,89834,5507,224630962.0,56454.0,62.84,37.0,-33.85,1248.075,1283.3775,1288.622,Hold
TCS,2015-10-30,2501.0,2511.0,2485.0,2497.3,2497.231421240722,43652,3130,109009146.0,18517.0,42.42,26.0,-3.7,1248.65,1281.1174999999998,1286.7475,Hold
TCS,2015-11-02,2497.0,2516.9,2488.05,2511.2,2506.024665201925,38232,3354,95810335.0,13660.0,35.73,28.85,14.2,1255.6,1277.905,1284.5135,Hold
TCS,2015-11-03,2520.0,2545.55,2518.55,2542.6,2536.113553113553,35490,3697,90006670.0,14541.0,40.97,27.0,22.6,1271.3,1273.6337500000002,1282.6254999999999,Hold
TCS,2015-11-04,2551.0,2551.0,2520.2,2529.45,2531.3009735175983,29378,3130,74364560.0,8598.0,29.27,30.8,-21.55,1264.725,1269.4775,1281.0079999999998,Hold
TCS,2015-11-05,2538.95,2539.0,2485.15,2490.75,2496.473254480003,126395,5607,315541737.0,34371.0,27.19,53.85,-48.2,1245.375,1265.36875,1279.1644999999999,Hold
TCS,2015-11-06,2488.0,2515.6,2483.0,2505.75,2506.409255550347,23467,2051,58817906.0,8498.0,36.21,32.6,17.75,1252.875,1262.14375,1278.4299999999998,Hold
TCS,2015-11-09,2484.0,2500.6,2468.95,2475.05,2477.482101244484,121014,5641,299810019.0,82849.0,68.46,31.65,-8.95,1237.525,1258.2737499999998,1277.507,Hold
TCS,2015-11-10,2476.0,2478.0,2451.5,2461.7,2464.594257128564,99950,4070,246336196.0,57235.0,57.26,26.5,-14.3,1230.85,1255.00625,1276.3564999999999,Hold
TCS,2015-11-11,2471.0,2480.3,2456.8,2470.55,2469.1754087400477,16453,1552,40625343.0,7860.0,47.77,23.5,-0.45,1235.275,1251.8349999999998,1275.2859999999998,Hold
TCS,2015-11-13,2465.0,2465.0,2387.7,2397.3,2403.2444748104494,105381,10150,253256306.0,48835.0,46.34,77.3,-67.7,1198.65,1249.6825,1273.5525,Hold
TCS,2015-11-16,2400.0,2400.0,2355.0,2374.9,2371.462508749825,71430,6931,169393567.0,31742.0,44.44,45.0,-25.1,1187.45,1247.3387500000001,1271.649,Hold
TCS,2015-11-17,2381.0,2398.45,2375.75,2390.5,2386.723875624653,54030,3421,128954691.0,27736.0,51.33,22.7,9.5,1195.25,1245.2024999999999,1270.166,Hold
TCS,2015-11-18,2390.55,2390.55,2346.95,2351.9,2360.469431726367,96538,5628,227874998.0,45940.0,47.59,43.6,-38.65,1175.95,1241.8287500000001,1267.753,Hold
TCS,2015-11-19,2370.0,2381.25,2352.05,2363.2,2369.439050278624,158278,2993,375030074.0,134859.0,85.2,29.2,-6.8,1181.6,1237.74125,1265.3325,Hold
TCS,2015-11-20,2364.1,2422.0,2364.0,2395.55,2402.43134052267,50816,4883,122081951.0,9327.0,18.35,58.0,31.45,1197.775,1234.4925,1263.7935,Hold
TCS,2015-11-23,2413.9,2413.9,2384.15,2391.7,2398.020305873281,31124,2563,74635984.0,8212.0,26.38,29.75,-22.2,1195.85,1230.8799999999999,1262.3155,Hold
TCS,2015-11-24,2388.0,2391.9,2365.0,2370.1,2378.2113287415696,27876,2366,66295019.0,10409.0,37.34,26.9,-17.9,1185.05,1226.7525,1260.5955000000001,Hold
TCS,2015-11-26,2372.0,2381.8,2338.0,2345.15,2356.9139424045106,44691,4036,105332841.0,21131.0,47.28,43.8,-26.85,1172.575,1222.13625,1258.5405,Hold
TCS,2015-11-27,2346.0,2357.9,2333.0,2352.65,2348.3708393744023,64834,4986,152254275.0,19438.0,29.98,24.9,6.65,1176.325,1217.83625,1256.6435,Hold
TCS,2015-11-30,2360.0,2381.3,2352.0,2365.25,2366.6946174875634,44626,3567,105616114.0,10706.0,23.99,29.3,5.25,1182.625,1214.56375,1254.841,Hold
TCS,2015-12-01,2365.0,2378.4,2357.2,2362.15,2363.333586779077,44717,2812,105681188.0,24108.0,53.91,21.2,-2.85,1181.075,1211.185,1252.955,Hold
TCS,2015-12-02,2367.0,2370.95,2349.0,2365.25,2362.2976848610674,41423,3022,97853457.0,16422.0,39.64,21.95,-1.75,1182.625,1207.53625,1251.1760000000002,Hold
TCS,2015-12-03,2366.0,2372.55,2347.5,2350.85,2353.7988841541096,68289,3680,160738572.0,36911.0,54.05,25.05,-15.15,1175.425,1202.7425,1249.1729999999998,Hold
TCS,2015-12-04,2339.8,2340.0,2322.0,2330.15,2331.0361368297154,82409,4868,192098357.0,39455.0,47.88,18.0,-9.65,1165.075,1197.76,1246.933,Hold
TCS,2015-12-07,2331.0,2345.0,2316.65,2324.1,2325.094600597192,81046,5597,188439617.0,36126.0,44.57,28.35,-6.9,1162.05,1193.59375,1244.667,Hold
TCS,2015-12-08,2323.0,2348.5,2318.0,2329.5,2332.22944996288,106411,5681,248174868.0,67972.0,63.88,30.5,6.5,1164.75,1189.1875,1242.6985,Hold
TCS,2015-12-09,2330.0,2371.0,2320.55,2365.7,2356.950169046485,86071,6128,202865058.0,,,50.45,35.7,1182.85,1186.45375,1241.015,Hold
TCS,2015-12-10,2370.0,2392.4,2353.5,2380.75,2374.758745254156,54258,4169,128849660.0,17011.0,31.35,38.9,10.75,1190.375,1184.4299999999998,1239.0665000000001,Hold
TCS,2015-12-11,2395.0,2395.0,2363.05,2387.25,2384.4610542438727,53536,2592,127654507.0,30837.0,57.6,31.95,-7.75,1193.625,1182.3474999999999,1237.0355,Hold
TCS,2015-12-14,2344.9,2384.45,2335.0,2377.45,2361.2396203066296,134951,7148,318651648.0,65685.0,48.67,49.45,32.55,1188.725,1181.8512500000002,1234.9080000000001,Hold
TCS,2015-12-15,2380.0,2384.9,2365.7,2375.2,2375.1250231799127,26963,3529,64040496.0,7542.0,27.97,19.2,-4.8,1187.6,1181.8587499999999,1232.7830000000001,Hold
TCS,2015-12-16,2397.95,2414.55,2385.7,2407.1,2398.5508463850656,126420,5219,303224798.0,80007.0,63.29,28.85,9.15,1203.55,1182.2737499999998,1230.457,Hold
TCS,2015-12-17,2420.0,2445.75,2395.2,2440.35,2418.1930223739096,68562,3711,165796150.0,37459.0,54.64,50.55,20.35,1220.175,1184.485,1227.7259999999999,Hold
TCS,2015-12-18,2437.55,2437.55,2403.15,2416.45,2413.796418932427,160064,5991,386361910.0,107921.0,67.42,34.4,-21.1,1208.225,1185.81625,1224.9334999999999,Hold
TCS,2015-12-21,2410.0,2448.0,2407.45,2440.95,2430.331937144109,36528,3183,88775165.0,11163.0,30.56,40.55,30.95,1220.475,1186.9512499999998,1222.7920000000001,Hold
TCS,2015-12-22,2441.05,2441.05,2400.5,2405.95,2414.4909912486414,34966,2613,84425092.0,11052.0,31.61,40.55,-35.1,1202.975,1187.3075000000001,1220.5040000000001,Hold
TCS,2015-12-23,2411.35,2435.0,2410.0,2420.4,2423.0882438076333,24183,2054,58597543.0,4922.0,20.35,25.0,9.05,1210.2,1188.565,1218.4095,Hold
TCS,2015-12-24,2420.0,2435.95,2403.8,2433.35,2426.0129714523855,19196,1702,46569745.0,4375.0,22.79,32.15,13.35,1216.675,1190.77,1216.8190000000002,Hold
TCS,2015-12-28,2422.0,2462.9,2422.0,2458.5,2441.8431871649505,207432,4667,506516416.0,133495.0,64.36,40.9,36.5,1229.25,1193.41625,1215.43,Hold
TCS,2015-12-29,2460.0,2464.5,2445.0,2451.95,2452.659211618257,24100,1978,59109087.0,4547.0,18.87,19.5,-8.05,1225.975,1195.58375,1215.1155,Hold
TCS,2015-12-30,2452.0,2457.0,2413.0,2418.4,2434.3995402131077,27404,2297,66712285.0,8181.0,29.85,44.0,-33.6,1209.2,1196.99,1214.6129999999998,Hold
TCS,2015-12-31,2420.0,2448.0,2409.0,2439.2,2429.4069121057146,31481,2740,76480159.0,7137.0,22.67,39.0,19.2,1219.6,1198.83875,1214.2455,Hold
TCS,2016-01-01,2432.1,2436.35,2412.4,2416.25,2421.1422535648826,32189,2835,77934148.0,14944.0,46.43,23.95,-15.85,1208.125,1200.4737499999999,1213.5395,Hold
TCS,2016-01-04,2416.1,2416.1,2369.05,2375.5,2380.9136526754487,131249,8610,312492536.0,62483.0,47.61,47.05,-40.6,1187.75,1201.6074999999998,1212.0275,Hold
TCS,2016-01-05,2383.0,2386.35,2343.55,2350.35,2352.204009417913,73477,5036,172832894.0,40299.0,54.85,42.8,-32.65,1175.175,1202.2637499999998,1210.2759999999998,Hold
TCS,2016-01-06,2365.0,2384.5,2352.2,2381.2,2374.3428033241,45125,3023,107142219.0,19682.0,43.62,32.3,16.2,1190.6,1203.55625,1208.7259999999999,Hold
TCS,2016-01-07,2375.0,2379.7,2359.85,2370.05,2366.703465324149,66343,3183,157014208.0,33127.0,49.93,19.85,-4.95,1185.025,1203.665,1207.0745,Hold
TCS,2016-01-08,2380.0,2409.0,2372.95,2397.25,2394.5575706818377,34627,2867,82916345.0,12260.0,35.41,36.05,17.25,1198.625,1204.0774999999999,1205.749,Hold
TCS,2016-01-11,2396.45,2396.45,2349.9,2363.0,2362.8929628160936,32783,3335,77462720.0,9890.0,30.17,46.55,-33.45,1181.5,1203.47125,1204.1325,Hold
TCS,2016-01-12,2367.95,2367.95,2301.1,2324.05,2323.271094807273,145569,10728,338196250.0,57834.0,39.73,66.85,-43.9,1162.025,1202.13625,1202.4115,Hold
TCS,2016-01-13,2317.0,2327.95,2258.0,2280.3,2277.579831507953,336277,15547,765897713.0,164358.0,48.88,69.95,-36.7,1140.15,1199.76375,1200.2415,Hold
TCS,2016-01-14,2275.0,2297.5,2252.6,2278.95,2280.4610037979332,122435,7367,279208243.0,57787.0,47.2,44.9,3.95,1139.475,1196.56,1197.9189999999999,Hold
TCS,2016-01-15,2290.0,2291.35,2258.15,2263.5,2265.3817525914424,87596,6741,198438380.0,42038.0,47.99,33.2,-26.5,1131.75,1192.13875,1195.128,Hold
TCS,2016-01-18,2270.0,2291.0,2263.0,2282.45,2281.293495563584,72243,3677,164807486.0,29380.0,40.67,28.0,12.45,1141.225,1188.78875,1192.6580000000001,Hold
TCS,2016-01-19,2283.0,2293.0,2267.25,2279.0,2277.0194610778444,27388,2023,62363009.0,12802.0,46.74,25.75,-4.0,1139.5,1184.74,1190.5405,Hold
TCS,2016-01-20,2279.0,2282.5,2243.75,2277.6,2264.752168733325,59597,4773,134972435.0,29371.0,49.28,38.75,-1.4,1138.8,1181.53125,1188.259,Hold
TCS,2016-01-21,2280.0,2286.25,2247.0,2261.2,2260.0848228610257,52981,3741,119741554.0,16273.0,30.71,39.25,-18.8,1130.6,1177.55125,1186.1205,Hold
TCS,2016-01-22,2266.0,2301.0,2260.0,2295.25,2282.8434303170784,149269,4253,340757756.0,121966.0,81.71,41.0,29.25,1147.625,1174.0987499999999,1184.4560000000001,Hold
TCS,2016-01-25,2295.15,2338.8,2293.05,2305.95,2315.568953154876,33472,3552,77506724.0,11584.0,34.61,45.75,10.8,1152.975,1170.2849999999999,1182.81,Hold
TCS,2016-01-27,2303.95,2327.95,2283.7,2319.6,2316.742815292222,34135,2627,79082016.0,15943.0,46.71,44.25,15.65,1159.8,1166.97625,1182.0330000000001,Hold
TCS,2016-01-28,2310.0,2347.0,2310.0,2330.9,2332.913078081919,35181,3222,82074215.0,12590.0,35.79,37.0,20.9,1165.45,1164.78875,1181.593,Hold
TCS,2016-01-29,2339.0,2398.25,2336.1,2391.2,2368.2439714401185,37115,3270,87897375.0,13273.0,35.76,62.15,52.2,1195.6,1163.5887500000001,1181.6,Hold
TCS,2016-02-01,2392.0,2412.0,2361.05,2402.2,2401.0869821051538,28891,2996,69369804.0,11684.0,40.44,50.95,10.2,1201.1,1163.2375,1182.1029999999998,Hold
TCS,2016-02-02,2408.0,2430.5,2380.0,2401.5,2415.3872024970738,38445,3491,92859561.0,15246.0,39.66,50.5,-6.5,1200.75,1163.8875,1182.486,Hold
TCS,2016-02-03,2377.0,2422.9,2356.95,2417.05,2398.7168367968425,41047,3607,98460130.0,15270.0,37.2,65.95,40.05,1208.525,1165.555,1182.701,Hold
TCS,2016-02-04,2420.0,2437.55,2403.2,2417.45,2417.410372992734,86436,3342,208951283.0,61310.0,70.93,34.35,-2.55,1208.725,1166.4612499999998,1182.9585,Hold
TCS,2016-02-05,2406.1,2439.95,2406.1,2425.85,2427.1433603086084,23849,2381,57884942.0,5579.0,23.39,33.85,19.75,1212.925,1167.85625,1183.5159999999998,Hold
TCS,2016-02-08,2415.0,2415.0,2350.0,2368.5,2386.2068186485926,43821,3012,104565969.0,16640.0,37.97,65.0,-46.5,1184.25,1167.1375,1183.7495,Hold
TCS,2016-02-09,2331.0,2332.0,2257.0,2281.45,2278.4194671217206,103138,9863,234991627.0,37107.0,35.98,75.0,-49.55,1140.725,1165.09875,1183.0375,Hold
TCS,2016-02-10,2280.0,2290.0,2258.05,2270.05,2269.808841570895,70915,3927,160963494.0,34459.0,48.59,31.95,-9.95,1135.025,1163.74875,1182.0855000000001,Hold
TCS,2016-02-11,2271.1,2285.0,2173.1,2196.05,2226.03863990168,61025,5472,135844008.0,22208.0,36.39,111.9,-75.05,1098.025,1161.6425,1180.4245,Hold
TCS,2016-02-12,2198.0,2242.0,2167.95,2226.5,2212.792202147235,69019,5275,152724705.0,16265.0,23.57,74.05,28.5,1113.25,1160.33125,1179.037,Hold
TCS,2016-02-15,2245.6,2306.5,2226.6,2269.55,2234.212315134413,754129,4586,1684884299.0,713137.0,94.56,79.9,23.95,1134.775,1160.4824999999998,1178.2240000000002,Hold
TCS,2016-02-16,2270.0,2281.0,2244.8,2267.75,2263.8792666567297,26836,2073,60753464.0,8688.0,32.37,36.2,-2.25,1133.875,1160.115,1177.6,Hold
TCS,2016-02-17,2270.7,2281.9,2248.05,2278.0,2265.8041927466866,43456,3986,98462787.0,17562.0,40.41,33.85,7.3,1139.0,1160.09,1177.1390000000001,Hold
TCS,2016-02-18,2280.05,2319.45,2279.0,2315.3,2300.695724667317,31787,2854,73132215.0,11087.0,34.88,40.45,35.25,1157.65,1161.0325,1176.997,Hold
TCS,2016-02-19,2314.0,2325.3,2307.0,2320.2,2317.785407269833,18845,1930,43678666.0,4743.0,25.17,18.3,6.2,1160.1,1162.5075,1176.542,Hold
TCS,2016-02-22,2320.5,2343.45,2305.1,2314.2,2330.062108781227,407221,3588,948850222.0,387043.0,95.04,38.35,-6.3,1157.1,1162.98125,1175.8764999999999,Hold
TCS,2016-02-23,2316.0,2320.0,2253.9,2265.1,2270.256087600462,183652,4294,416937071.0,157132.0,85.56,66.1,-50.9,1132.55,1161.96,1174.655,Hold
TCS,2016-02-24,2264.0,2264.0,2205.5,2218.65,2232.3243810412077,47176,3341,105312135.0,19203.0,40.71,58.5,-45.35,1109.325,1159.4362500000002,1173.067,Hold
TCS,2016-02-25,2222.0,2238.0,2184.15,2212.25,2198.9220250609706,59455,4751,130736909.0,28635.0,48.16,53.85,-9.75,1106.125,1156.47,1171.4375,Hold
TCS,2016-02-26,2238.0,2256.95,2202.6,2214.7,2219.0691595520566,36076,3365,80055139.0,11750.0,32.57,54.35,-23.3,1107.35,1152.0575,1169.5135,Hold
TCS,2016-02-29,2214.0,2230.0,2119.0,2181.9,2188.6749521320457,143102,8390,313203763.0,80824.0,56.48,111.0,-32.1,1090.95,1146.55,1166.9289999999999,Hold
TCS,2016-03-01,2182.5,2284.5,2163.5,2275.0,2246.807856147308,50941,5340,114454639.0,13374.0,26.25,121.0,92.5,1137.5,1143.3875,1165.5145000000002,Hold
TCS,2016-03-02,2291.1,2330.0,2256.05,2319.55,2286.848510433,49746,4358,113761566.0,15444.0,31.05,73.95,28.45,1159.775,1140.95,1164.3004999999998,Hold
TCS,2016-03-03,2324.0,2389.5,2301.2,2377.3,2359.8557399923648,75967,5921,179271161.0,21171.0,27.87,88.3,53.3,1188.65,1139.94625,1164.014,Hold
TCS,2016-03-04,2373.0,2377.95,2350.0,2359.05,2362.742972027972,28600,2388,67574449.0,8836.0,30.9,27.95,-13.95,1179.525,1138.2762500000001,1163.4005,Hold
TCS,2016-03-08,2345.0,2365.0,2306.0,2354.4,2341.0064864529345,32221,2899,75429570.0,8657.0,26.87,59.0,9.4,1177.2,1137.9237500000002,1162.6109999999999,Hold
TCS,2016-03-09,2350.0,2368.85,2298.0,2356.2,2331.5839656044514,43494,3923,101409913.0,10243.0,23.55,70.85,6.2,1178.1,1139.7925,1161.588,Hold
TCS,2016-03-10,2356.0,2356.0,2315.4,2348.0,2332.525816175999,31182,2921,72732820.0,3749.0,12.02,40.6,-8.0,1174.0,1141.74125,1160.5485,Hold
TCS,2016-03-11,2348.0,2389.9,2336.9,2366.0,2372.1629366938582,215998,3135,512382450.0,188677.0,87.35,53.0,18.0,1183.0,1145.99,1160.0245000000002,Hold
TCS,2016-03-14,2370.0,2396.9,2340.0,2352.0,2362.5006856235564,27712,2980,65469619.0,7474.0,26.97,56.9,-18.0,1176.0,1149.1275,1159.1525,Hold
TCS,2016-03-15,2355.0,2356.95,2320.0,2329.65,2333.629043945271,23461,2303,54749271.0,9114.0,38.85,36.95,-25.35,1164.825,1150.63,1158.2865,Hold
TCS,2016-03-16,2323.4,2331.0,2308.2,2327.35,2320.5757346586,18512,1801,42958498.0,5485.0,29.63,22.8,3.95,1163.675,1152.1200000000001,1157.805,Hold
TCS,2016-03-17,2330.1,2361.65,2330.1,2351.75,2347.284364472928,36513,3169,85706394.0,17471.0,47.85,31.55,21.65,1175.875,1153.9637500000001,1157.8190000000002,Hold
TCS,2016-03-18,2363.0,2435.0,2363.0,2427.25,2411.625104887451,82231,6775,198310344.0,35154.0,42.75,72.0,64.25,1213.625,1156.7625,1158.2795,Hold
TCS,2016-03-21,2430.0,2457.0,2419.85,2443.65,2435.76655994462,46226,5357,112595745.0,16262.0,35.18,37.15,13.65,1221.825,1159.84875,1159.0155,Buy
TCS,2016-03-22,2446.0,2485.0,2435.6,2474.05,2457.405090663363,44395,3518,109096499.0,13229.0,29.8,49.4,28.05,1237.025,1163.845,1159.7835,Hold
TCS,2016-03-23,2478.0,2485.0,2457.1,2474.7,2474.6962833725556,123230,4059,304956823.0,100610.0,81.64,27.9,-3.3,1237.35,1169.085,1160.9005,Hold
TCS,2016-03-28,2485.1,2517.95,2461.2,2473.55,2480.67657648597,49715,4349,123326836.0,16826.0,33.84,56.75,-11.55,1236.775,1175.4575,1162.3955,Hold
TCS,2016-03-29,2475.0,2486.4,2450.0,2467.85,2473.0116424679322,29547,2141,73070075.0,9540.0,32.29,36.4,-7.15,1233.925,1181.8475,1164.271,Hold
TCS,2016-03-30,2470.0,2503.0,2465.0,2488.35,2488.611721991701,28920,2892,71970651.0,9389.0,32.47,38.0,18.35,1244.175,1188.68875,1166.365,Hold
TCS,2016-03-31,2488.0,2534.0,2472.5,2516.05,2509.9760694534807,49184,5200,123450663.0,12833.0,26.09,61.5,28.05,1258.025,1197.0425,1168.8905,Hold
TCS,2016-04-01,2505.05,2520.95,2435.55,2455.4,2465.9831030989885,68119,10508,167980303.0,23178.0,34.03,85.4,-49.65,1227.7,1201.5525,1170.62,Hold
TCS,2016-04-04,2469.0,2487.8,2448.0,2470.7,2462.881281369944,33870,3248,83417789.0,9896.0,29.22,39.8,1.7,1235.35,1205.33125,1172.537,Hold
TCS,2016-04-05,2472.3,2484.0,2446.75,2462.65,2470.9594563418423,199390,3159,492684606.0,44067.0,22.1,37.25,-9.65,1231.325,1207.4650000000001,1174.3875,Hold
TCS,2016-04-06,2465.0,2487.5,2460.05,2478.9,2476.186357148628,37133,3856,91948228.0,11492.0,30.95,27.45,13.9,1239.45,1210.4612499999998,1176.5645,Hold
TCS,2016-04-07,2478.9,2483.4,2458.9,2470.95,2470.802449941107,21225,2329,52442782.0,8018.0,37.78,24.5,-7.95,1235.475,1213.375,1178.3215,Hold
TCS,2016-04-08,2465.0,2466.9,2425.2,2428.7,2437.5394028683963,33259,3092,81070123.0,11229.0,33.76,41.7,-36.3,1214.35,1215.1875,1179.549,Hold
TCS,2016-04-11,2450.0,2514.45,2412.15,2506.65,2461.494202581492,54852,4810,135017880.0,19398.0,35.36,102.3,56.65,1253.325,1219.15375,1181.4195,Hold
TCS,2016-04-12,2506.65,2519.25,2487.45,2512.5,2504.063574948598,30641,2653,76727012.0,7315.0,23.87,31.8,5.85,1256.25,1222.81625,1183.2355,Hold
TCS,2016-04-13,2525.0,2543.4,2513.05,2523.15,2527.0275535846267,33825,3192,85476707.0,9901.0,29.27,30.35,-1.85,1261.575,1227.095,1184.555,Hold
TCS,2016-04-18,2449.0,2553.15,2449.0,2522.4,2501.665893056071,226212,17073,565906845.0,32595.0,14.41,104.15,73.4,1261.2,1231.9137500000002,1185.757,Hold
TCS,2016-04-20,2548.0,2548.0,2442.0,2451.9,2472.22423954176,241795,16820,597771460.0,63956.0,26.45,106.0,-96.1,1225.95,1235.0275,1186.261,Hold
TCS,2016-04-21,2462.0,2466.9,2415.0,2423.2,2438.253704054672,89699,6207,218708919.0,19596.0,21.85,51.9,-38.8,1211.6,1236.81375,1186.3225,Hold
TCS,2016-04-22,2411.0,2435.0,2404.95,2417.2,2419.7489100504818,69728,5521,168724252.0,23009.0,33.0,30.05,6.2,1208.6,1236.5625,1186.32,Hold
TCS,2016-04-25,2417.0,2454.2,2406.0,2448.3,2440.2051328694647,65967,3870,160973012.0,28506.0,43.21,48.2,31.3,1224.15,1236.67875,1186.5445,Hold
TCS,2016-04-26,2435.0,2492.8,2435.0,2488.0,2478.361790187327,64753,5510,160481361.0,26087.0,40.29,57.8,53.0,1244.0,1237.0275000000001,1187.7395,Hold
TCS,2016-04-27,2489.9,2512.0,2477.35,2505.55,2499.69235923436,44773,5174,111918726.0,11050.0,24.68,34.65,15.65,1252.775,1237.79875,1189.9805000000001,Hold
TCS,2016-04-28,2508.0,2536.35,2500.0,2526.95,2524.546124664173,74071,7564,186995656.0,23747.0,32.06,36.35,18.95,1263.475,1239.13375,1192.5495,Hold
TCS,2016-04-29,2520.0,2539.6,2511.1,2530.05,2528.4385572601104,355518,7191,898905419.0,299722.0,84.31,28.5,10.05,1265.025,1240.6887499999998,1195.8895,Hold
TCS,2016-05-02,2530.05,2530.05,2500.05,2525.15,2516.398711995093,22826,2826,57439317.0,4954.0,21.7,30.0,-4.9,1262.575,1241.6087499999999,1198.876,Hold
TCS,2016-05-03,2520.0,2530.0,2475.1,2480.25,2492.568913437473,69522,4507,173288376.0,21311.0,30.65,54.9,-39.75,1240.125,1240.7137500000001,1200.983,Hold
TCS,2016-05-04,2471.0,2492.1,2457.95,2478.25,2472.31116764346,31054,2441,76775151.0,8738.0,28.14,34.15,7.25,1239.125,1241.285,1203.088,Hold
TCS,2016-05-05,2480.65,2490.4,2465.0,2474.0,2474.3278346121056,46920,3410,116095462.0,22867.0,48.74,25.4,-6.65,1237.0,1241.3674999999998,1205.048,Hold
TCS,2016-05-06,2470.0,2484.0,2432.0,2472.15,2454.4261163337246,27232,2634,66838932.0,5470.0,20.09,52.0,2.15,1236.075,1241.605,1206.6164999999999,Hold
TCS,2016-05-09,2472.15,2519.9,2458.65,2515.35,2502.239148133865,46674,4885,116789510.0,17775.0,38.08,61.25,43.2,1257.675,1242.5162500000001,1208.568,Hold
TCS,2016-05-10,2514.0,2532.85,2497.1,2523.6,2519.743709904909,21979,2224,55381447.0,6813.0,31.0,35.75,9.6,1261.8,1243.8325,1210.662,Hold
TCS,2016-05-11,2515.0,2524.0,2488.05,2517.75,2513.0808938731757,48508,4012,121904528.0,22126.0,45.61,35.95,2.75,1258.875,1246.05875,1213.1885,Hold
TCS,2016-05-12,2519.0,2570.0,2519.0,2567.05,2554.849571345539,55056,5822,140659798.0,20435.0,37.12,51.0,48.05,1283.525,1247.56875,1216.6725,Hold
TCS,2016-05-13,2565.0,2565.0,2512.0,2523.4,2529.393161129533,47347,3485,119759178.0,16558.0,34.97,53.0,-41.6,1261.7,1247.84125,1219.7839999999999,Hold
TCS,2016-05-16,2524.0,2563.95,2524.0,2553.8,2545.731514432582,27819,2861,70819705.0,8343.0,29.99,39.95,29.8,1276.9,1248.6074999999998,1223.175,Hold
TCS,2016-05-17,2556.0,2590.85,2553.0,2570.2,2574.1912371520743,53316,6598,137245580.0,20931.0,39.26,37.85,14.2,1285.1,1249.8025,1227.058,Hold
TCS,2016-05-18,2570.2,2570.2,2527.7,2550.45,2544.3109556965924,32458,3635,82583245.0,6870.0,21.17,42.5,-19.75,1275.225,1252.2662500000001,1229.8125,Hold
TCS,2016-05-19,2550.0,2559.9,2527.75,2555.55,2548.105830614272,42294,2992,107769588.0,21035.0,49.74,32.15,5.55,1277.775,1255.575,1232.1725,Hold
TCS,2016-05-20,2564.95,2565.0,2526.0,2532.05,2543.777049898936,82126,5326,208910234.0,44687.0,54.41,39.0,-32.9,1266.025,1258.44625,1233.72,Hold
TCS,2016-05-23,2532.0,2547.75,2481.0,2491.7,2508.0486889408585,189427,7455,475092139.0,133934.0,70.7,66.75,-40.3,1245.85,1259.53125,1235.0465,Hold
TCS,2016-05-24,2483.9,2488.0,2461.0,2467.5,2465.2641304059257,113001,2271,278577312.0,95461.0,84.48,27.0,-16.4,1233.75,1259.01875,1236.1775,Hold
TCS,2016-05-25,2488.55,2532.0,2488.55,2526.7,2513.472786642518,75643,2796,190126622.0,56516.0,74.71,43.45,38.15,1263.35,1259.5475000000001,1237.8825,Hold
TCS,2016-05-26,2526.0,2569.0,2506.3,2552.8,2539.1708773051914,56286,3496,142919772.0,29871.0,53.07,62.7,26.8,1276.4,1260.19375,1239.9305,Hold
TCS,2016-05-27,2561.0,2580.0,2550.0,2572.05,2567.227332135272,61210,4667,157139985.0,25982.0,42.45,30.0,11.05,1286.025,1261.24375,1241.991,Hold
TCS,2016-05-30,2585.0,2643.0,2585.0,2635.35,2615.3919003115266,65805,5809,172105864.0,29001.0,44.07,58.0,50.35,1317.675,1263.9987500000002,1244.8245,Hold
TCS,2016-05-31,2621.0,2645.45,2570.0,2575.1,2595.3522255255443,47427,4494,123089770.0,12673.0,26.72,75.45,-45.9,1287.55,1266.3700000000001,1247.279,Hold
TCS,2016-06-01,2577.9,2642.55,2571.85,2631.85,2624.9929959260417,63820,5618,167527053.0,20049.0,31.41,70.7,53.95,1315.925,1270.21,1250.3239999999998,Hold
TCS,2016-06-02,2629.5,2651.0,2609.0,2646.9,2637.9308705984013,32403,3484,85476874.0,8793.0,27.14,42.0,17.4,1323.45,1274.5325,1253.2755,Hold
TCS,2016-06-03,2651.0,2658.6,2620.6,2630.85,2634.0100496932346,36021,3030,94879676.0,12973.0,36.02,38.0,-20.15,1315.425,1278.5,1255.3115,Hold
TCS,2016-06-06,2629.55,2639.85,2605.0,2611.35,2622.056091752319,31912,3159,83675054.0,14032.0,43.97,34.85,-18.2,1305.675,1280.9,1256.9885000000002,Hold
TCS,2016-06-07,2627.0,2638.9,2615.0,2631.45,2628.7316482185142,18159,1848,47735138.0,5130.0,28.25,23.9,4.45,1315.725,1283.59625,1258.5625,Hold
TCS,2016-06-08,2630.0,2630.0,2606.95,2611.1,2614.4918770581776,18220,1935,47636042.0,6153.0,33.77,23.05,-18.9,1305.55,1285.93,1259.9265,Hold
TCS,2016-06-09,2620.0,2624.6,2558.0,2577.5,2579.555975122168,40518,4256,104518449.0,11543.0,28.49,66.6,-42.5,1288.75,1286.19125,1260.966,Hold
TCS,2016-06-10,2577.0,2602.25,2556.0,2560.95,2572.929284937197,30333,3579,78044664.0,6177.0,20.36,46.25,-16.05,1280.475,1287.1299999999999,1261.8970000000002,Hold
TCS,2016-06-13,2550.0,2555.65,2521.0,2551.95,2541.576293008985,36504,3686,92777701.0,9388.0,25.72,34.65,1.95,1275.975,1287.08375,1262.5330000000001,Hold
TCS,2016-06-14,2550.0,2556.9,2518.25,2534.7,2530.979556691295,36002,2884,91120326.0,15198.0,42.21,38.65,-15.3,1267.35,1286.19625,1262.7195,Hold
TCS,2016-06-15,2530.0,2563.7,2523.6,2555.7,2542.847467936004,37815,2647,96157777.0,15212.0,40.23,40.1,25.7,1277.85,1286.3274999999999,1263.7225,Hold
TCS,2016-06-16,2560.5,2564.8,2517.75,2557.1,2539.497749859366,31998,3337,81258849.0,10830.0,33.85,47.05,-3.4,1278.55,1286.3662499999998,1264.5865000000001,Hold
TCS,2016-06-17,2559.0,2609.8,2559.0,2603.5,2592.243242607448,42509,3755,110193668.0,19019.0,44.74,50.8,44.5,1301.75,1288.1525,1265.995,Hold
TCS,2016-06-20,2599.5,2662.95,2594.8,2655.7,2644.0813632365875,113700,6415,300632051.0,73942.0,65.03,68.15,56.2,1327.85,1292.2525,1267.763,Hold
TCS,2016-06-21,2660.0,2661.1,2640.0,2647.3,2648.5292856154592,43366,2965,114856121.0,23653.0,54.54,21.1,-12.7,1323.65,1296.7475,1269.5265000000002,Hold
TCS,2016-06-22,2647.3,2675.45,2634.0,2665.5,2657.4803413264203,55548,4780,147617718.0,11413.0,20.55,41.45,18.2,1332.75,1300.2175,1271.8944999999999,Hold
TCS,2016-06-23,2654.1,2657.95,2625.0,2644.3,2642.1214738196572,40412,3114,106773413.0,11984.0,29.65,32.95,-9.8,1322.15,1302.5049999999999,1273.271,Hold
TCS,2016-06-24,2585.0,2592.1,2517.1,2570.7,2552.530086785656,152675,10234,389707531.0,59176.0,38.76,75.0,-14.3,1285.35,1302.47125,1273.853,Hold
TCS,2016-06-27,2548.0,2548.0,2484.15,2495.35,2499.5685708275164,104578,8039,261399882.0,27476.0,26.27,63.85,-52.65,1247.675,1298.97125,1273.575,Hold
TCS,2016-06-28,2495.5,2502.0,2455.0,2461.8,2476.827830087738,93460,5680,231484329.0,36487.0,39.04,47.0,-33.7,1230.9,1296.1387499999998,1272.969,Hold
TCS,2016-06-29,2477.0,2509.0,2467.0,2499.6,2488.198669934696,58343,4778,145168975.0,17839.0,30.58,42.0,22.6,1249.8,1292.8325,1273.4460000000001,Hold
TCS,2016-06-30,2514.0,2563.8,2500.55,2550.8,2522.1961813225294,185614,6964,468154922.0,137008.0,73.81,63.25,36.8,1275.4,1290.4299999999998,1274.7220000000002,Hold
TCS,2016-07-01,2553.1,2571.0,2495.0,2501.8,2523.9884247403247,48811,5287,123198399.0,18644.0,38.2,76.0,-51.3,1250.9,1287.2037500000001,1275.568,Hold
TCS,2016-07-04,2520.0,2525.0,2490.0,2494.8,2507.9320701089528,52775,3957,132356115.0,21968.0,41.63,35.0,-25.2,1247.4,1284.29,1276.0330000000001,Hold
TCS,2016-07-05,2498.0,2498.0,2477.0,2482.7,2485.047807451368,30330,2656,75371500.0,11608.0,38.27,21.0,-15.3,1241.35,1280.57125,1275.98,Hold
TCS,2016-07-07,2488.0,2492.9,2425.0,2429.05,2450.0120584768383,73807,5424,180828040.0,34274.0,46.44,67.9,-58.95,1214.525,1276.02,1275.215,Hold
TCS,2016-07-08,2435.0,2443.0,2404.5,2425.5,2429.7108589951376,114145,7013,277339346.0,75732.0,66.35,38.5,-9.5,1212.75,1272.2199999999998,1274.2005,Sell
TCS,2016-07-11,2427.0,2469.0,2427.0,2463.65,2454.2845560609057,50570,6838,124113170.0,17329.0,34.27,42.0,36.65,1231.825,1269.7875,1273.5365000000002,Hold
TCS,2016-07-12,2469.0,2476.65,2437.0,2461.5,2454.8948030176025,31018,3018,76145927.0,9298.0,29.98,39.65,-7.5,1230.75,1267.5262500000001,1272.9,Hold
TCS,2016-07-13,2476.0,2498.0,2451.55,2491.4,2484.3402707366095,56217,4230,139662157.0,18030.0,32.07,46.45,15.4,1245.7,1266.44375,1273.0114999999998,Hold
TCS,2016-07-14,2488.5,2526.85,2472.05,2520.3,2506.0655145929336,91140,6779,228402811.0,25729.0,28.23,54.8,31.8,1260.15,1265.5587500000001,1273.432,Hold
TCS,2016-07-15,2524.0,2528.0,2428.05,2441.9,2464.789788607101,289461,21065,713460517.0,72475.0,25.04,99.95,-82.1,1220.95,1262.67875,1273.1109999999999,Hold
TCS,2016-07-18,2445.0,2470.0,2428.95,2433.5,2443.650963738056,91363,6931,223259283.0,39866.0,43.63,41.05,-11.5,1216.75,1258.42875,1272.7245,Hold
TCS,2016-07-19,2430.0,2467.05,2430.0,2461.55,2452.250279765777,38425,4078,94227717.0,13315.0,34.65,37.05,31.55,1230.775,1253.575,1272.1865,Hold
TCS,2016-07-20,2458.0,2499.0,2448.05,2493.25,2487.5046875,58240,4682,144872273.0,20184.0,34.66,50.95,35.25,1246.625,1249.72375,1271.883,Hold
TCS,2016-07-21,2490.0,2515.0,2466.0,2501.25,2493.348963414634,49200,4390,122672769.0,10931.0,22.22,49.0,11.25,1250.625,1245.6175,1271.718,Hold
TCS,2016-07-22,2490.0,2520.9,2480.0,2509.15,2509.221164889253,42665,3761,107055921.0,9577.0,22.45,40.9,19.15,1254.575,1242.23875,1271.139,Hold
TCS,2016-07-25,2508.5,2555.0,2507.05,2551.55,2536.7063507199387,62922,4699,159614637.0,23765.0,37.77,47.95,43.05,1275.775,1241.76,1271.4205,Hold
TCS,2016-07-26,2551.0,2563.0,2531.3,2548.3,2549.699866856649,42811,4830,109155201.0,12804.0,29.91,31.7,-2.7,1274.15,1243.08375,1271.3655,Hold
TCS,2016-07-27,2550.0,2580.0,2548.3,2576.1,2568.532407818353,56329,5938,144682862.0,24314.0,43.16,31.7,26.1,1288.05,1245.94125,1271.4245,Hold
TCS,2016-07-28,2577.0,2626.6,2577.0,2615.55,2600.561574312109,60293,4677,156795659.0,23089.0,38.29,49.6,38.55,1307.775,1248.8400000000001,1272.0755,Hold
TCS,2016-07-29,2614.0,2632.0,2599.2,2618.55,2618.6861827804555,42324,3878,110833274.0,12554.0,29.66,32.8,4.55,1309.275,1250.53375,1272.7055,Hold
TCS,2016-08-01,2620.0,2720.0,2620.0,2698.0,2694.232143788124,153448,8648,413424534.0,60087.0,39.16,100.0,78.0,1349.0,1255.4387499999998,1274.365,Hold
TCS,2016-08-02,2696.0,2716.0,2686.05,2692.1,2693.702494450361,155866,4527,419856633.0,115483.0,74.09,29.95,-3.9,1346.05,1260.3712500000001,1276.3690000000001,Hold
TCS,2016-08-03,2680.5,2694.0,2648.85,2656.25,2665.218022948193,66149,3216,176301507.0,45577.0,68.9,45.15,-24.25,1328.125,1264.71,1278.2565000000002,Hold
TCS,2016-08-04,2678.7,2682.05,2638.95,2652.65,2662.176507936508,55125,2629,146752480.0,24558.0,44.55,43.1,-26.05,1326.325,1270.3,1279.5159999999998,Hold
TCS,2016-08-05,2660.0,2682.9,2633.0,2648.9,2662.0619362597718,101443,2746,270047549.0,77946.0,76.84,49.9,-11.1,1324.45,1275.885,1280.477,Hold
TCS,2016-08-08,2648.0,2666.8,2631.45,2651.9,2652.3700008675282,34581,2286,91721607.0,14931.0,43.18,35.35,3.9,1325.95,1280.59125,1281.2755,Hold
TCS,2016-08-09,2651.9,2659.0,2610.0,2650.55,2646.3237653522306,50237,4960,132943367.0,23547.0,46.87,49.0,-1.35,1325.275,1285.3175,1281.4275,Buy
TCS,2016-08-10,2650.0,2680.0,2647.0,2673.9,2669.525443518873,57382,3419,153182709.0,21119.0,36.8,33.0,23.9,1336.95,1289.8799999999999,1282.4155,Hold
TCS,2016-08-11,2670.0,2715.0,2669.5,2704.3,2701.47731318024,34271,3148,92582329.0,11795.0,34.42,45.5,34.3,1352.15,1294.48,1283.14,Hold
TCS,2016-08-12,2706.0,2740.0,2705.95,2732.35,2730.497667708584,41590,3937,113561398.0,13876.0,33.36,34.05,26.35,1366.175,1301.74125,1283.9945,Hold
TCS,2016-08-16,2740.0,2740.0,2674.0,2691.45,2704.1527137589305,34712,3189,93866549.0,8806.0,25.37,66.0,-48.55,1345.725,1308.19,1284.6005,Hold
TCS,2016-08-17,2695.0,2695.0,2618.0,2623.9,2636.8612848794137,48596,2757,128140911.0,24034.0,49.46,77.0,-71.1,1311.95,1312.24875,1284.7259999999999,Hold
TCS,2016-08-18,2630.0,2657.0,2630.0,2636.7,2645.3532024731376,16659,1410,44068939.0,4912.0,29.49,27.0,6.7,1318.35,1315.835,1284.7785,Hold
TCS,2016-08-19,2636.0,2647.8,2600.0,2603.95,2610.61422880266,31879,3307,83223771.0,12701.0,39.84,47.8,-32.05,1301.975,1318.4025,1284.707,Hold
TCS,2016-08-22,2581.0,2593.5,2540.0,2551.45,2560.99428612242,42003,3228,107569443.0,9332.0,22.22,53.5,-29.55,1275.725,1319.46,1284.4465,Hold
TCS,2016-08-23,2536.0,2606.0,2536.0,2603.2,2594.649607353204,44824,2688,116302574.0,13672.0,30.5,70.0,67.2,1301.6,1320.75125,1284.869,Hold
TCS,2016-08-24,2601.0,2601.0,2568.1,2571.9,2581.6495593022946,37781,2050,97537302.0,16120.0,42.67,32.9,-29.1,1285.95,1321.34125,1285.0684999999999,Hold
TCS,2016-08-25,2576.0,2589.2,2529.0,2550.1,2554.9607483262766,47947,3087,122502703.0,14308.0,29.84,60.2,-25.9,1275.05,1320.69125,1285.2225,Hold
TCS,2016-08-26,2555.1,2571.55,2521.05,2529.15,2538.863590042218,27476,2103,69757816.0,6203.0,22.58,50.5,-25.95,1264.575,1318.53125,1284.9569999999999,Hold
TCS,2016-08-29,2530.0,2533.95,2471.15,2501.6,2491.952169171523,58686,4482,146242705.0,17749.0,30.24,62.8,-28.4,1250.8,1315.6075,1284.402,Hold
TCS,2016-08-30,2510.0,2574.75,2501.6,2548.7,2529.6124724871606,34075,2430,86196545.0,10765.0,31.59,73.15,38.7,1274.35,1311.875,1283.854,Hold
TCS,2016-08-31,2547.0,2547.0,2501.0,2512.55,2524.7317405028843,36748,2322,92778842.0,10721.0,29.17,46.0,-34.45,1256.275,1307.38625,1282.4225,Hold
TCS,2016-09-01,2529.0,2530.0,2489.95,2507.6,2507.0177679712,25833,1939,64763790.0,7023.0,27.19,40.05,-21.4,1253.8,1303.6699999999998,1281.0255,Hold
TCS,2016-09-02,2515.0,2519.0,2499.1,2513.5,2508.62064853017,31024,2477,77827447.0,8838.0,28.49,19.9,-1.5,1256.75,1300.19125,1279.5055,Hold
TCS,2016-09-06,2514.0,2544.0,2481.0,2484.05,2486.292832174548,260330,3849,647256613.0,225567.0,86.65,63.0,-29.95,1242.025,1296.0700000000002,1277.9029999999998,Hold
TCS,2016-09-07,2509.0,2509.0,2424.0,2447.0,2466.1085532600086,146564,7484,361442734.0,79154.0,54.01,85.0,-62.0,1223.5,1290.9475,1276.666,Hold
TCS,2016-09-08,2367.0,2367.0,2287.0,2321.15,2315.5252880646162,301842,26702,698922784.0,107632.0,35.66,80.0,-45.85,1160.575,1282.7125,1274.924,Hold
TCS,2016-09-09,2325.0,2366.0,2320.0,2352.5,2347.3265553869496,95555,6371,224298789.0,33230.0,34.78,46.0,27.5,1176.25,1274.6775000000002,1273.8310000000001,Hold
TCS,2016-09-12,2337.5,2364.6,2320.0,2359.1,2354.237034729793,70631,4371,166282116.0,29706.0,42.06,44.6,21.6,1179.55,1266.0475000000001,1272.426,Sell
TCS,2016-09-14,2359.1,2374.95,2311.0,2328.55,2327.0616718862925,132832,6847,309108256.0,76921.0,57.91,63.95,-30.55,1164.275,1255.9524999999999,1270.2034999999998,Hold
TCS,2016-09-15,2339.0,2344.5,2318.0,2328.05,2325.39508618493,121657,5127,282900590.0,69921.0,57.47,26.5,-10.95,1164.025,1246.8674999999998,1268.4660000000001,Hold
TCS,2016-09-16,2345.0,2376.95,2320.0,2361.15,2342.5911351482614,197657,6693,463029536.0,105633.0,53.44,56.95,16.15,1180.575,1240.2987500000002,1267.1295,Hold
TCS,2016-09-19,2363.8,2422.95,2350.35,2407.35,2404.686363636364,85800,6178,206322090.0,27700.0,32.28,72.6,43.55,1203.675,1234.565,1266.376,Hold
TCS,2016-09-20,2407.35,2419.9,2385.0,2411.1,2400.286520743463,37554,2486,90140360.0,9396.0,25.02,34.9,3.75,1205.55,1229.74375,1266.1965,Hold
TCS,2016-09-21,2406.5,2421.4,2401.05,2413.5,2417.6300673491346,842921,4563,2037871154.0,791313.0,93.88,20.35,7.0,1206.75,1226.2949999999998,1266.0765000000001,Hold
TCS,2016-09-22,2428.5,2428.5,2371.0,2377.65,2391.453178697821,234530,8429,560867514.0,132201.0,56.37,57.5,-50.85,1188.825,1220.65625,1265.2165,Hold
TCS,2016-09-23,2384.0,2401.5,2375.0,2397.3,2387.361884528528,441044,3180,1052931635.0,412986.0,93.64,26.5,13.3,1198.65,1216.29125,1264.5745,Hold
TCS,2016-09-26,2393.0,2416.9,2393.0,2400.85,2409.2137814308157,279463,2846,673286111.0,261181.0,93.46,23.9,7.85,1200.425,1212.56,1263.6689999999999,Hold
TCS,2016-09-27,2405.0,2445.0,2405.0,2430.7,2431.6533109344837,39883,2886,96981629.0,9598.0,24.07,40.0,25.7,1215.35,1210.0987499999999,1262.7730000000001,Hold
TCS,2016-09-28,2430.0,2436.0,2415.0,2423.45,2427.648150185453,127256,2113,308932793.0,111826.0,87.87,21.0,-6.55,1211.725,1208.145,1262.5885,Hold
TCS,2016-09-29,2428.0,2449.6,2419.45,2434.6,2434.0575601374567,350364,4287,852806143.0,305953.0,87.32,30.15,6.6,1217.3,1205.2925,1262.5995,Hold
TCS,2016-09-30,2435.0,2448.0,2425.0,2427.2,2434.626186511955,174777,1892,425516661.0,156957.0,89.8,23.0,-7.8,1213.6,1203.15875,1262.256,Hold
TCS,2016-10-03,2440.0,2455.0,2401.3,2411.8,2412.847393891832,91746,5818,221369097.0,54449.0,59.35,53.7,-28.2,1205.9,1200.76375,1261.4415,Hold
TCS,2016-10-04,2412.0,2422.3,2395.05,2401.1,2409.351846488052,759550,3090,1830023195.0,728454.0,95.91,27.25,-10.9,1200.55,1197.9537500000001,1260.44,Hold
TCS,2016-10-05,2406.0,2413.4,2376.0,2382.55,2387.726988642486,46401,2898,110792920.0,12178.0,26.25,37.4,-23.45,1191.275,1195.41625,1259.174,Hold
TCS,2016-10-06,2390.0,2397.55,2372.0,2384.25,2385.092995699113,45572,2780,108693458.0,12423.0,27.26,25.55,-5.75,1192.125,1193.8475,1257.501,Hold
TCS,2016-10-07,2388.0,2388.0,2356.9,2368.25,2367.208287230439,44285,3324,104831819.0,19789.0,44.69,31.1,-19.75,1184.125,1195.025,1255.7005,Hold
TCS,2016-10-10,2370.0,2385.0,2352.8,2380.1,2376.4801677738446,82492,3789,196040602.0,45487.0,55.14,32.2,10.1,1190.05,1195.715,1253.7404999999999,Hold
TCS,2016-10-13,2355.0,2367.85,2323.25,2328.5,2343.456443390036,396220,6377,928524312.0,307639.0,77.64,44.6,-26.5,1164.25,1194.95,1250.87,Hold
TCS,2016-10-14,2322.0,2384.4,2298.85,2365.9,2347.2153735308193,181819,9102,426768352.0,28402.0,15.62,85.55,43.9,1182.95,1195.8837500000002,1248.3435,Hold
TCS,2016-10-17,2367.1,2377.0,2348.05,2362.9,2361.652137351086,57080,2676,134803104.0,27863.0,48.81,28.95,-4.2,1181.45,1196.7549999999999,1244.9925,Hold
TCS,2016-10-18,2371.0,2410.0,2355.0,2398.3,2377.729268027507,73582,4649,174958075.0,32857.0,44.65,55.0,27.3,1199.15,1197.68375,1242.0545,Hold
TCS,2016-10-19,2405.0,2405.0,2371.2,2394.2,2385.9114476433497,54081,2605,129032477.0,25975.0,48.03,33.8,-10.8,1197.1,1197.355,1239.434,Hold
TCS,2016-10-20,2390.1,2408.75,2386.0,2399.85,2401.1706341995277,27515,1834,66068210.0,8673.0,31.52,22.75,9.75,1199.925,1197.07375,1236.906,Hold
TCS,2016-10-21,2398.0,2431.25,2398.0,2428.7,2422.0474636675,43212,2395,104661515.0,23969.0,55.47,33.25,30.7,1214.35,1197.4537500000001,1234.704,Hold
TCS,2016-10-24,2428.0,2430.55,2404.0,2427.85,2419.9679013578275,20032,1488,48476797.0,6783.0,33.86,26.55,-0.15,1213.925,1198.70875,1232.4635,Hold
TCS,2016-10-25,2398.0,2414.4,2388.9,2398.65,2401.3931284530386,34752,2126,83453214.0,9267.0,26.67,25.5,0.65,1199.325,1198.7424999999998,1229.9445,Hold
TCS,2016-10-26,2398.65,2403.95,2373.0,2396.95,2389.7145143184694,41869,2309,100054957.0,18435.0,44.03,30.95,-1.7,1198.475,1198.645,1227.175,Hold
TCS,2016-10-27,2380.0,2425.0,2366.9,2413.25,2389.003371034889,54286,7251,129689437.0,21379.0,39.38,58.1,33.25,1206.625,1198.20875,1224.2645,Hold
TCS,2016-10-28,2413.25,2415.0,2383.0,2399.25,2399.9590687194886,34619,2336,83084183.0,15324.0,44.26,32.0,-14.0,1199.625,1197.6037499999998,1220.9334999999999,Hold
TCS,2016-10-30,2400.0,2424.0,2390.0,2394.6,2397.084464964693,7364,798,17652130.0,3093.0,42.0,34.0,-5.4,1197.3,1196.60375,1217.965,Hold
TCS,2016-11-01,2394.0,2394.6,2335.05,2347.7,2365.7794000319127,37602,2970,88958037.0,16386.0,43.58,59.55,-46.3,1173.85,1194.61625,1215.203,Hold
TCS,2016-11-02,2340.0,2340.0,2296.15,2304.45,2325.317322285821,662834,4391,1541299382.0,620496.0,93.61,43.85,-35.55,1152.225,1191.9325,1211.8805,Hold
TCS,2016-11-03,2294.0,2333.55,2284.0,2319.95,2314.0408053381534,52003,3692,120337064.0,13490.0,25.94,49.55,25.95,1159.975,1189.90375,1209.0404999999998,Hold
TCS,2016-11-04,2301.0,2336.0,2294.95,2330.1,2316.2334292581118,63244,2944,146487867.0,34560.0,54.65,41.05,29.1,1165.05,1188.5925,1206.827,Hold
TCS,2016-11-07,2331.5,2339.0,2263.1,2279.35,2297.9125693792785,137469,4330,315891743.0,86808.0,63.15,75.9,-52.15,1139.675,1185.9699999999998,1203.5885,Hold
TCS,2016-11-08,2280.0,2307.5,2262.3,2283.7,2283.368798619729,66074,4631,150871310.0,17845.0,27.01,45.2,3.7,1141.85,1183.8562499999998,1200.7065,Hold
TCS,2016-11-09,2220.9,2275.0,2142.3,2171.05,2179.454664317581,378587,14601,825113203.0,192934.0,50.96,132.7,-49.85,1085.525,1178.6299999999999,1196.9160000000002,Hold
TCS,2016-11-10,2200.0,2219.0,2142.0,2158.05,2186.604734274034,75830,4781,165810237.0,26230.0,34.59,77.0,-41.95,1079.025,1174.36875,1193.205,Hold
TCS,2016-11-11,2145.0,2146.0,2091.0,2105.05,2112.486868333625,85785,6740,181219686.0,23624.0,27.54,55.0,-39.95,1052.525,1167.8474999999999,1189.2395,Hold
TCS,2016-11-15,2115.0,2156.4,2054.7,2122.1,2108.8041242219615,60569,4358,127728157.0,15038.0,24.83,101.7,7.1,1061.05,1161.8275,1184.9735,Hold
TCS,2016-11-16,2125.0,2209.5,2125.0,2190.25,2192.528608568541,509655,4828,1117433168.0,461475.0,90.55,84.5,65.25,1095.125,1156.62625,1181.7505,Hold
TCS,2016-11-17,2189.0,2204.7,2135.2,2142.15,2162.5511574622737,63285,4247,136857050.0,17886.0,28.26,69.5,-46.85,1071.075,1150.325,1178.096,Hold
TCS,2016-11-18,2146.0,2149.05,2106.5,2123.15,2123.7425032594524,47554,3122,100992451.0,8506.0,17.89,42.55,-22.85,1061.575,1143.4074999999998,1174.1925,Hold
TCS,2016-11-21,2130.0,2141.0,2107.0,2132.55,2127.3131134390333,42384,2035,90164039.0,11829.0,27.91,34.0,2.55,1066.275,1136.00375,1170.6775,Hold
TCS,2016-11-22,2132.0,2174.9,2121.65,2134.3,2148.0198785475277,40345,3041,86661862.0,10103.0,25.04,53.25,2.3,1067.15,1128.665,1167.5505,Hold
TCS,2016-11-23,2141.15,2162.3,2129.6,2156.7,2150.417422611657,368854,1974,793190068.0,342808.0,92.94,32.7,15.55,1078.35,1122.61625,1165.906,Hold
TCS,2016-11-24,2155.0,2208.0,2140.0,2186.5,2192.5713184038223,264532,3527,580005276.0,221733.0,83.82,68.0,31.5,1093.25,1117.355,1164.2459999999999,Hold
TCS,2016-11-25,2199.95,2310.0,2196.1,2300.85,2272.8579653637457,153885,8253,349758748.0,56385.0,36.64,113.9,100.9,1150.425,1114.545,1163.6635,Hold
TCS,2016-11-28,2300.0,2317.7,2254.4,2277.3,2283.7388038856648,64442,5330,147168696.0,14547.0,22.57,63.3,-22.7,1138.65,1111.4962500000001,1163.151,Hold
TCS,2016-11-29,2280.5,2290.25,2251.35,2258.4,2270.9486230758366,35405,2257,80402936.0,9440.0,26.66,38.9,-22.1,1129.2,1108.09125,1162.4545,Hold
TCS,2016-11-30,2262.5,2295.0,2244.05,2276.75,2270.9193012338496,48142,3273,109326597.0,11362.0,23.6,50.95,14.25,1138.375,1106.3174999999999,1161.6105,Hold
TCS,2016-12-01,2290.0,2290.0,2256.65,2266.45,2271.4063089468646,34459,2368,78270390.0,9260.0,26.87,33.35,-23.55,1133.225,1105.3675,1160.2015,Hold
TCS,2016-12-02,2265.0,2269.9,2208.0,2223.9,2234.6795282182607,40612,2893,90754805.0,10812.0,26.62,61.9,-41.1,1111.95,1102.96625,1158.3295,Hold
TCS,2016-12-05,2221.0,2235.15,2173.0,2186.45,2192.342521654424,37983,3708,83271746.0,8639.0,22.74,62.15,-34.55,1093.225,1099.375,1156.059,Hold
TCS,2016-12-06,2195.0,2204.0,2177.0,2190.45,2191.8348778248896,45754,2511,100285213.0,19375.0,42.35,27.0,-4.55,1095.225,1097.1525,1154.187,Hold
TCS,2016-12-07,2190.0,2190.0,2151.0,2158.2,2167.742768094892,66096,3900,143279126.0,26836.0,40.6,39.0,-31.8,1079.1,1094.015,1151.7959999999998,Hold
TCS,2016-12-08,2160.0,2200.0,2160.0,2196.9,2192.239708671331,62747,2531,137556465.0,35204.0,56.1,40.0,36.9,1098.45,1094.6612499999999,1149.7565000000002,Hold
TCS,2016-12-09,2201.55,2220.95,2175.0,2193.45,2201.219788491212,53142,3481,116977222.0,16567.0,31.17,45.95,-8.1,1096.725,1095.5462499999999,1147.384,Hold
TCS,2016-12-12,2195.0,2215.5,2166.0,2206.25,2202.4422909957875,217687,4239,479443055.0,170616.0,78.38,49.5,11.25,1103.125,1098.07625,1145.212,Hold
TCS,2016-12-13,2244.0,2244.0,2185.0,2200.85,2200.4884902326494,40748,2981,89665505.0,11130.0,27.31,59.0,-43.15,1100.425,1100.0449999999998,1142.8745000000001,Hold
TCS,2016-12-14,2202.0,2223.0,2190.0,2207.9,2206.933371257911,56252,3712,124144416.0,23939.0,42.56,33.0,5.9,1103.95,1100.4862500000002,1140.6815,Hold
TCS,2016-12-15,2207.9,2271.5,2200.55,2259.5,2252.020753454984,106151,9049,239054255.0,34605.0,32.6,70.95,51.6,1129.75,1103.42,1139.1585,Hold
TCS,2016-12-16,2270.1,2286.0,2257.6,2281.75,2275.0114002866867,44648,3201,101574709.0,14260.0,31.94,28.4,11.65,1140.875,1107.385,1137.965,Hold
TCS,2016-12-19,2288.0,2296.05,2262.9,2287.5,2275.835168829281,27513,1978,62615053.0,10169.0,36.96,33.15,-0.5,1143.75,1111.25875,1137.0145,Hold
TCS,2016-12-20,2290.0,2344.0,2287.45,2337.75,2327.677331065409,64670,4815,150530893.0,18059.0,27.92,56.55,47.75,1168.875,1116.345,1136.5495,Hold
TCS,2016-12-21,2345.0,2345.0,2305.0,2312.75,2318.8243196367193,31711,3432,73532238.0,13064.0,41.2,40.0,-32.25,1156.375,1120.24625,1135.9945,Hold
TCS,2016-12-22,2312.75,2324.7,2286.0,2309.85,2306.1189374025917,42989,2334,99137747.0,20698.0,48.15,38.7,-2.9,1154.925,1123.33,1135.2920000000001,Hold
TCS,2016-12-23,2309.0,2315.7,2280.0,2290.2,2296.990592728816,28276,1839,64949706.0,9243.0,32.69,35.7,-18.8,1145.1,1123.0637499999998,1134.909,Hold
TCS,2016-12-26,2280.0,2300.0,2272.5,2292.1,2290.491588298461,30731,2077,70389097.0,10653.0,34.67,27.5,12.1,1146.05,1123.43375,1134.1709999999998,Hold
TCS,2016-12-27,2290.0,2329.0,2288.85,2321.85,2318.8783336014158,31085,2375,72082333.0,9254.0,29.77,40.15,31.85,1160.925,1125.02,1133.7605,Hold
TCS,2016-12-28,2325.0,2349.0,2308.05,2315.8,2335.514897910731,33696,2857,78697510.0,10046.0,29.81,40.95,-9.2,1157.9,1125.99625,1132.9355,Hold
TCS,2016-12-29,2304.9,2355.0,2304.9,2350.75,2345.5704697986575,41571,2592,97507710.0,13822.0,33.25,50.1,45.85,1175.375,1128.1037499999998,1132.501,Hold
TCS,2016-12-30,2351.9,2375.9,2351.9,2361.95,2365.270305455773,41479,3269,98109047.0,13043.0,31.44,24.0,10.05,1180.975,1131.5549999999998,1132.122,Hold
TCS,2017-01-02,2365.0,2375.0,2352.9,2359.05,2366.435336251492,25130,1644,59468520.0,6621.0,26.35,22.1,-5.95,1179.525,1135.87,1131.4255,Buy
TCS,2017-01-03,2361.0,2371.35,2344.05,2368.5,2356.719368070503,49246,3549,116059002.0,24565.0,49.88,27.3,7.5,1184.25,1140.32125,1130.8319999999999,Hold
TCS,2017-01-04,2369.1,2386.0,2358.5,2378.55,2374.7806863776245,25671,1838,60962995.0,8853.0,34.49,27.5,9.45,1189.275,1145.83,1130.631,Hold
TCS,2017-01-05,2378.55,2387.0,2325.0,2334.55,2350.99323758944,58559,4641,137671813.0,18851.0,32.19,62.0,-44.0,1167.275,1149.2712500000002,1130.007,Hold
TCS,2017-01-06,2320.0,2329.8,2257.0,2283.6,2282.569350130821,264484,7145,603703072.0,198743.0,75.14,72.8,-36.4,1141.8,1151.525,1128.7105000000001,Hold
TCS,2017-01-09,2288.0,2310.0,2257.05,2303.75,2286.290985532336,40435,2907,92446176.0,6699.0,16.57,52.95,15.75,1151.875,1153.9625,1127.7555,Hold
TCS,2017-01-10,2319.0,2328.3,2289.0,2315.45,2316.6267328218496,106618,4428,246994109.0,70938.0,66.53,39.3,-3.55,1157.725,1156.8274999999999,1126.964,Hold
TCS,2017-01-11,2315.45,2328.0,2282.0,2323.05,2306.849808396672,47233,3229,108959437.0,10459.0,22.14,46.0,7.6,1161.525,1159.70625,1126.7175,Hold
TCS,2017-01-12,2339.9,2359.75,2303.0,2343.3,2334.193960489357,107161,7010,250134559.0,24156.0,22.54,56.75,3.4,1171.65,1161.80125,1127.106,Hold
TCS,2017-01-13,2350.0,2368.0,2241.5,2252.0,2272.6327520291666,456961,25525,1038504535.0,154967.0,33.91,126.5,-98.0,1126.0,1161.0575000000001,1126.4265,Hold
TCS,2017-01-16,2252.0,2273.9,2230.0,2258.55,2257.994963382617,144740,5667,326822191.0,77719.0,53.7,43.9,6.55,1129.275,1160.33375,1125.711,Hold
TCS,2017-01-17,2260.0,2287.0,2252.55,2277.65,2277.2516790012905,37969,2890,86464969.0,16111.0,42.43,34.45,17.65,1138.825,1158.83125,1125.694,Hold
TCS,2017-01-18,2284.6,2297.0,2267.0,2295.0,2284.12405866698,119113,3702,272068869.0,88437.0,74.25,30.0,10.4,1147.5,1158.3875,1125.807,Hold
TCS,2017-01-19,2295.0,2297.0,2283.0,2290.3,2288.189813364365,67029,2505,153375075.0,50646.0,75.56,14.0,-4.7,1145.15,1157.89875,1126.9995,Hold
TCS,2017-01-20,2291.0,2300.0,2266.0,2287.45,2284.203253082037,30986,2079,70778322.0,10796.0,34.84,34.0,-3.55,1143.725,1157.8300000000002,1128.2935,Hold
TCS,2017-01-23,2259.0,2311.0,2259.0,2305.7,2297.802522480439,85630,4227,196760830.0,44570.0,52.05,52.0,46.7,1152.85,1158.1699999999998,1130.3,Hold
TCS,2017-01-24,2310.0,2324.0,2294.5,2318.0,2313.6076039251584,116887,2668,270430652.0,95581.0,81.77,29.5,8.0,1159.0,1158.07375,1132.259,Hold
TCS,2017-01-25,2318.0,2359.95,2318.0,2352.7,2344.03759712882,57398,3445,134543070.0,27693.0,48.25,41.95,34.7,1176.35,1158.9962500000001,1133.8835,Hold
TCS,2017-01-27,2350.0,2377.3,2347.5,2358.05,2363.2985423910136,44868,3265,106036479.0,13395.0,29.85,29.8,8.05,1179.025,1159.17875,1136.0425,Hold
TCS,2017-01-30,2340.0,2348.05,2322.05,2334.2,2333.059987166154,90386,2205,210875960.0,68226.0,75.48,26.0,-5.8,1167.1,1158.4850000000001,1138.1529999999998,Hold
TCS,2017-01-31,2334.0,2334.0,2206.55,2229.9,2237.4136848264493,223883,12519,500918888.0,78652.0,35.13,127.45,-104.1,1114.95,1155.25625,1139.1265,Hold
TCS,2017-02-01,2224.35,2239.95,2162.0,2169.45,2174.22893626238,304718,10736,662526693.0,176993.0,58.08,77.95,-54.9,1084.725,1150.2800000000002,1139.478,Hold
TCS,2017-02-02,2170.0,2218.9,2154.3,2205.8,2183.47822316307,146440,11320,319748551.0,31108.0,21.24,64.6,35.8,1102.9,1145.9612499999998,1139.969,Hold
TCS,2017-02-03,2205.8,2242.0,2192.0,2233.75,2220.1183918646093,80242,4786,178146740.0,24155.0,30.1,50.0,27.95,1116.875,1143.4412499999999,1140.4415000000001,Hold
TCS,2017-02-06,2248.2,2254.4,2216.0,2240.55,2232.6141318623586,68526,3377,152992116.0,27398.0,39.98,38.4,-7.65,1120.275,1142.365,1139.8385,Hold
TCS,2017-02-07,2241.0,2250.0,2226.0,2244.8,2242.459016393442,61122,3691,137063580.0,28761.0,47.06,24.0,3.8,1122.4,1140.8912500000001,1139.5135,Hold
TCS,2017-02-08,2240.0,2281.0,2240.0,2262.65,2267.520790262259,86098,5021,195229005.0,44294.0,51.45,41.0,22.65,1131.325,1139.5712500000002,1139.556,Hold
TCS,2017-02-09,2270.0,2330.9,2269.0,2324.25,2312.4183036811746,492207,6511,1138188476.0,443501.0,90.1,61.9,54.25,1162.125,1139.6012500000002,1140.031,Sell
TCS,2017-02-10,2304.0,2420.9,2304.0,2396.7,2369.8318739919023,121516,8256,287972490.0,37591.0,30.94,116.9,92.7,1198.35,1140.93625,1141.3335,Hold
TCS,2017-02-13,2403.3,2425.0,2382.75,2410.3,2409.061079640866,89326,5339,215191790.0,16168.0,18.1,42.25,7.0,1205.15,1144.89375,1143.1975,Buy
TCS,2017-02-14,2414.0,2415.0,2396.5,2402.95,2408.4584143330003,57099,2563,137520567.0,16776.0,29.38,18.5,-11.05,1201.475,1148.50375,1145.3625,Hold
TCS,2017-02-15,2400.0,2427.0,2378.35,2415.7,2407.4138660173644,62426,3693,150285218.0,19290.0,30.9,48.65,15.7,1207.85,1151.955,1147.615,Hold
TCS,2017-02-16,2450.0,2477.5,2436.3,2446.9,2451.15422157473,151010,7889,370148799.0,72573.0,48.06,41.2,-3.1,1223.45,1155.7525,1150.5020000000002,Hold
TCS,2017-02-17,2452.05,2474.0,2402.15,2408.15,2423.517497731345,85954,4545,208311023.0,27007.0,31.42,71.85,-43.9,1204.075,1158.69875,1152.6145,Hold
TCS,2017-02-20,2419.0,2555.0,2412.0,2506.5,2490.5772602850416,198006,10189,493149241.0,71302.0,36.01,143.0,87.5,1253.25,1164.175,1155.745,Hold
TCS,2017-02-21,2516.0,2525.0,2455.2,2464.3,2482.9056918350648,323885,14861,804175910.0,138563.0,42.78,69.8,-51.7,1232.15,1168.14,1158.3255,Hold
TCS,2017-02-22,2465.0,2471.45,2402.0,2409.55,2423.61618216979,128759,8269,312062396.0,42973.0,33.37,69.45,-55.45,1204.775,1170.42875,1160.4125,Hold
TCS,2017-02-23,2410.0,2491.0,2410.0,2481.65,2465.4490105620976,115318,7765,284310649.0,42879.0,37.18,81.0,71.65,1240.825,1173.6525,1163.15,Hold
TCS,2017-02-27,2481.0,2500.0,2473.05,2488.9,2488.513813242339,60956,4081,151689848.0,13687.0,22.45,26.95,7.9,1244.45,1176.9237500000002,1165.444,Hold
TCS,2017-02-28,2488.9,2491.25,2451.55,2466.5,2466.637610186092,37777,2992,93182169.0,9082.0,24.04,39.7,-22.4,1233.25,1180.23125,1167.2915,Hold
TCS,2017-03-01,2484.0,2501.0,2471.4,2480.05,2488.034791525975,39981,3328,99474119.0,15109.0,37.79,29.6,-3.95,1240.025,1186.4850000000001,1169.2169999999999,Hold
TCS,2017-03-02,2480.0,2510.0,2479.1,2501.15,2497.300108106144,110077,9157,274895304.0,48841.0,44.37,30.9,21.15,1250.575,1194.7775,1170.851,Hold
TCS,2017-03-03,2501.0,2501.0,2476.0,2492.35,2488.574616577632,34818,2145,86647191.0,9688.0,27.82,25.0,-8.65,1246.175,1201.94125,1172.647,Hold
TCS,2017-03-06,2475.0,2482.45,2454.9,2470.65,2463.9737578726385,208634,3824,514068701.0,158037.0,75.75,27.55,-4.35,1235.325,1207.86375,1174.255,Hold
TCS,2017-03-07,2472.0,2507.45,2472.0,2500.7,2495.435509652035,48798,4577,121772262.0,19121.0,39.18,35.45,28.7,1250.35,1214.3675,1176.36,Hold
TCS,2017-03-08,2499.0,2520.0,2492.0,2513.9,2505.4303676507566,79532,3095,199261888.0,54503.0,68.53,28.0,14.9,1256.95,1221.0949999999998,1178.578,Hold
TCS,2017-03-09,2513.9,2524.9,2503.5,2519.55,2516.097367062468,77480,2131,194947224.0,57777.0,74.57,21.4,5.65,1259.775,1227.5175,1180.555,Hold
TCS,2017-03-10,2525.0,2548.5,2519.5,2541.8,2535.576750361784,67029,2303,169957174.0,47609.0,71.03,29.0,16.8,1270.9,1232.95625,1182.815,Hold
TCS,2017-03-14,2550.0,2584.0,2550.0,2562.35,2572.1612491501564,395661,4276,1017703892.0,360074.0,91.01,34.0,12.35,1281.175,1237.0975,1184.9309999999998,Hold
TCS,2017-03-15,2565.0,2570.0,2496.05,2500.3,2512.120689085624,60544,4639,152093835.0,16655.0,27.51,73.95,-64.7,1250.15,1239.3474999999999,1186.3145,Hold
TCS,2017-03-16,2501.0,2525.0,2501.0,2518.95,2517.024873275964,33932,2344,85407688.0,7846.0,23.12,24.0,17.95,1259.475,1242.2475,1187.9134999999999,Hold
TCS,2017-03-17,2548.0,2548.0,2512.45,2526.85,2523.8808842319045,179229,2802,452352647.0,142852.0,79.7,35.55,-21.15,1263.425,1245.0262500000001,1189.497,Hold
TCS,2017-03-20,2518.0,2523.4,2467.05,2480.8,2488.7583642436657,54189,4071,134863327.0,21113.0,38.96,56.35,-37.2,1240.4,1245.8737500000002,1190.5194999999999,Hold
TCS,2017-03-21,2482.0,2493.9,2466.0,2486.15,2482.6443482262384,47808,2161,118690261.0,25471.0,53.28,27.9,4.15,1243.075,1247.82375,1192.0355,Hold
TCS,2017-03-22,2487.0,2495.0,2470.0,2479.1,2480.580624327233,55740,2103,138267564.0,31208.0,55.99,25.0,-7.9,1239.55,1247.13875,1193.9905,Hold
TCS,2017-03-23,2478.0,2486.0,2448.5,2458.9,2463.265778924143,64358,4207,158530859.0,28052.0,43.59,37.5,-19.1,1229.45,1247.0037499999999,1195.542,Hold
TCS,2017-03-24,2465.0,2470.0,2423.7,2426.75,2438.3195102478862,152812,4851,372604481.0,114949.0,75.22,46.3,-38.25,1213.375,1247.4337500000001,1196.655,Hold
TCS,2017-03-27,2428.0,2441.0,2407.0,2412.1,2418.080250538266,81744,3981,197663552.0,47689.0,58.34,34.0,-15.9,1206.05,1245.6950000000002,1197.5455,Hold
TCS,2017-03-28,2412.1,2441.85,2412.1,2429.85,2432.0144100580274,31020,1762,75441087.0,14333.0,46.21,29.75,17.75,1214.925,1244.21875,1198.4109999999998,Hold
TCS,2017-03-29,2431.25,2447.9,2426.55,2443.75,2439.3110168368025,30172,2010,73598892.0,14289.0,47.36,21.35,12.5,1221.875,1243.65,1200.3284999999998,Hold
TCS,2017-03-30,2440.0,2465.0,2435.0,2443.75,2455.6956472619877,61961,3314,152157358.0,32937.0,53.16,30.0,3.75,1221.875,1242.7425,1202.1805,Hold
TCS,2017-03-31,2439.0,2440.0,2414.85,2431.1,2426.43697509024,83943,2413,203682399.0,14976.0,17.84,25.15,-7.9,1215.55,1240.99125,1203.715,Hold
TCS,2017-04-03,2435.0,2435.0,2410.0,2413.3,2418.136681007123,28358,1548,68573520.0,14733.0,51.95,25.0,-21.7,1206.65,1239.015,1204.8980000000001,Hold
TCS,2017-04-05,2417.0,2418.5,2395.0,2402.85,2402.655377877368,39272,2044,94357082.0,14291.0,36.39,23.5,-14.15,1201.425,1237.3200000000002,1206.0235,Hold
TCS,2017-04-06,2401.2,2410.05,2390.0,2399.75,2399.590242844753,23060,1451,55334551.0,7553.0,32.75,20.05,-1.45,1199.875,1234.7962499999999,1207.1464999999998,Hold
TCS,2017-04-07,2400.0,2430.0,2394.4,2427.1,2418.2834454557446,37905,2414,91665034.0,12387.0,32.68,35.6,27.1,1213.55,1232.62625,1208.3605,Hold
TCS,2017-04-10,2430.0,2448.0,2408.1,2421.15,2433.83666899069,48766,3067,118688479.0,13884.0,28.47,39.9,-8.85,1210.575,1230.16625,1209.392,Hold
TCS,2017-04-11,2420.0,2442.0,2410.0,2420.8,2427.1308881104474,24265,1273,58894331.0,8855.0,36.49,32.0,0.8,1210.4,1227.14125,1210.073,Hold
TCS,2017-04-12,2419.15,2427.0,2380.6,2394.2,2401.4614134321564,30762,1698,73873756.0,10217.0,33.21,46.4,-24.95,1197.1,1222.9375,1210.4345,Hold
TCS,2017-04-13,2400.0,2408.0,2321.35,2327.85,2343.8401017567794,108494,5988,254292588.0,38845.0,35.8,86.65,-72.15,1163.925,1218.6262499999998,1210.371,Hold
TCS,2017-04-17,2332.5,2333.05,2300.0,2320.85,2311.4399071149137,47801,3362,110489139.0,12290.0,25.71,33.05,-11.65,1160.425,1213.67375,1211.2805,Hold
TCS,2017-04-18,2325.0,2338.95,2302.5,2308.65,2320.841828989013,77726,4349,180389752.0,25450.0,32.74,36.45,-16.35,1154.325,1208.21875,1212.6725,Sell
TCS,2017-04-19,2285.0,2348.45,2255.0,2301.75,2299.7468834189135,217145,9243,499378537.0,46393.0,21.36,93.45,16.75,1150.875,1203.7424999999998,1213.632,Hold
TCS,2017-04-20,2318.9,2334.0,2292.0,2328.35,2312.9254927227366,60531,3745,140003693.0,23051.0,38.08,42.0,9.45,1164.175,1199.7975000000001,1214.578,Hold
TCS,2017-04-21,2330.0,2335.45,2301.9,2311.2,2314.104547987484,23329,1560,53985745.0,9879.0,42.35,33.55,-18.8,1155.6,1195.6,1215.2845,Hold
TCS,2017-04-24,2300.0,2337.05,2283.9,2329.1,2316.930394686282,54651,3100,126622563.0,15323.0,28.04,53.15,29.1,1164.55,1192.355,1216.1275,Hold
TCS,2017-04-25,2331.0,2343.3,2303.0,2311.3,2314.1554295804094,43042,5078,99605878.0,17106.0,39.74,40.3,-19.7,1155.65,1189.4687499999998,1216.614,Hold
TCS,2017-04-26,2330.25,2341.0,2304.0,2310.45,2312.3826757946968,153958,2632,356009812.0,119057.0,77.33,37.0,-19.8,1155.225,1186.9275,1216.4759999999999,Hold
TCS,2017-04-27,2320.0,2329.65,2285.05,2301.4,2318.3120619627844,158805,4968,368159547.0,119196.0,75.06,44.6,-18.6,1150.7,1183.71625,1215.5230000000001,Hold
TCS,2017-04-28,2301.4,2302.0,2265.3,2272.1,2281.290030091466,100693,5284,229709937.0,43293.0,43.0,36.7,-29.3,1136.05,1179.425,1214.1409999999998,Hold
TCS,2017-05-02,2297.0,2301.5,2280.1,2291.95,2289.5761503564486,138870,3966,317953440.0,110539.0,79.6,21.4,-5.05,1145.975,1175.6299999999999,1213.031,Hold
TCS,2017-05-03,2299.0,2343.5,2271.45,2337.4,2325.507898943673,127612,5908,296762714.0,52563.0,41.19,72.05,38.4,1168.7,1173.2875,1212.248,Hold
TCS,2017-05-04,2345.0,2348.0,2311.0,2327.1,2326.24263474558,334408,4504,777914147.0,280940.0,84.01,37.0,-17.9,1163.55,1171.1325,1211.05,Hold
TCS,2017-05-05,2302.0,2331.8,2302.0,2319.95,2319.3370176696567,171537,6753,397852114.0,114557.0,66.78,29.8,17.95,1159.975,1169.06,1210.1680000000001,Hold
TCS,2017-05-08,2325.0,2346.9,2318.0,2341.9,2337.533407539764,34139,3444,79801053.0,17454.0,51.13,28.9,16.9,1170.95,1167.61375,1208.522,Hold
TCS,2017-05-09,2342.45,2362.0,2333.6,2352.75,2349.1517955602435,41714,4465,97992518.0,17794.0,42.66,28.4,10.3,1176.375,1165.7549999999999,1207.4065,Hold
TCS,2017-05-10,2352.75,2356.0,2316.0,2332.5,2329.111009097738,35943,4516,83715237.0,14723.0,40.96,40.0,-20.25,1166.25,1163.53875,1206.636,Hold
TCS,2017-05-11,2340.0,2359.65,2323.6,2351.25,2338.8178428265123,32181,2595,75265497.0,11947.0,37.12,36.05,11.25,1175.625,1161.8,1205.3319999999999,Hold
TCS,2017-05-12,2349.0,2369.0,2322.7,2359.5,2351.025833961861,168383,4470,395872783.0,117478.0,69.77,46.3,10.5,1179.75,1160.9325,1204.038,Hold
TCS,2017-05-15,2364.5,2375.0,2340.75,2364.4,2354.9563781321185,26340,1590,62029551.0,8229.0,31.24,34.25,-0.1,1182.2,1161.84625,1203.017,Hold
TCS,2017-05-16,2378.7,2434.8,2375.5,2427.25,2403.6132426057593,589310,7309,1416473320.0,521274.0,88.45,59.3,48.55,1213.625,1164.50625,1202.489,Hold
TCS,2017-05-17,2431.9,2460.0,2424.0,2451.35,2443.9382220795887,124640,4388,304612460.0,80751.0,64.79,36.0,19.45,1225.675,1168.07375,1201.991,Hold
TCS,2017-05-18,2451.0,2565.75,2443.05,2534.1,2536.714612918003,288156,10298,730969536.0,160285.0,55.62,122.7,83.1,1267.05,1173.8825000000002,1202.4085,Hold
TCS,2017-05-19,2546.0,2550.0,2485.2,2506.8,2505.5557291568625,53123,3422,133102637.0,15693.0,29.54,64.8,-39.2,1253.4,1178.34375,1202.77,Hold
TCS,2017-05-22,2507.0,2550.0,2507.0,2529.3,2531.002984023043,48257,2814,122138611.0,19562.0,40.54,43.0,22.3,1264.65,1183.7962499999999,1203.0559999999998,Hold
TCS,2017-05-23,2529.5,2560.6,2514.0,2520.45,2533.425941236968,49589,4438,125630059.0,18326.0,36.96,46.6,-9.05,1260.225,1188.58,1203.1215000000002,Hold
TCS,2017-05-24,2522.45,2570.0,2522.45,2557.8,2543.503837715302,137191,4141,348945835.0,77009.0,56.13,47.55,35.35,1278.9,1194.7425,1203.504,Hold
TCS,2017-05-25,2572.0,2633.0,2567.55,2619.95,2603.4628833107017,395469,6249,1029588863.0,318629.0,80.57,65.45,47.95,1309.975,1202.48,1204.2855,Hold
TCS,2017-05-26,2624.0,2636.0,2571.05,2579.3,2601.3335744712736,346966,3838,902574305.0,309738.0,89.27,64.95,-44.7,1289.65,1209.4275,1204.455,Buy
TCS,2017-05-29,2579.0,2595.85,2562.3,2571.5,2578.93033196181,50066,3307,129116726.0,21040.0,42.02,33.55,-7.5,1285.75,1216.9125,1205.167,Hold
TCS,2017-05-30,2572.85,2575.0,2525.6,2551.7,2553.401463294668,48794,3003,124590671.0,15600.0,31.97,49.4,-21.15,1275.85,1223.40625,1205.4945,Hold
TCS,2017-05-31,2531.0,2571.55,2529.05,2544.35,2551.545674036236,50116,3849,127873263.0,18397.0,36.71,42.5,13.35,1272.175,1228.58,1205.6695,Hold
TCS,2017-06-01,2530.0,2562.2,2530.0,2550.85,2554.657623451553,47144,2402,120436779.0,29744.0,63.09,32.2,20.85,1275.425,1234.1737500000002,1206.37,Hold
TCS,2017-06-02,2542.25,2589.0,2542.25,2561.85,2569.2423989706444,41968,4168,107825965.0,19011.0,45.3,46.75,19.6,1280.925,1240.22125,1207.127,Hold
TCS,2017-06-05,2565.0,2620.0,2560.0,2601.05,2580.839784514396,72209,3699,186359860.0,20809.0,28.82,60.0,36.05,1300.525,1246.7,1208.3464999999999,Hold
TCS,2017-06-06,2644.0,2707.4,2630.0,2695.4,2690.395960752674,153692,8732,413492336.0,42657.0,27.75,77.4,51.4,1347.7,1255.2662500000001,1210.7115000000001,Hold
TCS,2017-06-07,2700.0,2700.0,2581.0,2615.35,2623.4537280129375,195399,12074,512620235.0,68162.0,34.88,119.0,-84.65,1307.675,1262.3375,1212.5975,Hold
TCS,2017-06-08,2610.0,2610.0,2517.7,2521.5,2543.4316926320203,181203,12235,460877453.0,63290.0,34.93,92.3,-88.5,1260.75,1266.59375,1213.6915,Hold
TCS,2017-06-09,2516.0,2545.5,2489.0,2510.25,2510.9104789488006,102892,5504,258352601.0,21167.0,20.57,56.5,-5.75,1255.125,1270.3625,1214.4955,Hold
TCS,2017-06-12,2500.0,2514.0,2472.4,2489.9,2480.137116039733,837196,4759,2076360873.0,775487.0,92.63,41.6,-10.1,1244.95,1273.5,1214.957,Hold
TCS,2017-06-13,2466.25,2482.45,2450.0,2453.4,2464.3313683920233,58017,3706,142973113.0,18738.0,32.3,32.45,-12.85,1226.7,1274.15375,1215.0535,Hold
TCS,2017-06-14,2450.05,2477.0,2450.05,2470.8,2470.2255166358304,63778,1951,157546043.0,9484.0,14.87,26.95,20.75,1235.4,1274.64,1215.4505,Hold
TCS,2017-06-15,2465.05,2469.95,2406.05,2411.1,2431.2343589083416,77680,5035,188858285.0,35348.0,45.5,63.9,-53.95,1205.55,1271.565,1215.4285,Hold
TCS,2017-06-16,2411.1,2434.9,2389.5,2397.45,2404.4259579728055,72810,4378,175066254.0,16327.0,22.42,45.4,-13.65,1198.725,1268.83125,1215.3745000000001,Hold
TCS,2017-06-19,2408.5,2442.85,2406.55,2431.9,2429.489943484042,48128,3305,116926492.0,12923.0,26.85,36.3,23.4,1215.95,1266.39625,1215.6960000000001,Hold
TCS,2017-06-20,2429.95,2445.0,2383.1,2441.5,2423.655672455317,39445,2837,95601098.0,10782.0,27.33,61.9,11.55,1220.75,1264.4225000000001,1215.84,Hold
TCS,2017-06-21,2441.0,2441.0,2398.0,2406.05,2411.86750487752,46130,3731,111259448.0,13097.0,28.39,43.0,-34.95,1203.025,1260.62875,1215.689,Hold
TCS,2017-06-22,2410.0,2430.1,2388.9,2395.75,2405.624249034782,57759,3815,138946451.0,14408.0,24.95,41.2,-14.25,1197.875,1255.02375,1215.4385,Hold
TCS,2017-06-23,2403.0,2413.0,2353.0,2360.65,2384.637579440652,46733,3970,111441268.0,20335.0,43.51,60.0,-42.35,1180.325,1249.5575,1215.103,Hold
TCS,2017-06-27,2358.75,2386.35,2335.0,2345.9,2356.0946273902678,47798,2905,112616611.0,13762.0,28.79,51.35,-12.85,1172.95,1243.9175,1215.2835,Hold
TCS,2017-06-28,2345.0,2358.3,2335.15,2351.2,2346.412876593279,41424,2138,97197807.0,16742.0,40.42,23.15,6.2,1175.6,1238.9050000000002,1215.587,Hold
TCS,2017-06-29,2353.0,2370.8,2325.0,2334.65,2349.1284952079836,40484,2706,95102118.0,12542.0,30.98,45.8,-18.35,1167.325,1233.6625,1215.847,Hold
TCS,2017-06-30,2330.0,2377.85,2326.0,2364.35,2361.853021777258,54736,2907,129278387.0,20213.0,36.93,51.85,34.35,1182.175,1229.0,1216.473,Hold
TCS,2017-07-03,2364.0,2382.95,2345.5,2373.4,2366.5336760357077,36183,2016,85628288.0,16207.0,44.79,37.45,9.4,1186.7,1224.28875,1216.9234999999999,Hold
TCS,2017-07-04,2373.4,2381.4,2351.1,2364.0,2365.6607924810423,28089,1592,66449046.0,7124.0,25.36,30.3,-9.4,1182.0,1218.3625,1217.4515,Hold
TCS,2017-07-05,2364.0,2364.0,2346.3,2357.75,2355.594101799288,20786,1308,48963379.0,6779.0,32.61,17.7,-6.25,1178.875,1209.9212499999999,1217.738,Sell
TCS,2017-07-06,2350.05,2361.3,2340.0,2344.8,2348.5642063339114,31134,1906,73120198.0,13224.0,42.47,21.3,-5.25,1172.4,1203.1575,1218.073,Hold
TCS,2017-07-07,2354.6,2356.0,2325.0,2332.2,2343.734014460289,54909,2332,128692091.0,34440.0,62.72,31.0,-22.4,1166.1,1198.425,1218.2905,Hold
TCS,2017-07-10,2333.0,2452.0,2333.0,2440.85,2418.046046143869,675366,39253,1633066086.0,365708.0,54.15,119.0,107.85,1220.425,1196.69,1219.685,Hold
TCS,2017-07-11,2438.8,2513.4,2426.85,2471.9,2473.555923846616,144813,6064,358203054.0,54929.0,37.93,86.55,33.1,1235.95,1196.24,1221.683,Hold
TCS,2017-07-12,2487.95,2488.0,2431.3,2439.1,2449.5246191839497,45757,2640,112082898.0,10442.0,22.82,56.7,-48.85,1219.55,1195.8825000000002,1223.1544999999999,Hold
TCS,2017-07-13,2449.9,2471.0,2427.1,2444.05,2447.076018522576,68457,3777,167519483.0,11910.0,17.4,43.9,-5.85,1222.025,1195.21375,1224.221,Hold
TCS,2017-07-14,2389.0,2422.65,2376.1,2398.8,2398.5089120789135,210052,7469,503811594.0,79323.0,37.76,46.55,9.8,1199.4,1194.90625,1224.9379999999999,Hold
TCS,2017-07-17,2400.0,2420.65,2384.0,2395.7,2402.5414255959267,34568,2071,83051052.0,8853.0,25.61,36.65,-4.3,1197.85,1194.8625,1225.6955,Hold
TCS,2017-07-18,2397.0,2440.0,2397.0,2405.25,2414.731108952493,88534,2293,213785804.0,60083.0,67.86,43.0,8.25,1202.625,1194.19625,1226.3290000000002,Hold
TCS,2017-07-19,2418.0,2457.9,2417.3,2450.45,2440.507112511337,41898,2557,102252367.0,13390.0,31.96,40.6,32.45,1225.225,1194.42,1227.306,Hold
TCS,2017-07-20,2450.0,2457.4,2431.0,2445.2,2442.524770483284,23092,1295,56402782.0,6338.0,27.45,26.4,-4.8,1222.6,1195.3987499999998,1228.433,Hold
TCS,2017-07-21,2445.2,2499.0,2439.8,2490.9,2473.2118630445266,43547,2740,107700957.0,14194.0,32.59,59.2,45.7,1245.45,1197.7775,1229.8295,Hold
TCS,2017-07-24,2480.0,2539.2,2479.9,2532.65,2518.9921345973535,57594,2851,145078833.0,18576.0,32.25,59.3,52.65,1266.325,1202.0775,1231.5610000000001,Hold
TCS,2017-07-25,2530.0,2580.0,2517.7,2570.65,2554.562725614253,51526,2932,131626399.0,20321.0,39.44,62.3,40.65,1285.325,1207.69625,1233.6235,Hold
TCS,2017-07-26,2555.0,2573.0,2547.0,2554.8,2558.6243720930233,37625,2130,96268242.0,12032.0,31.98,26.0,-0.2,1277.4,1212.7862499999999,1234.899,Hold
TCS,2017-07-27,2550.0,2583.7,2469.05,2484.35,2515.043425351737,59988,3921,150872425.0,19121.0,31.87,114.65,-65.65,1242.175,1216.52875,1235.229,Hold
TCS,2017-07-28,2479.4,2488.55,2443.85,2482.75,2465.592993181284,42530,3135,104861670.0,11794.0,27.73,44.7,3.35,1241.375,1219.48875,1234.7155,Hold
TCS,2017-07-31,2470.0,2516.0,2464.9,2494.05,2493.2340962123176,42427,2454,105780443.0,9370.0,22.08,51.1,24.05,1247.025,1222.505,1234.588,Hold
TCS,2017-08-01,2494.05,2518.9,2488.3,2499.95,2503.257645612417,26028,1843,65154790.0,9404.0,36.13,30.6,5.9,1249.975,1225.90375,1234.2945000000002,Hold
TCS,2017-08-02,2499.0,2501.85,2458.0,2467.35,2482.6601147371393,21266,1435,52796250.0,6142.0,28.88,43.85,-31.65,1233.675,1228.64375,1233.7635,Hold
TCS,2017-08-03,2479.0,2501.45,2472.0,2489.55,2487.352207039776,453594,1656,1128248037.0,441176.0,97.26,29.45,10.55,1244.775,1232.2625,1233.0810000000001,Hold
TCS,2017-08-04,2490.0,2528.0,2487.45,2522.75,2510.1457055214723,29340,1975,73647675.0,10308.0,35.13,40.55,32.75,1261.375,1237.0262500000001,1232.109,Buy
TCS,2017-08-07,2522.0,2522.75,2484.0,2504.6,2494.8568618599247,31012,1624,77370501.0,10006.0,32.26,38.75,-17.4,1252.3,1238.62,1231.362,Hold
TCS,2017-08-08,2525.0,2526.0,2486.0,2497.8,2506.172422085417,20792,1288,52108337.0,6642.0,31.94,40.0,-27.2,1248.9,1239.2675000000002,1230.625,Hold
TCS,2017-08-09,2495.95,2521.45,2495.1,2501.95,2506.0885334779073,18445,1268,46224803.0,5909.0,32.04,26.35,6.0,1250.975,1240.83875,1230.1275,Hold
TCS,2017-08-10,2498.4,2520.0,2486.5,2511.25,2500.9958104104953,23630,1457,59098531.0,8558.0,36.22,33.5,12.85,1255.625,1242.51875,1229.7965000000002,Hold
TCS,2017-08-11,2514.0,2533.3,2485.0,2494.0,2507.4238816832585,38473,1927,96468119.0,10587.0,27.52,48.3,-20.0,1247.0,1244.8987499999998,1229.228,Hold
TCS,2017-08-14,2501.0,2505.6,2460.05,2469.15,2485.210075914424,14490,1044,36010694.0,6152.0,42.46,45.55,-31.85,1234.575,1246.7350000000001,1228.3010000000002,Hold
TCS,2017-08-16,2497.0,2547.0,2466.85,2491.05,2486.901271606297,36332,1724,90354097.0,8589.0,23.64,80.15,-5.95,1245.525,1248.88,1227.201,Hold
TCS,2017-08-17,2500.0,2500.0,2462.0,2480.15,2478.873948803253,21642,1410,53647790.0,5647.0,26.09,38.0,-19.85,1240.075,1249.6225,1225.0484999999999,Hold
TCS,2017-08-18,2475.0,2546.45,2470.95,2512.85,2508.5706475408106,141937,5218,356058992.0,69852.0,49.21,75.5,37.85,1256.425,1251.31375,1224.0235,Hold
TCS,2017-08-21,2512.85,2542.0,2495.0,2521.4,2528.924968491808,35705,2090,90295266.0,11604.0,32.5,47.0,8.55,1260.7,1252.07625,1224.0225,Hold
TCS,2017-08-22,2519.9,2538.0,2491.0,2496.05,2515.157363222728,18022,1102,45328166.0,5247.0,29.11,47.0,-23.85,1248.025,1251.1612499999999,1223.8805,Hold
TCS,2017-08-23,2500.0,2520.0,2475.65,2493.0,2489.8230227094755,12770,931,31795040.0,3736.0,29.26,44.35,-7.0,1246.5,1249.22,1223.9115,Hold
TCS,2017-08-24,2475.3,2515.0,2475.3,2495.3,2496.5511663176135,13847,820,34569744.0,3963.0,28.62,39.7,20.0,1247.65,1247.7325,1224.3305,Hold
TCS,2017-08-28,2496.0,2501.95,2464.0,2485.85,2479.0265945038022,21433,1632,53132977.0,6834.0,31.89,37.95,-10.15,1242.925,1247.77,1224.481,Hold
TCS,2017-08-29,2485.85,2493.9,2466.0,2474.95,2475.8401328006303,17771,1021,43998155.0,5533.0,31.13,27.9,-10.9,1237.475,1247.575,1225.1195,Hold
TCS,2017-08-30,2487.5,2491.45,2461.0,2486.75,2478.3132886040457,19972,1066,49496873.0,6905.0,34.57,30.45,-0.75,1243.375,1247.3925,1226.0125,Hold
TCS,2017-08-31,2492.0,2500.0,2468.0,2496.75,2473.0093394486566,228279,1388,564536099.0,8271.0,3.62,32.0,4.75,1248.375,1247.3125,1226.661,Hold
TCS,2017-09-01,2475.0,2477.0,2440.0,2463.2,2456.359194137297,38617,2140,94857223.0,9174.0,23.76,37.0,-11.8,1231.6,1247.2087500000002,1226.878,Hold
TCS,2017-09-04,2456.45,2462.75,2440.2,2457.8,2453.163570609228,62768,2006,153980171.0,33969.0,54.12,22.55,1.35,1228.9,1246.415,1227.3955,Hold
TCS,2017-09-05,2457.8,2482.5,2440.0,2477.65,2460.037636745635,27606,1109,67911799.0,13531.0,49.01,42.5,19.85,1238.825,1245.2875,1228.2145,Hold
TCS,2017-09-06,2470.0,2474.95,2452.0,2456.45,2458.7435683493254,14382,986,35361650.0,4160.0,28.93,22.95,-13.55,1228.225,1244.0837500000002,1229.1725,Hold
TCS,2017-09-07,2456.0,2467.0,2452.35,2458.95,2458.9169342527766,18997,945,46712045.0,7970.0,41.95,14.65,2.95,1229.475,1243.1125,1230.3029999999999,Hold
TCS,2017-09-08,2463.0,2475.0,2453.95,2470.15,2467.0963443312194,28066,838,69241526.0,16426.0,58.53,21.05,7.15,1235.075,1242.3175,1231.4925,Hold
TCS,2017-09-11,2474.0,2480.55,2456.2,2463.55,2465.722349627841,49710,1685,122571058.0,25892.0,52.09,24.35,-10.45,1231.775,1241.125,1232.7815,Hold
TCS,2017-09-12,2465.0,2494.45,2457.0,2486.8,2471.3955642681426,26016,1092,64295827.0,11321.0,43.52,37.45,21.8,1243.4,1240.9450000000002,1234.0059999999999,Hold
TCS,2017-09-13,2500.0,2528.05,2475.35,2488.1,2507.080718129435,62997,1288,157938564.0,45650.0,72.46,52.7,-11.9,1244.05,1241.41875,1235.153,Hold
TCS,2017-09-14,2490.0,2497.45,2473.0,2485.05,2478.8092510018623,35434,718,87834127.0,22876.0,64.56,24.45,-4.95,1242.525,1241.26875,1236.3635000000002,Hold
TCS,2017-09-15,2492.0,2514.45,2487.6,2498.55,2498.506010815308,48080,1473,120128169.0,22794.0,47.41,26.85,6.55,1249.275,1241.72875,1237.7715,Hold
TCS,2017-09-18,2507.0,2516.9,2491.1,2499.05,2501.347693685625,22330,954,55855094.0,9350.0,41.87,25.8,-7.95,1249.525,1241.38375,1239.3139999999999,Hold
TCS,2017-09-19,2499.05,2503.35,2492.5,2498.3,2496.838113830905,13318,623,33252890.0,4457.0,33.47,10.85,-0.75,1249.15,1240.80625,1240.975,Sell
TCS,2017-09-20,2498.3,2505.0,2478.05,2492.4,2489.17509879223,17967,1056,44723009.0,6024.0,33.53,26.95,-5.9,1246.2,1240.715,1241.4905,Hold
TCS,2017-09-21,2487.5,2539.7,2479.95,2525.85,2519.1583316596366,29874,1611,75257336.0,9697.0,32.46,59.75,38.35,1262.925,1241.53625,1242.03,Hold
TCS,2017-09-22,2525.0,2525.9,2495.2,2502.35,2508.3854419954505,25498,1144,63958812.0,9618.0,37.72,30.7,-22.65,1251.175,1241.7125,1242.6625,Hold
TCS,2017-09-25,2528.8,2533.0,2495.0,2508.2,2516.287775123501,43117,2751,108494780.0,10933.0,25.36,38.0,-20.6,1254.1,1242.27125,1243.3039999999999,Hold
TCS,2017-09-26,2508.2,2526.0,2468.0,2474.9,2484.931516995958,62103,2369,154321702.0,36550.0,58.85,58.0,-33.3,1237.45,1242.27,1244.065,Hold
TCS,2017-09-27,2490.0,2507.95,2474.1,2490.15,2492.1328532548773,331057,1900,825038026.0,306122.0,92.47,33.85,0.15,1245.075,1242.355,1245.0095,Hold
TCS,2017-09-28,2495.0,2511.05,2452.85,2478.45,2481.092832637923,107850,2873,267585862.0,69261.0,64.22,58.2,-16.55,1239.225,1241.8975,1245.7414999999999,Hold
TCS,2017-09-29,2478.45,2483.45,2420.65,2437.0,2443.028092361897,95364,2501,232976931.0,33743.0,35.38,62.8,-41.45,1218.5,1241.2424999999998,1245.607,Hold
TCS,2017-10-03,2435.0,2455.45,2428.0,2447.05,2438.6371375189988,166457,3026,405928222.0,115039.0,69.11,27.45,12.05,1223.525,1240.97375,1245.6255,Hold
TCS,2017-10-04,2470.0,2470.0,2429.0,2442.55,2439.2644669284205,132440,2537,323056186.0,86403.0,65.24,41.0,-27.45,1221.275,1240.09625,1245.142,Hold
TCS,2017-10-05,2442.0,2442.55,2425.0,2430.15,2435.6627747497414,112284,1403,273485959.0,94617.0,84.27,17.55,-11.85,1215.075,1239.4387499999998,1244.117,Hold
TCS,2017-10-06,2428.0,2454.05,2427.6,2445.15,2444.302957699934,24208,1015,59171686.0,11458.0,47.33,26.45,17.15,1222.575,1239.09375,1242.862,Hold
TCS,2017-10-09,2448.0,2467.0,2442.6,2452.55,2457.0954592111048,20459,833,50269716.0,8158.0,39.87,24.4,4.55,1226.275,1238.65375,1241.8395,Hold
TCS,2017-10-10,2460.0,2470.6,2452.1,2459.55,2459.8760978583105,144372,1201,355137232.0,125657.0,87.04,18.5,-0.45,1229.775,1238.55375,1241.5915,Hold
TCS,2017-10-11,2460.0,2513.35,2457.7,2500.5,2501.219390803875,127184,1835,318115087.0,107723.0,84.7,55.65,40.5,1250.25,1238.89625,1241.769,Hold
TCS,2017-10-12,2501.05,2555.0,2501.05,2548.55,2520.283999636124,186877,2711,470983113.0,155588.0,83.26,53.95,47.5,1274.275,1240.4075,1242.314,Hold
TCS,2017-10-13,2549.9,2605.6,2525.0,2556.75,2563.485932437201,93513,4662,239719260.0,15983.0,17.09,80.6,6.85,1278.375,1242.2,1242.882,Hold
TCS,2017-10-16,2556.75,2590.0,2556.0,2585.1,2578.075611684808,42996,1604,110846939.0,23605.0,54.9,34.0,28.35,1292.55,1244.36375,1244.0595,Buy
TCS,2017-10-17,2586.0,2612.95,2581.1,2594.85,2601.541262914715,31166,1897,81079635.0,12012.0,38.54,31.85,8.85,1297.425,1246.75875,1245.1125,Hold
TCS,2017-10-18,2590.0,2611.9,2580.0,2589.05,2590.697142502944,16133,955,41795717.0,7239.0,44.87,31.9,-0.95,1294.525,1249.0275,1245.7755,Hold
TCS,2017-10-19,2589.05,2594.95,2570.85,2580.95,2581.3249076414545,5143,370,13275754.0,2226.0,43.28,24.1,-8.1,1290.475,1251.24125,1246.539,Hold
TCS,2017-10-23,2581.0,2625.05,2555.0,2585.95,2593.971584818987,91430,2081,237166822.0,64803.0,70.88,70.05,4.95,1292.975,1252.74375,1247.4205,Hold
TCS,2017-10-24,2610.0,2619.0,2570.45,2580.6,2586.7659836908106,14593,719,37748676.0,4496.0,30.81,48.55,-29.4,1290.3,1254.7,1248.2069999999999,Hold
TCS,2017-10-25,2582.0,2611.0,2558.75,2561.75,2586.899597172608,13157,820,34035838.0,3552.0,27.0,52.25,-20.25,1280.875,1256.0387500000002,1248.712,Hold
TCS,2017-10-26,2560.0,2566.4,2525.6,2543.0,2544.014165134548,23932,1542,60883347.0,6863.0,28.68,40.8,-17.0,1271.5,1257.74125,1249.202,Hold
TCS,2017-10-27,2545.0,2590.0,2534.4,2579.2,2564.9676005529145,29661,1202,76079504.0,8203.0,27.66,55.6,34.2,1289.6,1259.9675,1250.3025,Hold
TCS,2017-10-30,2580.0,2618.0,2580.0,2613.0,2605.562972144912,42757,1644,111406056.0,9681.0,22.64,38.0,33.0,1306.5,1263.33125,1251.522,Hold
TCS,2017-10-31,2595.05,2634.9,2595.05,2616.3,2624.199497206704,35800,2043,93946342.0,14548.0,40.64,39.85,21.25,1308.15,1267.81375,1252.8835000000001,Hold
TCS,2017-11-01,2622.0,2622.0,2581.1,2602.5,2595.1162781524868,25353,1199,65793983.0,7526.0,29.68,40.9,-19.5,1301.25,1271.7,1253.78,Hold
TCS,2017-11-02,2586.5,2670.0,2586.5,2625.8,2635.128369355557,40438,1813,106559321.0,10419.0,25.77,83.5,39.3,1312.9,1276.28125,1254.824,Hold
TCS,2017-11-03,2630.0,2635.0,2604.25,2612.7,2614.732883961896,17951,1025,46937070.0,4494.0,25.03,30.75,-17.3,1306.35,1280.845,1255.9905,Hold
TCS,2017-11-06,2610.0,2672.95,2610.0,2667.0,2646.872389666308,37160,3862,98357778.0,16927.0,45.55,62.95,57.0,1333.5,1286.3912500000001,1257.7305000000001,Hold
TCS,2017-11-07,2671.0,2743.6,2668.0,2708.35,2717.1756747440622,116044,5765,315311934.0,22357.0,19.27,75.6,37.35,1354.175,1292.7862499999999,1259.861,Hold
TCS,2017-11-08,2728.0,2753.1,2719.65,2730.45,2738.1138243274163,30591,4348,83761640.0,9732.0,31.81,33.45,2.45,1365.225,1299.55875,1262.307,Hold
TCS,2017-11-09,2750.0,2750.0,2713.55,2733.85,2730.383956162987,31389,1645,85704022.0,11426.0,36.4,36.45,-16.15,1366.925,1305.3925000000002,1264.896,Hold
TCS,2017-11-10,2717.0,2729.95,2695.5,2703.3,2705.1480582524273,9064,597,24519462.0,2694.0,29.72,34.45,-13.7,1351.65,1309.26125,1267.0615,Hold
TCS,2017-11-13,2703.0,2774.0,2700.0,2758.9,2754.0964313283057,67364,3391,185526952.0,31094.0,46.16,74.0,55.9,1379.45,1314.315,1269.683,Hold
TCS,2017-11-14,2758.0,2758.0,2706.55,2716.75,2722.4735212973555,29722,2044,80917358.0,8966.0,30.17,51.45,-41.25,1358.375,1317.60625,1272.2185,Hold
TCS,2017-11-15,2715.0,2749.95,2702.8,2706.15,2729.1620918222116,24591,1454,67112825.0,4323.0,17.58,47.15,-8.85,1353.075,1320.38875,1274.702,Hold
TCS,2017-11-16,2707.0,2761.0,2690.0,2746.6,2734.0204294413634,66179,3834,180934738.0,14013.0,21.17,71.0,39.6,1373.3,1324.3274999999999,1277.3915000000002,Hold
TCS,2017-11-17,2759.0,2759.0,2706.0,2710.1,2721.8541943190867,15068,923,41012899.0,3569.0,23.69,53.0,-48.9,1355.05,1327.55625,1279.928,Hold
TCS,2017-11-20,2718.1,2725.65,2696.95,2704.65,2712.7414334076457,24222,1002,65708023.0,5287.0,21.83,28.7,-13.45,1352.325,1330.5237499999998,1282.3850000000002,Hold
TCS,2017-11-21,2704.75,2704.75,2670.0,2676.65,2682.4815869282666,16157,939,43340855.0,5583.0,34.55,34.75,-28.1,1338.325,1332.925,1284.45,Hold
TCS,2017-11-22,2670.0,2709.4,2670.0,2683.2,2686.758102573838,73742,1293,198126916.0,33729.0,45.74,39.4,13.2,1341.6,1335.9612499999998,1286.6464999999998,Hold
TCS,2017-11-23,2684.1,2694.25,2672.65,2682.75,2685.4410611998796,16585,686,44538040.0,3521.0,21.23,21.6,-1.35,1341.375,1339.455,1288.606,Hold
TCS,2017-11-24,2674.0,2706.0,2674.0,2688.75,2688.747508619468,21173,1279,56928851.0,8264.0,39.03,32.0,14.75,1344.375,1342.19375,1290.6125,Hold
TCS,2017-11-27,2677.0,2691.4,2665.2,2687.05,2676.8605018325343,17735,912,47474121.0,3555.0,20.05,26.2,10.05,1343.525,1344.045,1292.6325,Hold
TCS,2017-11-28,2687.0,2697.5,2672.25,2684.9,2690.9484782635086,82373,1342,221661499.0,58671.0,71.23,25.25,-2.1,1342.45,1345.76,1294.4959999999999,Hold
TCS,2017-11-29,2679.8,2692.3,2651.0,2658.55,2673.7736750651607,13812,769,36930162.0,5357.0,38.79,41.3,-21.25,1329.275,1347.1612499999999,1296.091,Hold
TCS,2017-11-30,2658.0,2668.55,2625.0,2634.25,2646.2946526408064,18252,951,48300170.0,5786.0,31.7,43.55,-23.75,1317.125,1347.3725,1297.4505,Hold
TCS,2017-12-01,2637.0,2668.95,2625.0,2630.55,2650.074454956808,24310,1661,64423310.0,10662.0,43.86,43.95,-6.45,1315.275,1347.81875,1298.8319999999999,Hold
TCS,2017-12-04,2627.0,2658.6,2603.7,2633.35,2629.6272192727065,17517,1101,46063180.0,7408.0,42.29,54.9,6.35,1316.675,1346.9775,1299.9070000000002,Hold
TCS,2017-12-05,2620.0,2649.0,2620.0,2633.8,2640.184354205767,11722,687,30948241.0,3411.0,29.1,29.0,13.8,1316.9,1345.11375,1301.2214999999999,Hold
TCS,2017-12-06,2634.0,2640.0,2613.9,2631.45,2625.5427166564227,9762,602,25630548.0,3008.0,30.81,26.1,-2.55,1315.725,1342.63875,1302.4540000000002,Hold
TCS,2017-12-07,2631.45,2644.55,2615.05,2617.65,2623.6389177339333,17334,1505,45478157.0,7969.0,45.97,29.5,-13.8,1308.825,1339.7337499999999,1303.8815,Hold
TCS,2017-12-08,2617.0,2644.0,2595.05,2601.0,2615.8229410845443,19197,3084,50215953.0,7794.0,40.6,48.95,-16.0,1300.5,1337.17625,1304.99,Hold
TCS,2017-12-11,2605.0,2667.0,2605.0,2656.0,2631.152658662093,16907,1019,44484898.0,5419.0,32.05,62.0,51.0,1328.0,1334.60375,1306.7655,Hold
TCS,2017-12-12,2656.05,2659.1,2605.1,2614.15,2622.617019942305,31892,1431,83640502.0,14128.0,44.3,54.0,-41.9,1307.075,1332.0387500000002,1308.537,Hold
TCS,2017-12-13,2595.1,2647.55,2595.1,2627.3,2631.3752775191574,27926,1256,73483786.0,3658.0,13.1,52.45,32.2,1313.65,1330.0674999999999,1310.3395,Hold
TCS,2017-12-14,2620.25,2630.0,2531.0,2558.55,2559.90892098256,56709,4308,145169875.0,23989.0,42.3,99.0,-61.7,1279.275,1325.36625,1311.4995000000001,Hold
TCS,2017-12-15,2560.0,2587.3,2540.35,2547.85,2559.0850677706567,35266,2264,90248694.0,10296.0,29.2,46.95,-12.15,1273.925,1321.31,1312.6765,Hold
TCS,2017-12-18,2533.0,2585.2,2496.9,2577.0,2549.3183996003545,44039,2176,112269433.0,7852.0,17.83,88.3,44.0,1288.5,1318.11875,1313.995,Hold
TCS,2017-12-19,2570.0,2597.4,2567.5,2575.05,2585.5539503044515,26441,1742,68364632.0,7593.0,28.72,29.9,5.05,1287.525,1315.5787500000001,1315.22,Hold
TCS,2017-12-20,2570.0,2592.0,2540.0,2588.0,2563.359665386061,156957,2696,402337243.0,86274.0,54.97,52.0,18.0,1294.0,1313.19875,1316.5045,Sell
TCS,2017-12-21,2590.0,2606.9,2556.7,2594.1,2594.2316005873718,17025,735,44166793.0,4825.0,28.34,50.2,4.1,1297.05,1310.9825,1317.4405,Hold
TCS,2017-12-22,2600.0,2659.9,2590.0,2639.8,2632.4719885487775,90820,3933,239081106.0,13617.0,14.99,69.9,39.8,1319.9,1309.7587500000002,1318.3529999999998,Hold
TCS,2017-12-26,2675.05,2688.0,2635.0,2642.8,2657.652701626834,66571,2437,176922598.0,14984.0,22.51,53.0,-32.25,1321.4,1308.6525,1319.2135,Hold
TCS,2017-12-27,2636.1,2657.95,2611.05,2621.05,2631.944739638682,15997,862,42103220.0,5217.0,32.61,46.9,-15.05,1310.525,1307.05625,1319.5729999999999,Hold
TCS,2017-12-28,2603.0,2650.0,2601.2,2628.85,2631.8650041924166,32201,2525,84748685.0,8217.0,25.52,48.8,25.85,1314.425,1306.31375,1319.9130000000002,Hold
TCS,2017-12-29,2615.0,2711.7,2615.0,2700.4,2673.8975907477875,93556,5062,250159163.0,34906.0,37.31,96.7,85.4,1350.2,1307.9675000000002,1321.0265,Hold
TCS,2018-01-01,2689.8,2692.5,2642.85,2654.65,2667.221572809617,36101,1426,96289366.0,10878.0,30.13,49.65,-35.15,1327.325,1308.5700000000002,1321.7635,Hold
TCS,2018-01-02,2642.95,2677.45,2622.7,2633.75,2640.0047401685397,22784,1308,60149868.0,10830.0,47.53,54.75,-9.2,1316.875,1308.5800000000002,1322.2414999999999,Hold
TCS,2018-01-03,2634.0,2664.05,2630.15,2635.2,2647.5496007984034,20040,1075,53056894.0,5316.0,26.53,33.9,1.2,1317.6,1308.615,1322.7875,Hold
TCS,2018-01-04,2660.0,2660.0,2640.4,2649.8,2647.683208980765,14609,808,38680004.0,6232.0,42.66,19.6,-10.2,1324.9,1309.07375,1323.668,Hold
TCS,2018-01-05,2651.0,2694.0,2651.0,2684.45,2684.1596801107,49142,1397,131904975.0,27307.0,55.57,43.0,33.45,1342.225,1310.74375,1325.0825,Hold
TCS,2018-01-08,2695.0,2721.35,2681.45,2707.75,2707.3386670426107,28373,1613,76815320.0,9380.0,33.06,39.9,12.75,1353.875,1313.4125,1326.3680000000002,Hold
TCS,2018-01-09,2710.0,2723.3,2678.9,2708.45,2702.047921104914,41777,1820,112883456.0,10595.0,25.36,44.4,-1.55,1354.225,1314.7237499999999,1327.3225,Hold
TCS,2018-01-10,2712.0,2816.0,2697.45,2807.1,2764.349605593037,98122,5594,271243512.0,39052.0,39.8,118.55,95.1,1403.55,1319.5475000000001,1329.2305,Hold
TCS,2018-01-11,2807.2,2820.0,2781.9,2788.4,2795.1683566806514,70315,3345,196542263.0,13559.0,19.28,38.1,-18.8,1394.2,1323.575,1331.0895,Hold
TCS,2018-01-12,2813.0,2813.0,2744.0,2772.9,2763.8456472668886,85946,3770,237541478.0,16863.0,19.62,69.0,-40.1,1386.45,1328.93375,1332.5604999999998,Hold
TCS,2018-01-15,2790.0,2803.05,2736.15,2747.2,2767.78050956982,32498,1739,89947331.0,11100.0,34.16,66.9,-42.8,1373.6,1333.9175,1333.9054999999998,Buy
TCS,2018-01-16,2748.2,2860.0,2748.2,2850.85,2835.189378339069,138886,7187,393768112.0,40878.0,29.43,111.8,102.65,1425.425,1340.76375,1335.744,Hold
TCS,2018-01-17,2857.1,2925.0,2857.0,2889.45,2904.220229376994,152936,5131,444159825.0,72566.0,47.45,68.0,32.35,1444.725,1348.62375,1337.555,Hold
TCS,2018-01-18,2895.0,2925.0,2866.6,2910.1,2895.0526544410654,52949,2635,153290143.0,11725.0,22.14,58.4,15.1,1455.05,1356.67625,1339.3515,Hold
TCS,2018-01-19,2920.0,2979.0,2903.05,2954.75,2929.0346144708224,54717,2566,160267987.0,15522.0,28.37,75.95,34.75,1477.375,1365.6924999999999,1341.5604999999998,Hold
TCS,2018-01-22,2956.0,3130.0,2924.0,3113.15,3075.876257631395,221945,8374,682675356.0,84756.0,38.19,206.0,157.15,1556.575,1377.52625,1345.6589999999999,Hold
TCS,2018-01-23,3115.0,3137.75,3092.6,3103.1,3109.9680313566164,307176,7952,955307540.0,158979.0,51.76,45.15,-11.9,1551.55,1389.03375,1349.101,Hold
TCS,2018-01-24,3100.0,3254.8,3080.0,3174.6,3184.325043156144,381174,13555,1213781914.0,112189.0,29.43,174.8,74.6,1587.3,1402.8725,1353.6795000000002,Hold
TCS,2018-01-25,3180.0,3181.0,3080.0,3117.85,3123.6691545710946,87222,4549,272452671.0,31380.0,35.98,101.0,-62.15,1558.925,1415.0975,1357.7965000000002,Hold
TCS,2018-01-29,3118.05,3224.0,3118.0,3195.1,3193.4615616293954,79686,4189,254474178.0,25428.0,31.91,106.0,77.05,1597.55,1427.465,1362.2815,Hold
TCS,2018-01-30,3119.0,3199.25,3119.0,3153.7,3164.8819962581433,44363,2781,140403660.0,10285.0,23.18,80.25,34.7,1576.85,1439.9412499999999,1366.7175,Hold
TCS,2018-01-31,3131.0,3147.1,3101.0,3111.75,3117.6285911345726,150788,4529,470100980.0,93666.0,62.12,46.1,-19.25,1555.875,1451.89125,1370.7885,Hold
TCS,2018-02-01,3120.0,3189.0,3091.55,3138.9,3147.295989455846,63732,4432,200583468.0,11413.0,17.91,97.45,18.9,1569.45,1464.4837499999999,1375.411,Hold
TCS,2018-02-02,3115.0,3190.0,3105.65,3149.15,3170.6691872270694,255102,9793,808844051.0,177778.0,69.69,84.35,34.15,1574.575,1476.9675,1380.0704999999998,Hold
TCS,2018-02-05,3111.0,3185.9,3078.35,3106.5,3132.4940175301285,231259,3100,724417434.0,105146.0,45.47,107.55,-4.5,1553.25,1487.51875,1384.308,Hold
TCS,2018-02-06,3030.0,3077.85,2985.8,2995.35,3019.5166665062975,519635,4876,1569046543.0,456204.0,87.79,92.05,-34.65,1497.675,1494.70875,1387.374,Hold
TCS,2018-02-07,3015.0,3044.0,2950.0,2955.35,2973.153982961357,125949,4696,374465771.0,79520.0,63.14,94.0,-59.65,1477.675,1500.88125,1390.057,Hold
TCS,2018-02-08,2971.0,3026.75,2957.2,2966.25,3000.0325828768823,1271404,6634,3814253426.0,1177629.0,92.62,69.55,-4.75,1483.125,1504.86,1392.8705,Hold
TCS,2018-02-09,2960.0,2991.75,2900.0,2972.3,2936.6082130590007,59101,3283,173556482.0,8819.0,14.92,91.75,12.3,1486.15,1509.4575,1396.0079999999998,Hold
TCS,2018-02-12,3008.0,3018.0,2956.0,2967.9,2994.4679786778,1196687,2910,3583440902.0,1145016.0,95.68,62.0,-40.1,1483.95,1514.3325,1399.3445000000002,Hold
TCS,2018-02-14,2965.0,2974.0,2894.25,2910.45,2937.9048691951434,55923,2631,164296454.0,20040.0,35.83,79.75,-54.55,1455.225,1518.41375,1402.1435000000001,Hold
TCS,2018-02-15,2929.0,2942.5,2906.6,2925.75,2925.9462223623536,50746,2371,148480067.0,12516.0,24.66,35.9,-3.25,1462.875,1520.2862499999999,1405.0675,Hold
TCS,2018-02-16,2925.0,2999.0,2924.0,2937.2,2973.8759685846667,304310,17139,904980196.0,187705.0,61.68,75.0,12.2,1468.6,1521.48,1408.1015,Hold
TCS,2018-02-19,2940.0,2952.45,2898.4,2924.55,2927.6809326895495,83672,3809,244964919.0,24303.0,29.05,54.05,-15.45,1462.275,1521.84125,1411.0325,Hold
TCS,2018-02-20,2930.0,2983.45,2929.1,2945.05,2958.882847738632,41015,2076,121358580.0,8288.0,20.21,54.35,15.05,1472.525,1521.59875,1414.3065000000001,Hold
TCS,2018-02-21,2961.0,3060.0,2961.0,3043.05,3011.0231627795333,124985,6873,376332730.0,59508.0,47.61,99.0,82.05,1521.525,1519.84625,1418.727,Hold
TCS,2018-02-22,3045.0,3077.95,3022.55,3040.4,3044.3561302758926,74703,3490,227422536.0,18198.0,24.36,55.4,-4.6,1520.2,1518.27875,1422.5710000000001,Hold
TCS,2018-02-23,3042.0,3100.0,2996.05,3076.9,3050.5805965571058,296669,6622,905012695.0,197348.0,66.52,103.95,34.9,1538.45,1515.8362499999998,1427.1984999999997,Hold
TCS,2018-02-26,3078.1,3084.75,3027.0,3035.25,3047.5781315710424,49935,2353,152180814.0,11421.0,22.87,57.75,-42.85,1517.625,1513.77125,1431.2779999999998,Hold
TCS,2018-02-27,3049.95,3077.8,3035.0,3043.25,3054.54484938561,47771,1835,145918662.0,17174.0,35.95,42.8,-6.7,1521.625,1509.975,1436.125,Hold
TCS,2018-02-28,3040.0,3062.35,3023.35,3038.25,3042.905735965977,101343,1667,308377196.0,77336.0,76.31,39.0,-1.75,1519.125,1507.0887500000001,1441.0290000000002,Hold
TCS,2018-03-01,3041.0,3060.0,3021.95,3037.1,3040.3903465346534,28280,1901,85982239.0,7201.0,25.46,38.05,-3.9,1518.55,1505.2225,1445.63,Hold
TCS,2018-03-05,3069.0,3112.45,3036.05,3104.3,3073.1016829851555,110815,4818,340545763.0,43259.0,39.04,76.4,35.3,1552.15,1504.3575,1450.9225,Hold
TCS,2018-03-06,3133.0,3133.0,3030.65,3049.8,3082.8968139690523,49309,3159,152014559.0,12659.0,25.67,102.35,-83.2,1524.9,1501.87375,1455.5404999999998,Hold
TCS,2018-03-07,3055.0,3089.75,3024.25,3029.25,3039.3539129683777,81051,2458,246342674.0,13168.0,16.25,65.5,-25.75,1514.625,1499.9424999999999,1459.892,Hold
TCS,2018-03-08,3060.0,3060.0,2983.9,3001.5,3029.1039959196596,56858,6649,172228795.0,25197.0,44.32,76.1,-58.5,1500.75,1500.09625,1463.509,Hold
TCS,2018-03-09,3014.0,3059.95,2978.55,3034.5,3023.788023519114,105106,3286,317818264.0,15329.0,14.58,81.4,20.5,1517.25,1502.075,1467.4260000000002,Hold
TCS,2018-03-12,3035.0,3080.0,3035.0,3051.85,3058.9767916168503,71095,3179,217477955.0,23288.0,32.76,45.0,16.85,1525.925,1504.2150000000001,1471.734,Hold
TCS,2018-03-13,2928.0,2929.0,2884.1,2892.45,2901.8829515555394,2197919,37530,6378103675.0,236501.0,10.76,44.9,-35.55,1446.225,1502.21875,1474.37,Hold
TCS,2018-03-14,2896.0,2925.0,2875.05,2886.1,2897.830172134288,135708,5956,393258737.0,42291.0,31.16,49.95,-9.9,1443.05,1500.17375,1476.2269999999999,Hold
TCS,2018-03-15,2891.15,2902.4,2857.65,2869.15,2882.8351974350944,162813,3957,469363047.0,117836.0,72.38,44.75,-22.0,1434.575,1499.1412500000001,1478.372,Hold
TCS,2018-03-16,2868.75,2870.0,2805.0,2825.5,2833.71287226901,131088,8845,371465753.0,37973.0,28.97,65.0,-43.25,1412.75,1496.635,1480.2895,Hold
TCS,2018-03-19,2840.7,2845.0,2820.05,2828.85,2829.1742571408013,111192,3896,314581544.0,58170.0,52.31,24.95,-11.85,1414.425,1493.92625,1482.2259999999997,Hold
TCS,2018-03-20,2827.45,2870.0,2820.7,2859.15,2851.677826605094,53704,2578,153146506.0,23140.0,43.09,49.3,31.7,1429.575,1492.29125,1484.3195,Hold
TCS,2018-03-21,2860.25,2882.0,2845.0,2854.6,2857.4197490026263,99762,3253,285061909.0,50828.0,50.95,37.0,-5.65,1427.3,1490.03,1486.0209999999997,Hold
TCS,2018-03-22,2856.0,2870.0,2825.0,2829.95,2844.495301737432,48635,1843,138342029.0,12465.0,25.63,45.0,-26.05,1414.975,1484.7025,1487.243,Sell
TCS,2018-03-23,2806.7,2831.0,2800.0,2816.45,2815.9464532782654,96850,4126,272724414.0,55819.0,57.63,31.0,9.75,1408.225,1479.10375,1488.3229999999999,Hold
TCS,2018-03-26,2816.7,2822.9,2782.3,2813.05,2813.378499122689,148180,3727,416886426.0,106481.0,71.86,40.6,-3.65,1406.525,1472.5075000000002,1488.3825,Hold
TCS,2018-03-27,2820.1,2869.0,2820.1,2841.85,2843.9869582400206,37955,2559,107943525.0,13619.0,35.88,48.9,21.75,1420.925,1467.6725000000001,1488.9170000000001,Hold
TCS,2018-03-28,2839.0,2874.0,2827.55,2849.3,2856.3584947049,82057,4430,234384209.0,37355.0,45.52,46.45,10.3,1424.65,1462.82375,1489.681,Hold
TCS,2018-04-02,2845.0,2910.0,2845.0,2902.9,2885.6944258288327,50734,2797,146402821.0,13822.0,27.24,65.0,57.9,1451.45,1459.44,1491.2379999999998,Hold
TCS,2018-04-03,2900.0,2927.15,2893.0,2908.1,2909.008192658678,34299,1813,99776072.0,14227.0,41.48,34.15,8.1,1454.05,1456.215,1491.8104999999998,Hold
TCS,2018-04-04,2923.0,2933.3,2891.95,2907.05,2915.684451178988,37617,1739,109679302.0,9510.0,25.28,41.35,-15.95,1453.525,1451.28375,1491.9865000000002,Hold
TCS,2018-04-05,2915.55,2962.0,2915.55,2957.15,2951.332662498272,65093,2621,192111097.0,33069.0,50.8,46.45,41.6,1478.575,1448.9675000000002,1492.457,Hold
TCS,2018-04-06,2941.0,2961.35,2927.0,2949.7,2945.288866883576,21207,1200,62460741.0,8279.0,39.04,34.35,8.7,1474.85,1446.97875,1492.4065,Hold
TCS,2018-04-09,2950.0,2963.0,2915.0,2921.15,2936.0675076419684,23227,2348,68196040.0,9641.0,41.51,48.0,-28.85,1460.575,1444.97,1490.4865000000002,Hold
TCS,2018-04-10,2939.0,2955.85,2925.1,2931.85,2940.478008603154,29989,1648,88181995.0,7709.0,25.71,30.75,-7.15,1465.925,1442.40375,1488.774,Hold
TCS,2018-04-11,2950.0,3026.9,2947.2,3015.5,2994.064939700395,92455,4638,276816274.0,54313.0,58.75,79.7,65.5,1507.75,1441.495,1487.183,Hold
TCS,2018-04-12,3015.5,3150.0,3010.15,3137.3,3093.155626915462,921775,7737,2851193528.0,824729.0,89.47,139.85,121.8,1568.65,1447.61625,1487.3775,Hold
TCS,2018-04-13,3149.0,3238.0,3131.1,3151.0,3185.6470803742527,141936,8194,452158004.0,24858.0,17.51,106.9,2.0,1575.5,1454.23875,1486.9365000000003,Hold
TCS,2018-04-16,3132.0,3199.0,3108.05,3184.8,3172.15060706074,117863,7252,373879187.0,16358.0,13.88,90.95,52.8,1592.4,1462.1299999999999,1487.2475,Hold
TCS,2018-04-17,3190.0,3190.0,3149.3,3165.9,3166.6354400345126,46360,2924,146805219.0,9446.0,20.38,40.7,-24.1,1582.95,1470.6399999999999,1487.789,Hold
TCS,2018-04-18,3172.95,3189.8,3147.3,3159.5,3164.4289722301746,52395,3866,165800256.0,12749.0,24.33,42.5,-13.45,1579.75,1478.90625,1487.995,Hold
TCS,2018-04-19,3175.0,3215.0,3166.3,3190.65,3192.570077984168,102072,6361,325872013.0,27791.0,27.23,48.7,15.65,1595.325,1487.19375,1488.4100000000003,Hold
TCS,2018-04-20,3250.2,3421.25,3245.0,3406.4,3337.05422207253,771955,30055,2576055692.0,221977.0,28.76,176.25,156.2,1703.2,1500.98875,1491.4090000000003,Buy
TCS,2018-04-23,3429.0,3557.0,3400.0,3415.2,3480.582628861088,505816,24829,1760534383.0,63415.0,12.54,157.0,-13.8,1707.6,1515.62,1495.6075,Hold
TCS,2018-04-24,3412.95,3443.5,3345.9,3385.65,3387.188244260752,195496,10185,662181753.0,33844.0,17.31,97.6,-27.3,1692.825,1529.85,1499.9105000000002,Hold
TCS,2018-04-25,3385.0,3481.5,3366.0,3467.9,3447.5985950714853,221933,10387,765135899.0,28076.0,12.65,115.5,82.9,1733.95,1546.22125,1504.9270000000001,Hold
TCS,2018-04-26,3471.0,3560.0,3469.0,3540.35,3519.387044861521,150998,9408,531420405.0,21971.0,14.55,91.0,69.35,1770.175,1563.68375,1510.6075000000003,Hold
TCS,2018-04-27,3540.0,3543.15,3449.3,3454.8,3475.7049303901126,107456,6981,373485349.0,28156.0,26.2,93.85,-85.2,1727.4,1578.8212500000002,1515.4765,Hold
TCS,2018-04-30,3455.0,3547.0,3438.2,3531.4,3523.0820300239197,92393,8571,325508118.0,23578.0,25.52,108.8,76.4,1765.7,1594.53375,1521.6860000000001,Hold
TCS,2018-05-02,3533.0,3560.0,3475.6,3497.8,3499.0578974959913,64856,3303,226934899.0,13017.0,20.07,84.4,-35.2,1748.9,1609.2762500000001,1527.4065000000003,Hold
TCS,2018-05-03,3502.0,3527.85,3475.0,3482.65,3500.543242050688,72522,4342,253866397.0,14960.0,20.63,52.85,-19.35,1741.325,1623.66625,1532.861,Hold
TCS,2018-05-04,3482.0,3504.0,3471.3,3480.85,3486.0526427781087,46996,2419,163830530.0,11632.0,24.75,32.7,-1.15,1740.425,1636.75875,1538.4240000000002,Hold
TCS,2018-05-07,3482.25,3490.0,3420.1,3427.7,3442.2116300337425,63422,3868,218311946.0,14047.0,22.15,69.9,-54.55,1713.85,1648.7087500000002,1543.2504999999999,Hold
TCS,2018-05-08,3432.0,3487.95,3398.85,3441.05,3452.77935862246,101282,4820,349704399.0,18283.0,18.05,89.1,9.05,1720.525,1661.70625,1547.2305000000001,Hold
TCS,2018-05-09,3449.0,3494.45,3443.0,3489.05,3479.368445363806,49793,3758,173248193.0,14775.0,29.67,51.45,40.05,1744.525,1675.63625,1551.717,Hold
TCS,2018-05-10,3491.0,3509.45,3446.0,3452.75,3474.9669368014106,61821,3571,214825931.0,13998.0,22.64,63.45,-38.25,1726.375,1686.5674999999999,1555.4754999999998,Hold
TCS,2018-05-11,3455.0,3487.5,3446.4,3460.6,3461.7664353958144,35168,2117,121743402.0,7611.0,21.64,41.1,5.6,1730.3,1694.65,1559.729,Hold
TCS,2018-05-14,3464.0,3479.85,3416.0,3436.75,3436.3739334075312,301896,2716,1037427545.0,7731.0,2.56,63.85,-27.25,1718.375,1701.79375,1563.6640000000002,Hold
TCS,2018-05-15,3454.0,3494.5,3436.9,3482.45,3476.611158841664,39574,2911,137583410.0,8124.0,20.53,57.6,28.45,1741.225,1709.2350000000001,1568.106,Hold
TCS,2018-05-16,3480.0,3509.95,3475.0,3495.55,3495.7199162289285,29127,2294,101819834.0,6963.0,23.91,34.95,15.55,1747.775,1717.4762500000002,1572.6905000000002,Hold
TCS,2018-05-17,3515.85,3529.8,3475.0,3492.7,3508.6512236672625,48134,3135,168885418.0,14492.0,30.11,54.8,-23.15,1746.35,1725.80625,1576.5744999999997,Hold
TCS,2018-05-18,3489.85,3518.0,3462.5,3502.35,3488.093847038528,26085,1789,90986928.0,5939.0,22.77,55.5,12.5,1751.175,1733.5987499999999,1581.1,Hold
TCS,2018-05-21,3520.0,3591.85,3510.0,3557.95,3569.8925017560287,68336,4304,243952174.0,17777.0,26.01,81.85,37.95,1778.975,1737.3875,1586.3870000000002,Hold
TCS,2018-05-22,3558.0,3575.0,3495.0,3508.05,3522.0485665713622,51764,3502,182315322.0,13954.0,26.96,80.0,-49.95,1754.025,1739.7087500000002,1591.4525,Hold
TCS,2018-05-23,3528.0,3544.95,3482.8,3497.05,3512.355304650804,45347,2842,159274776.0,12439.0,27.43,62.15,-30.95,1748.525,1742.49375,1596.0780000000002,Hold
TCS,2018-05-24,3500.0,3615.0,3500.0,3604.8,3577.3906751910185,96195,6374,344127096.0,24716.0,25.69,115.0,104.8,1802.4,1745.9162499999998,1601.6075,Hold
TCS,2018-05-25,3619.0,3674.0,3572.8,3589.45,3631.4451433638783,84575,5461,307129473.0,23375.0,27.64,101.2,-29.55,1794.725,1747.14375,1608.5775,Hold
TCS,2018-05-28,3601.1,3618.0,3488.0,3503.8,3523.004065967472,131580,8147,463556875.0,30550.0,23.22,130.0,-97.3,1751.9,1748.36875,1614.7545,Hold
TCS,2018-05-29,3512.0,3549.5,3491.1,3522.7,3518.3375064394786,102881,5450,361970081.0,31461.0,30.58,58.4,10.7,1761.35,1748.1512500000001,1621.29,Hold
TCS,2018-05-30,3520.0,3532.5,3484.6,3517.75,3510.4755515300512,77285,4455,271307103.0,27662.0,35.79,47.9,-2.25,1758.875,1748.65,1628.2125,Hold
TCS,2018-05-31,1742.3,1758.7,1726.1,1744.8,1745.7661272827045,156722,9289,273599959.0,57663.0,36.79,32.6,2.5,1744.8,1748.82375,1634.82,Hold
TCS,2018-06-01,1758.0,1760.0,1719.0,1732.25,1743.0492769696712,117215,4209,204311521.0,39157.0,33.41,41.0,-25.75,1732.25,1748.4149999999997,1640.8734999999997,Hold
TCS,2018-06-04,1751.7,1752.0,1712.9,1744.55,1729.9001026342798,242609,4871,419689334.0,157883.0,65.08,39.1,-7.15,1744.55,1749.95,1647.2185,Hold
TCS,2018-06-05,1745.0,1752.6,1713.45,1721.2,1728.8262385268526,104701,6539,181009836.0,37823.0,36.12,39.15,-23.8,1721.2,1749.9837499999999,1653.3429999999998,Hold
TCS,2018-06-06,1724.7,1735.3,1716.3,1727.25,1727.473192493533,383083,2970,661765613.0,20663.0,5.39,19.0,2.55,1727.25,1749.1200000000001,1659.7235,Hold
TCS,2018-06-07,1725.4,1748.5,1725.4,1734.6,1736.9402142833114,118908,3443,206536087.0,54478.0,45.82,23.1,9.2,1734.6,1749.53125,1666.285,Hold
TCS,2018-06-08,1736.0,1757.5,1736.0,1748.2,1748.526946731992,402906,2729,704491998.0,358186.0,88.9,21.5,12.2,1748.2,1750.42625,1672.8304999999998,Hold
TCS,2018-06-11,1747.0,1763.45,1742.8,1750.6,1754.686657496561,58160,2353,102052576.0,17988.0,30.93,20.65,3.6,1750.6,1752.0375,1679.3495,Hold
TCS,2018-06-12,1756.0,1784.95,1753.5,1781.0,1777.0088838879767,152861,3699,271635355.0,81891.0,53.57,31.45,25.0,1781.0,1754.0262500000001,1685.9405000000002,Hold
TCS,2018-06-13,1815.0,1832.0,1800.0,1824.2,1818.652460609622,353957,13670,643724769.0,150466.0,42.51,32.0,9.2,1824.2,1757.8474999999999,1693.3435,Hold
TCS,2018-06-14,1839.0,1840.0,1785.0,1792.25,1800.052804732897,313381,11016,564102348.0,117180.0,37.39,55.0,-46.75,1792.25,1760.1425,1700.118,Hold
TCS,2018-06-15,1801.0,1849.0,1791.0,1841.45,1821.9342820454876,765529,21913,1394743529.0,261573.0,34.17,58.0,40.45,1841.45,1764.65625,1707.3754999999999,Hold
TCS,2018-06-18,1869.0,1870.7,1825.5,1830.7,1842.3295290635865,522045,18725,961778919.0,287279.0,55.03,45.2,-38.3,1830.7,1767.2424999999998,1714.4925,Hold
TCS,2018-06-19,1822.65,1839.6,1822.0,1825.85,1830.897324725676,721683,10297,1321327474.0,567882.0,78.69,17.6,3.2,1825.85,1770.8337499999998,1721.7979999999998,Hold
TCS,2018-06-20,1833.0,1836.6,1823.0,1826.3,1830.429297583452,204010,7939,373425881.0,108644.0,53.25,13.6,-6.7,1826.3,1774.7224999999999,1729.0055000000002,Hold
TCS,2018-06-21,1830.0,1834.0,1818.0,1819.85,1823.6080363707129,184984,6940,337338309.0,93180.0,50.37,16.0,-10.15,1819.85,1775.595,1735.2475,Hold
TCS,2018-06-22,1828.8,1829.0,1803.25,1811.8,1812.4129206607688,200191,7852,362828755.0,102497.0,51.2,25.75,-17.0,1811.8,1776.44875,1740.1104999999998,Hold
TCS,2018-06-25,1812.0,1824.0,1809.0,1820.45,1817.8838319734057,215085,8218,390999544.0,104621.0,48.64,15.0,8.45,1820.45,1779.87625,1745.0095,Hold
TCS,2018-06-26,1821.0,1862.0,1821.0,1852.7,1835.95133473636,1065791,20665,1956740409.0,893456.0,83.83,41.0,31.7,1852.7,1784.44375,1750.2155000000002,Hold
TCS,2018-06-27,1859.8,1886.2,1852.0,1859.8,1871.3406979293131,474432,14800,887823910.0,268177.0,56.53,34.2,0.0,1859.8,1789.4899999999998,1755.7525,Hold
TCS,2018-06-28,1865.0,1872.0,1830.15,1847.3,1848.3262269138777,333642,14288,616679259.0,142048.0,42.57,41.85,-17.7,1847.3,1794.6150000000002,1761.1035000000002,Hold
TCS,2018-06-29,1846.0,1868.0,1843.0,1847.2,1851.5314482800668,229631,12213,425169018.0,106610.0,46.43,25.0,1.2,1847.2,1800.3625,1766.1409999999998,Hold
TCS,2018-07-02,1829.95,1859.95,1829.95,1855.6,1854.448335754854,151420,8013,280800567.0,80437.0,53.12,30.0,25.65,1855.6,1805.9149999999997,1769.1889999999999,Hold
TCS,2018-07-03,1859.95,1880.0,1858.0,1875.9,1873.289814413876,163967,7300,307157711.0,73061.0,44.56,22.0,15.95,1875.9,1813.65,1772.555,Hold
TCS,2018-07-04,1879.0,1880.0,1860.1,1869.65,1867.0838479553236,138775,9587,259104561.0,80734.0,58.18,19.9,-9.35,1869.65,1820.77,1776.0915,Hold
TCS,2018-07-05,1875.2,1887.0,1864.0,1881.7,1876.1809473798571,110452,5257,207227938.0,46388.0,42.0,23.0,6.5,1881.7,1828.125,1779.0465,Hold
TCS,2018-07-06,1882.8,1920.3,1880.0,1913.3,1908.633957550696,211358,8164,403405056.0,98826.0,46.76,40.3,30.5,1913.3,1836.3799999999999,1781.9089999999999,Hold
TCS,2018-07-09,1927.95,1930.0,1882.0,1887.65,1890.6549335070524,374551,11215,708146696.0,206640.0,55.17,48.0,-40.3,1887.65,1843.2325,1785.114,Hold
TCS,2018-07-10,1895.2,1900.0,1872.6,1877.0,1882.5938293550023,433180,18579,815501995.0,209864.0,48.45,27.4,-18.2,1877.0,1848.0325,1787.34,Hold
TCS,2018-07-11,1900.0,1995.0,1894.0,1979.6,1956.985751229303,1157363,44817,2264942900.0,294374.0,25.43,101.0,79.6,1979.6,1855.8025000000002,1791.954,Hold
TCS,2018-07-12,1984.0,1992.0,1961.5,1971.0,1972.8067004149375,602500,13828,1188616037.0,359504.0,59.67,30.5,-13.0,1971.0,1864.7400000000002,1796.5475,Hold
TCS,2018-07-13,1975.0,1998.0,1975.0,1981.25,1983.5941254007687,975624,8702,1935242035.0,801754.0,82.18,23.0,6.25,1981.25,1871.73,1801.364,Hold
TCS,2018-07-16,1985.05,1996.0,1978.4,1988.8,1988.2956905781584,112080,5663,222848181.0,39625.0,35.35,17.6,3.75,1988.8,1879.6350000000002,1806.8630000000003,Hold
TCS,2018-07-17,1988.0,2005.45,1982.0,1997.85,1994.7309101704975,117890,5198,235158827.0,38259.0,32.45,23.45,9.85,1997.85,1888.2350000000001,1812.4094999999998,Hold
TCS,2018-07-18,2005.5,2009.9,1993.0,1997.3,1999.5836654662887,78031,3924,156029513.0,27822.0,35.66,16.9,-8.2,1997.3,1896.7849999999999,1817.465,Hold
TCS,2018-07-19,1999.0,2009.95,1970.55,1981.45,1984.8864190707343,83227,4013,165196142.0,25400.0,30.52,39.4,-17.55,1981.45,1904.8650000000002,1822.5665,Hold
TCS,2018-07-20,1983.05,2000.0,1983.0,1995.95,1993.2018820053313,62274,3603,124124654.0,21386.0,34.34,17.0,12.9,1995.95,1914.0724999999998,1827.8794999999998,Hold
TCS,2018-07-23,2000.0,2008.85,1991.2,2005.05,2005.09609192207,86334,4188,173107966.0,36751.0,42.57,17.65,5.05,2005.05,1923.3025000000002,1833.6129999999998,Hold
TCS,2018-07-24,2009.05,2012.0,1987.0,1996.85,1996.7991508708587,59826,3756,119460506.0,17730.0,29.64,25.0,-12.2,1996.85,1930.5099999999998,1838.7255000000002,Hold
TCS,2018-07-25,2000.15,2003.0,1971.0,1979.4,1979.6795620038324,91325,5758,180794236.0,34064.0,37.3,32.0,-20.75,1979.4,1936.4900000000002,1843.358,Hold
TCS,2018-07-26,1975.0,1985.05,1955.55,1963.3,1969.3955121391975,83737,4277,164911272.0,38383.0,45.84,29.5,-11.7,1963.3,1942.2899999999997,1847.6970000000001,Hold
TCS,2018-07-27,1965.0,1966.8,1940.0,1943.1,1948.065559506696,132170,7148,257475825.0,67227.0,50.86,26.8,-21.9,1943.1,1947.0849999999998,1851.5355,Hold
TCS,2018-07-30,1948.55,1955.3,1935.0,1944.95,1943.4364358859964,96383,5887,187314234.0,28663.0,29.74,20.3,-3.6,1944.95,1951.5525000000002,1854.855,Hold
TCS,2018-07-31,1943.6,1948.5,1929.05,1941.25,1934.6999196302995,89586,7227,173322027.0,46685.0,52.11,19.45,-2.35,1941.25,1954.8200000000002,1858.5995,Hold
TVS Motors,2015-01-01,269.35,278.0,266.0,276.85,274.2358640486853,435450,10664,119416007.0,79285.0,18.21,12.0,7.5,276.85,,,Hold
TVS Motors,2015-01-02,280.75,280.75,267.1,267.8,273.03206794328446,596733,13800,162927245.0,168089.0,28.17,13.65,-12.95,267.8,,,Hold
TVS Motors,2015-01-05,265.1,272.0,265.0,271.2,269.55350585020074,292725,7191,78905050.0,71225.0,24.33,7.0,6.1,271.2,,,Hold
TVS Motors,2015-01-06,270.0,275.8,264.0,268.0,270.6640074333547,608070,16231,164582663.0,168530.0,27.72,11.8,-2.0,268.0,,,Hold
TVS Motors,2015-01-07,270.7,280.0,269.35,278.55,275.38214705495886,555561,17362,152991581.0,129277.0,23.27,10.65,7.85,278.55,,,Hold
TVS Motors,2015-01-08,282.0,297.9,282.0,295.8,290.81155082938005,722407,19214,210084300.0,154313.0,21.36,15.9,13.8,295.8,,,Hold
TVS Motors,2015-01-09,297.3,300.05,291.25,296.7,294.8691894399134,517420,14450,152571216.0,109711.0,21.2,8.8,-0.6,296.7,,,Hold
TVS Motors,2015-01-12,294.95,303.8,290.6,300.65,296.42691870635196,525367,15273,155732921.0,132780.0,25.27,13.2,5.7,300.65,,,Hold
TVS Motors,2015-01-13,302.4,312.25,301.0,308.45,307.60554399821353,680664,17248,209376020.0,100717.0,14.8,11.25,6.05,308.45,,,Hold
TVS Motors,2015-01-14,309.0,313.4,306.05,307.5,309.52210493465304,474238,17472,146787144.0,72225.0,15.23,7.35,-1.5,307.5,,,Hold
TVS Motors,2015-01-15,312.0,317.5,303.5,315.2,312.91569782154085,493973,13135,154571906.0,84432.0,17.09,14.0,3.2,315.2,,,Hold
TVS Motors,2015-01-16,316.4,320.75,313.5,319.4,318.7179076545157,377777,9911,120404295.0,66888.0,17.71,7.25,3.0,319.4,,,Hold
TVS Motors,2015-01-19,319.4,322.3,307.95,308.85,313.2321140865513,425782,13921,133368596.0,144330.0,33.9,14.35,-10.55,308.85,,,Hold
TVS Motors,2015-01-20,311.0,313.75,305.6,309.05,309.7468244240786,287192,7691,88956810.0,61987.0,21.58,8.15,-1.95,309.05,,,Hold
TVS Motors,2015-01-21,311.0,311.95,298.25,300.85,303.46368960134896,351084,10161,106541246.0,84901.0,24.18,13.7,-10.15,300.85,,,Hold
TVS Motors,2015-01-22,304.0,305.0,297.0,300.65,300.6380200281429,316954,9133,95288423.0,55660.0,17.56,8.0,-3.35,300.65,,,Hold
TVS Motors,2015-01-23,302.2,309.4,300.2,306.15,306.1083815267,364158,11077,111471816.0,82430.0,22.64,9.2,3.95,306.15,,,Hold
TVS Motors,2015-01-27,308.2,314.75,307.0,308.15,310.45420853406745,290600,7092,90217993.0,75428.0,25.96,7.75,-0.05,308.15,,,Hold
TVS Motors,2015-01-28,308.5,316.45,308.25,312.0,311.9922106449116,246747,7291,76983142.0,58972.0,23.9,8.2,3.5,312.0,,,Hold
TVS Motors,2015-01-29,312.0,313.3,309.0,310.15,310.69258314951156,139628,3443,43381384.0,38256.0,27.4,4.3,-1.85,310.15,298.09749999999997,,Hold
TVS Motors,2015-01-30,311.0,314.65,306.0,308.15,310.178978013876,264485,5765,82037687.0,59786.0,22.6,8.65,-2.85,308.15,299.6625,,Hold
TVS Motors,2015-02-02,307.5,308.2,283.7,286.25,295.0107777864542,589082,14235,173785539.0,176014.0,29.88,24.5,-21.25,286.25,300.58500000000004,,Hold
TVS Motors,2015-02-03,285.0,298.55,280.35,285.6,290.08013280569475,974657,24684,282728632.0,149562.0,15.35,18.2,0.6,285.6,301.30499999999995,,Hold
TVS Motors,2015-02-04,287.0,297.4,284.6,294.3,293.2914517749622,673789,17281,197616554.0,174130.0,25.84,12.8,7.3,294.3,302.62,,Hold
TVS Motors,2015-02-05,296.75,303.4,290.0,293.1,298.51550593618623,475979,13567,142087112.0,106259.0,22.32,13.4,-3.65,293.1,303.3475,,Hold
TVS Motors,2015-02-06,292.95,295.85,285.2,292.9,291.7754860440699,283822,7892,82812302.0,42174.0,14.86,10.65,-0.05,292.9,303.2025,,Hold
TVS Motors,2015-02-09,292.0,297.15,287.1,294.45,294.09759501928204,416968,11935,122629286.0,131824.0,31.61,10.05,2.45,294.45,303.09000000000003,,Hold
TVS Motors,2015-02-10,292.5,297.4,286.6,294.85,293.38163323739053,331795,8193,97342559.0,39263.0,11.83,10.8,2.35,294.85,302.8,,Hold
TVS Motors,2015-02-11,295.0,304.0,293.55,301.2,297.9979281511073,268842,7062,80114359.0,64820.0,24.11,10.45,6.2,301.2,302.4375,,Hold
TVS Motors,2015-02-12,305.0,306.4,301.2,304.95,303.99603035892886,288943,7372,87837525.0,66828.0,23.13,5.2,-0.05,304.95,302.31,,Hold
TVS Motors,2015-02-13,302.0,310.8,302.0,307.45,308.01400478149907,235491,6673,72534526.0,41884.0,17.79,8.8,5.45,307.45,301.9225,,Hold
TVS Motors,2015-02-16,308.0,310.15,301.0,302.4,304.05464611897025,229385,9530,69745575.0,70741.0,30.84,9.15,-5.6,302.4,301.0725,,Hold
TVS Motors,2015-02-18,302.4,304.65,299.95,301.25,302.2752985811244,375861,4675,113613496.0,239839.0,63.81,4.7,-1.15,301.25,300.6925,,Hold
TVS Motors,2015-02-19,302.35,302.5,290.5,294.85,295.1811643966053,866423,7565,255751750.0,552670.0,63.79,12.0,-7.5,294.85,299.98249999999996,,Hold
TVS Motors,2015-02-20,297.45,299.5,292.75,295.3,294.8918902288296,942579,5964,277958903.0,718569.0,76.23,6.75,-2.15,295.3,299.705,,Hold
TVS Motors,2015-02-23,297.85,297.85,288.0,289.4,293.03069672906975,301107,7546,88233594.0,91256.0,30.31,9.85,-8.45,289.4,299.14250000000004,,Hold
TVS Motors,2015-02-24,290.1,290.8,267.8,269.8,276.8944229556482,534387,12009,147968780.0,138254.0,25.87,23.0,-20.3,269.8,297.325,,Hold
TVS Motors,2015-02-25,269.7,275.1,266.95,271.05,271.4391717306192,558852,11336,151694324.0,129868.0,23.24,8.15,1.35,271.05,295.46999999999997,,Hold
TVS Motors,2015-02-26,272.05,273.85,261.2,270.5,265.8074331482816,566328,12013,150534192.0,158146.0,27.92,12.65,-1.55,270.5,293.395,,Hold
TVS Motors,2015-02-27,276.5,282.6,272.1,281.7,277.9996104996316,308087,9637,85648066.0,72026.0,23.38,10.5,5.2,281.7,291.97249999999997,,Hold
TVS Motors,2015-02-28,284.25,284.8,270.6,277.95,276.68025194760685,455174,11213,125937657.0,58299.0,12.81,14.2,-6.3,277.95,290.4625,,Hold
TVS Motors,2015-03-02,280.0,281.85,268.65,271.95,274.7791680887372,468800,13450,128816474.0,131446.0,28.04,13.2,-8.05,271.95,289.7475,,Hold
TVS Motors,2015-03-03,285.2,297.0,283.4,293.2,291.9890106289507,1159757,26626,338636299.0,138901.0,11.98,13.6,8.0,293.2,290.1275,,Hold
TVS Motors,2015-03-04,295.7,296.5,284.6,288.8,289.90750002709353,369092,10175,107002539.0,77263.0,20.93,11.9,-6.9,288.8,289.8525,,Hold
TVS Motors,2015-03-05,291.0,293.1,285.0,291.85,289.68156542507,331616,7664,96063042.0,65746.0,19.83,8.1,0.85,291.85,289.78999999999996,,Hold
TVS Motors,2015-03-09,292.0,296.0,285.15,286.55,289.1997787507206,320905,7556,92805655.0,54294.0,16.92,10.85,-5.45,286.55,289.47249999999997,,Hold
TVS Motors,2015-03-10,288.5,297.0,287.4,294.9,291.9952538673367,236403,7531,69028554.0,63854.0,27.01,9.6,6.4,294.9,289.495,,Hold
TVS Motors,2015-03-11,295.6,296.95,284.05,285.4,287.3317347513501,362196,8789,104070405.0,126937.0,35.05,12.9,-10.2,285.4,289.0225,,Hold
TVS Motors,2015-03-12,287.15,291.3,283.35,289.75,287.45444022487186,301505,4784,86668951.0,54055.0,17.93,7.95,2.6,289.75,288.45,,Hold
TVS Motors,2015-03-13,291.85,291.85,276.4,277.65,282.0673970563916,241880,5967,68226462.0,81278.0,33.6,15.45,-14.2,277.65,287.085,293.188,Hold
TVS Motors,2015-03-16,275.0,276.5,269.4,274.15,272.4686601803826,242152,6866,65978831.0,45381.0,18.74,7.1,-0.85,274.15,285.42,293.13399999999996,Hold
TVS Motors,2015-03-17,276.6,285.0,275.95,283.25,280.77320012119606,257434,6746,72280568.0,70300.0,27.31,9.05,6.65,283.25,284.4625,293.443,Hold
TVS Motors,2015-03-18,283.25,284.05,277.1,278.75,279.1252363339441,205747,3723,57429180.0,74486.0,36.2,6.95,-4.5,278.75,283.3375,293.594,Hold
TVS Motors,2015-03-19,281.6,282.85,270.1,273.0,276.69097088834985,273327,5566,75627113.0,76979.0,28.16,12.75,-8.6,273.0,282.245,293.69399999999996,Hold
TVS Motors,2015-03-20,273.3,273.5,264.6,268.4,267.2318058211689,247854,5408,66234472.0,81077.0,32.71,8.9,-4.9,268.4,280.9,293.491,Hold
TVS Motors,2015-03-23,268.4,270.9,262.2,266.2,265.36247973689126,256624,6628,68098381.0,78916.0,30.75,8.7,-2.2,266.2,279.74,292.899,Hold
TVS Motors,2015-03-24,267.5,267.5,251.85,259.7,259.50731205061504,348671,7358,90482674.0,88829.0,25.48,15.65,-7.8,259.7,279.235,292.159,Hold
TVS Motors,2015-03-25,260.5,261.8,256.35,259.1,258.3031066005578,206528,4960,53346824.0,68920.0,33.37,5.45,-1.4,259.1,278.6375,291.32800000000003,Hold
TVS Motors,2015-03-26,258.0,270.6,252.0,266.05,264.88600092321894,324950,7889,86074706.0,113000.0,34.77,18.6,8.05,266.05,278.415,290.48,Hold
TVS Motors,2015-03-27,271.6,274.4,266.0,271.55,271.07920564427224,317490,10424,86064937.0,68848.0,21.69,8.4,-0.05,271.55,277.9075,289.76099999999997,Hold
TVS Motors,2015-03-30,275.95,275.95,262.6,266.25,265.4289940039085,299862,7665,79592069.0,89090.0,29.71,13.35,-9.7,266.25,277.32250000000005,288.782,Hold
TVS Motors,2015-03-31,265.15,268.9,261.0,263.75,264.5950618068576,220283,6516,58285794.0,58099.0,26.37,7.9,-1.4,263.75,276.9125,287.669,Hold
TVS Motors,2015-04-01,261.25,263.9,252.85,255.15,255.90241718889885,465789,11661,119196531.0,115638.0,24.83,11.05,-6.1,255.15,275.01,286.595,Hold
TVS Motors,2015-04-06,255.65,257.15,247.5,252.2,251.82754125543048,366679,10114,92339871.0,89769.0,24.48,9.65,-3.45,252.2,273.17999999999995,285.45799999999997,Hold
TVS Motors,2015-04-07,252.25,258.0,251.9,255.4,255.0797257734816,230904,6342,58898929.0,51934.0,22.49,6.1,3.15,255.4,271.3575,284.549,Hold
TVS Motors,2015-04-08,257.5,258.5,249.85,251.15,252.9529236285109,288956,8428,73092265.0,85986.0,29.76,8.65,-6.35,251.15,269.5875,283.559,Hold
TVS Motors,2015-04-09,253.0,253.5,248.75,250.7,250.59064840251384,265730,6884,66589453.0,88444.0,33.28,4.75,-2.3,250.7,267.3775,282.45,Hold
TVS Motors,2015-04-10,251.0,257.85,250.0,256.75,255.04495349900895,262360,7493,66913594.0,77071.0,29.38,7.85,5.75,256.75,265.945,281.422,Hold
TVS Motors,2015-04-13,257.9,260.75,253.2,255.15,256.74487334517374,317556,10670,81530875.0,104146.0,32.8,7.55,-2.75,255.15,264.21500000000003,280.285,Hold
TVS Motors,2015-04-15,259.85,259.85,250.4,251.4,255.44327763427327,1195472,4789,305375286.0,1057412.0,88.45,9.45,-8.45,251.4,262.90250000000003,279.11,Hold
TVS Motors,2015-04-16,252.55,252.7,242.6,244.65,246.97226391092437,279852,7728,69115682.0,77367.0,27.65,10.1,-7.9,244.65,261.42749999999995,277.84,Hold
TVS Motors,2015-04-17,245.0,249.35,237.45,244.6,243.5257245403716,409570,8947,99740831.0,134868.0,32.93,11.9,-0.4,244.6,259.495,277.007,Hold
TVS Motors,2015-04-20,244.5,247.8,230.8,233.75,240.38718153435497,335672,8371,80691246.0,67643.0,20.15,17.0,-10.75,233.75,257.245,275.97,Hold
TVS Motors,2015-04-21,233.0,241.4,225.45,237.6,234.9658869240126,313223,9537,73596720.0,53751.0,17.16,15.95,4.6,237.6,255.475,274.836,Hold
TVS Motors,2015-04-22,234.8,241.0,232.15,237.95,236.8938556643948,274513,10018,65030443.0,48631.0,17.72,8.85,3.15,237.95,253.95250000000001,273.733,Hold
TVS Motors,2015-04-23,237.5,243.15,230.75,232.9,238.1152910020757,312661,10702,74449365.0,43849.0,14.02,12.4,-4.6,232.9,252.2875,272.533,Hold
TVS Motors,2015-04-24,233.0,236.4,227.0,232.1,231.14617197950287,349123,10929,80698445.0,66237.0,18.97,9.4,-0.9,232.1,250.90750000000003,271.286,Hold
TVS Motors,2015-04-27,234.0,235.0,220.7,228.25,226.38502353319495,342070,8485,77439525.0,49103.0,14.35,14.3,-5.75,228.25,249.365,269.954,Hold
TVS Motors,2015-04-28,229.95,230.3,224.25,227.55,227.37954512625896,304612,8441,69262538.0,45037.0,14.79,6.05,-2.4,227.55,247.44,268.481,Hold
TVS Motors,2015-04-29,231.5,240.0,227.3,237.35,234.534887513866,895177,22136,209950237.0,80829.0,9.03,12.7,5.85,237.35,245.72999999999996,267.12899999999996,Hold
TVS Motors,2015-04-30,238.0,241.2,233.5,235.6,237.1503373187448,559708,13235,132734941.0,96110.0,17.17,7.7,-2.4,235.6,244.1975,265.692,Hold
TVS Motors,2015-05-04,238.25,250.6,236.25,249.35,244.8016994700628,424956,11837,104029951.0,81194.0,19.11,14.35,11.1,249.35,243.47749999999996,264.63100000000003,Hold
TVS Motors,2015-05-05,250.5,250.5,238.1,240.4,243.98668281230107,337759,10201,82408698.0,97495.0,28.87,12.4,-10.1,240.4,242.74,263.414,Hold
TVS Motors,2015-05-06,240.3,240.3,225.0,226.0,229.56210992081972,386460,11850,88716573.0,65322.0,16.9,15.3,-14.3,226.0,241.43,262.03700000000003,Hold
TVS Motors,2015-05-07,225.0,225.0,208.7,216.15,216.28642947574767,587656,18278,127102018.0,151236.0,25.74,16.3,-8.85,216.15,239.46749999999997,260.45399999999995,Hold
TVS Motors,2015-05-08,217.9,226.4,217.4,220.85,221.8353754414658,364411,9164,80839251.0,60209.0,16.52,9.0,2.95,220.85,237.95250000000001,259.08299999999997,Hold
TVS Motors,2015-05-11,222.0,228.0,221.5,227.2,225.74233812708712,209022,2996,47185115.0,35313.0,16.89,6.5,5.2,227.2,236.7775,258.231,Hold
TVS Motors,2015-05-12,228.0,230.85,221.05,222.45,224.78485161299116,293523,4260,65979524.0,34485.0,11.75,9.8,-5.55,222.45,235.0625,257.25899999999996,Hold
TVS Motors,2015-05-13,224.7,227.0,217.7,219.8,220.30749477801643,811952,4159,178879111.0,55319.0,6.81,9.3,-4.9,219.8,233.295,256.245,Hold
TVS Motors,2015-05-14,219.0,224.75,215.6,224.15,221.2807799404164,287663,5113,63654293.0,50324.0,17.49,9.15,5.15,224.15,231.93249999999998,255.09400000000002,Hold
TVS Motors,2015-05-15,225.25,227.0,219.8,221.4,223.16469788107008,179383,2243,40031953.0,46762.0,26.07,7.2,-3.85,221.4,230.77000000000004,253.963,Hold
TVS Motors,2015-05-18,222.9,225.0,219.35,224.15,222.3837608371373,178322,2841,39655917.0,40653.0,22.8,5.65,1.25,224.15,229.7475,253.007,Hold
TVS Motors,2015-05-19,222.8,225.7,221.4,222.0,223.43671406578585,702826,3100,157037132.0,485582.0,69.09,4.3,-0.8,222.0,229.16,251.583,Hold
TVS Motors,2015-05-20,223.3,224.35,219.5,220.2,221.35619310419457,147858,2003,32729284.0,49267.0,33.32,4.85,-3.1,220.2,228.28999999999996,250.211,Hold
TVS Motors,2015-05-21,221.4,232.5,218.25,229.95,227.95894319078235,489322,6593,111545326.0,96936.0,19.81,14.25,8.55,229.95,227.89000000000001,248.97299999999998,Hold
TVS Motors,2015-05-22,229.95,231.25,225.3,227.35,227.87632197838664,207927,3052,47381640.0,40548.0,19.5,5.95,-2.6,227.35,227.6125,247.789,Hold
TVS Motors,2015-05-25,227.35,233.15,226.0,230.15,230.6881560172788,204644,3018,47208947.0,45978.0,22.47,7.15,2.8,230.15,227.51500000000001,246.49399999999997,Hold
TVS Motors,2015-05-26,230.0,235.65,230.0,234.8,234.13027510711564,240161,4041,56228961.0,50167.0,20.89,5.65,4.8,234.8,227.84249999999997,245.482,Hold
TVS Motors,2015-05-27,232.7,239.0,231.45,235.95,236.2894844897716,284941,4249,67328562.0,57676.0,20.24,7.55,3.25,235.95,228.2625,244.40599999999998,Hold
TVS Motors,2015-05-28,237.0,241.45,235.05,236.1,238.7827341241181,245073,3735,58519201.0,26978.0,11.01,6.4,-0.9,236.1,228.2,243.575,Hold
TVS Motors,2015-05-29,237.4,239.9,234.1,237.95,237.33486650062932,149364,2645,35449285.0,25497.0,17.07,5.8,0.55,237.95,228.31749999999997,242.85100000000003,Hold
TVS Motors,2015-06-01,238.0,240.45,234.5,236.0,238.13361489924688,196520,3101,46798018.0,47085.0,23.96,5.95,-2.0,236.0,227.65,241.90600000000003,Hold
TVS Motors,2015-06-02,237.0,239.0,218.7,225.9,227.3538173688564,479951,6489,109118692.0,109592.0,22.83,20.3,-11.1,225.9,226.925,240.84900000000002,Hold
TVS Motors,2015-06-03,226.8,226.8,215.0,221.4,220.8431036977846,317866,4513,70198514.0,30496.0,9.59,11.8,-5.4,221.4,226.695,239.817,Hold
TVS Motors,2015-06-04,222.0,228.6,217.85,226.55,223.82262252301527,303494,4422,67928823.0,31431.0,10.36,10.75,4.55,226.55,227.215,238.98000000000005,Hold
TVS Motors,2015-06-05,226.0,227.35,221.7,223.5,224.27104321350356,187210,4005,41985782.0,18350.0,9.8,5.65,-2.5,223.5,227.3475,238.12600000000003,Hold
TVS Motors,2015-06-08,223.0,224.2,217.0,219.1,219.24041923700943,115257,2331,25268993.0,22558.0,19.57,7.2,-3.9,219.1,226.94250000000002,237.31399999999996,Hold
TVS Motors,2015-06-09,217.5,220.3,215.0,218.8,218.01608460130524,162267,2331,35376816.0,26552.0,16.36,5.3,1.3,218.8,226.76,236.50799999999998,Hold
TVS Motors,2015-06-10,215.5,225.5,215.5,224.0,223.71971562250084,158803,2127,35527362.0,36863.0,23.21,10.0,8.5,224.0,226.96999999999997,235.667,Hold
TVS Motors,2015-06-11,225.25,232.95,225.1,226.5,228.7349954823184,335349,5223,76706052.0,49438.0,14.74,7.85,1.25,226.5,227.0875,234.76600000000002,Hold
TVS Motors,2015-06-12,224.0,228.65,219.6,225.1,223.90250261442003,207503,3390,46460441.0,19479.0,9.39,9.05,1.1,225.1,227.27249999999998,233.94300000000004,Hold
TVS Motors,2015-06-15,225.5,229.65,222.85,228.15,226.92003471109905,246607,3189,55960069.0,59736.0,24.22,6.8,2.65,228.15,227.4725,233.23100000000002,Hold
TVS Motors,2015-06-16,229.85,229.85,222.8,228.45,226.2255984402643,138485,2049,31328852.0,17001.0,12.28,7.05,-1.4,228.45,227.79500000000002,232.69699999999997,Hold
TVS Motors,2015-06-17,229.0,233.4,228.3,231.8,231.22938951765403,141724,2203,32770754.0,24277.0,17.13,5.1,2.8,231.8,228.375,232.28900000000002,Hold
TVS Motors,2015-06-18,232.0,236.25,230.7,231.9,233.73901171165528,159670,2444,37321108.0,25977.0,16.27,5.55,-0.1,231.9,228.4725,231.81900000000002,Hold
TVS Motors,2015-06-19,232.5,241.65,232.5,239.85,236.8629842553806,173075,2624,40995061.0,32803.0,18.95,9.15,7.35,239.85,229.0975,231.593,Hold
TVS Motors,2015-06-22,241.0,247.0,241.0,244.9,244.3234550475606,162950,2519,39812507.0,28009.0,17.19,6.0,3.9,244.9,229.83499999999998,231.477,Hold
TVS Motors,2015-06-23,245.9,248.0,242.05,242.85,245.08994518266232,160898,2260,39434482.0,28375.0,17.64,5.95,-3.05,242.85,230.2375,231.199,Hold
TVS Motors,2015-06-24,243.1,243.45,236.2,240.35,239.45917084790432,197310,3042,47247689.0,41541.0,21.05,7.25,-2.75,240.35,230.45749999999998,230.90300000000002,Hold
TVS Motors,2015-06-25,239.0,243.4,237.75,238.9,240.76340715240448,103993,2023,25037709.0,15640.0,15.04,5.65,-0.1,238.9,230.5975,230.653,Hold
TVS Motors,2015-06-26,239.0,247.0,236.5,245.1,241.69082112417516,146543,2449,35418098.0,22518.0,15.37,10.5,6.1,245.1,230.955,230.662,Buy
TVS Motors,2015-06-29,241.8,243.0,235.2,241.6,238.40506088796073,221226,3125,52741398.0,31318.0,14.16,7.8,-0.2,241.6,231.23500000000004,230.60199999999998,Hold
TVS Motors,2015-06-30,243.9,245.6,239.65,243.75,243.1988023729841,161653,2925,39313816.0,20192.0,12.49,5.95,-0.15,243.75,232.1275,230.80199999999996,Hold
TVS Motors,2015-07-01,244.9,247.95,244.0,245.55,245.84131901683088,155904,2179,38327645.0,26146.0,16.77,3.95,0.65,245.55,233.33499999999998,230.961,Hold
TVS Motors,2015-07-02,250.1,259.8,248.0,257.25,256.0419100017449,464209,6669,118856959.0,84361.0,18.17,11.8,7.15,257.25,234.86999999999998,231.347,Hold
TVS Motors,2015-07-03,258.25,262.45,255.6,257.5,259.0390725791588,244161,3612,63247239.0,55254.0,22.63,6.85,-0.75,257.5,236.57,231.83900000000003,Hold
TVS Motors,2015-07-06,257.85,265.9,252.0,264.4,260.93719007112463,286961,4549,74878797.0,53448.0,18.63,13.9,6.55,264.4,238.83499999999998,232.485,Hold
TVS Motors,2015-07-07,265.9,271.8,264.6,270.15,268.19356175449275,190642,3523,51128957.0,54721.0,28.7,7.2,4.25,270.15,241.4025,233.32299999999998,Hold
TVS Motors,2015-07-08,268.0,272.7,263.1,265.0,268.0725199899386,282267,4852,75668026.0,32401.0,11.48,9.6,-3.0,265.0,243.45250000000001,234.072,Hold
TVS Motors,2015-07-09,264.2,267.4,258.0,259.25,261.15550154877695,184339,2975,48141144.0,22656.0,12.29,9.4,-4.95,259.25,245.09,234.51,Hold
TVS Motors,2015-07-10,257.0,259.55,254.3,256.95,256.60929613443307,129968,2111,33350997.0,19219.0,14.79,5.25,-0.05,256.95,246.68249999999998,234.937,Hold
TVS Motors,2015-07-13,256.1,272.5,256.1,270.65,267.4847863536565,296050,5101,79188871.0,76605.0,25.88,16.4,14.55,270.65,248.80750000000003,235.363,Hold
TVS Motors,2015-07-14,271.0,272.0,266.0,266.3,267.7314666386356,152212,2515,40751942.0,25805.0,16.95,6.0,-4.7,266.3,250.7,235.88099999999997,Hold
TVS Motors,2015-07-15,266.85,272.35,265.55,268.25,269.4118034671856,226120,3180,60919397.0,44113.0,19.51,6.8,1.4,268.25,252.52250000000004,236.726,Hold
TVS Motors,2015-07-16,268.95,269.65,265.1,266.55,266.76484278237245,100116,1864,26707429.0,24899.0,24.87,4.55,-2.4,266.55,254.25499999999997,237.734,Hold
TVS Motors,2015-07-17,268.95,269.75,261.45,263.35,265.3808789198488,146498,2483,38877768.0,50668.0,34.59,8.3,-5.6,263.35,255.43,238.584,Hold
TVS Motors,2015-07-20,264.0,268.5,260.0,263.8,264.6616488332098,138971,2084,36780294.0,29893.0,21.51,8.5,-0.2,263.8,256.375,239.31599999999997,Hold
TVS Motors,2015-07-21,264.6,266.25,256.0,257.95,262.34660735719837,113304,1737,29724920.0,19034.0,16.8,10.25,-6.65,257.95,257.13,240.02599999999998,Hold
TVS Motors,2015-07-22,259.0,265.4,256.0,264.0,261.8518599043365,101188,1730,26496266.0,24406.0,24.12,9.4,5.0,264.0,258.3125,240.91,Hold
TVS Motors,2015-07-23,264.2,271.5,262.55,263.35,266.8419869691693,193541,3261,51644865.0,34017.0,17.58,8.95,-0.85,263.35,259.535,241.694,Hold
TVS Motors,2015-07-24,263.5,267.65,249.5,251.45,257.78459638373886,557869,8219,143810035.0,93453.0,16.75,18.15,-12.05,251.45,259.8525,242.295,Hold
TVS Motors,2015-07-27,252.0,255.9,239.25,241.55,242.52686042115295,364998,5677,88521819.0,151250.0,41.44,16.65,-10.45,241.55,259.85,242.643,Hold
TVS Motors,2015-07-28,241.6,243.45,228.9,232.55,233.49315305596704,248432,4467,58007171.0,51956.0,20.91,14.55,-9.05,232.55,259.28999999999996,242.854,Hold
TVS Motors,2015-07-29,234.05,238.5,232.1,235.0,235.44152286403332,170836,2727,40221888.0,38629.0,22.61,6.4,0.95,235.0,258.7625,243.15,Hold
TVS Motors,2015-07-30,237.7,239.4,234.05,235.95,236.54198300611893,172415,2752,40783386.0,39308.0,22.8,5.35,-1.75,235.95,257.69750000000005,243.27,Hold
TVS Motors,2015-07-31,235.7,240.8,233.75,237.95,237.69109214611464,269268,3712,64002605.0,70731.0,26.27,7.05,2.25,237.95,256.72,243.482,Hold
TVS Motors,2015-08-03,237.9,237.9,229.5,230.1,232.9663616065952,244542,3428,56970060.0,74887.0,30.62,8.4,-7.8,230.1,255.00499999999997,243.48100000000002,Hold
TVS Motors,2015-08-04,231.0,234.5,227.05,233.35,231.06469010037176,293708,4188,67865548.0,33247.0,11.32,7.45,2.35,233.35,253.16500000000002,243.45199999999997,Hold
TVS Motors,2015-08-05,234.1,237.5,232.6,234.65,234.92216505716237,203893,2731,47898985.0,32214.0,15.8,4.9,0.55,234.65,251.64749999999998,243.42600000000002,Hold
TVS Motors,2015-08-06,235.2,240.0,233.75,236.85,237.40473843785492,213066,3464,50582878.0,32709.0,15.35,6.25,1.65,236.85,250.5275,243.44099999999997,Hold
TVS Motors,2015-08-07,237.9,241.5,237.0,239.15,239.32705695153484,241328,2641,57756320.0,99915.0,41.4,4.5,1.25,239.15,249.6375,243.465,Hold
TVS Motors,2015-08-10,238.65,239.75,232.85,234.15,236.4518066011931,153548,1994,36306702.0,40159.0,26.15,6.9,-4.5,234.15,247.8125,243.428,Hold
TVS Motors,2015-08-11,234.6,234.7,222.4,223.55,226.06945460363903,262488,4530,59340519.0,62202.0,23.7,12.3,-11.05,223.55,245.675,243.38099999999997,Hold
TVS Motors,2015-08-12,222.0,226.8,220.0,223.45,224.16746867475533,277013,3666,62097303.0,38455.0,13.88,6.8,1.45,223.45,243.435,243.422,Hold
TVS Motors,2015-08-13,224.4,228.9,224.0,225.55,226.06863292922912,123483,1927,27915633.0,24417.0,19.77,4.9,1.15,225.55,241.38500000000005,243.40199999999996,Sell
TVS Motors,2015-08-14,226.8,230.65,225.0,230.0,228.09394927178337,182226,2332,41564648.0,43262.0,23.74,5.65,3.2,230.0,239.71750000000003,243.53199999999998,Hold
TVS Motors,2015-08-17,231.0,234.45,228.2,229.8,231.2694919009083,153474,2414,35493854.0,24749.0,16.13,6.25,-1.2,229.8,238.01749999999998,243.746,Hold
TVS Motors,2015-08-18,231.1,233.9,229.55,230.25,231.26780075075968,167830,2724,38813675.0,33790.0,20.13,4.35,-0.85,230.25,236.6325,243.975,Hold
TVS Motors,2015-08-19,230.4,235.0,228.55,229.0,231.4018448683821,270480,3583,62589571.0,96799.0,35.79,6.45,-1.4,229.0,234.8825,244.075,Hold
TVS Motors,2015-08-20,229.3,233.2,227.35,231.8,230.64426557667875,333704,3976,76966914.0,118529.0,35.52,5.85,2.5,231.8,233.30499999999998,244.18099999999998,Hold
TVS Motors,2015-08-21,229.75,230.2,222.65,228.75,226.27276946613875,174521,2943,39489350.0,21048.0,12.06,7.55,-1.0,228.75,232.17,244.254,Hold
TVS Motors,2015-08-24,229.0,229.0,201.0,213.55,215.83130393957384,362095,5410,78151436.0,46654.0,12.88,28.0,-15.45,213.55,230.76999999999998,243.96200000000002,Hold
TVS Motors,2015-08-25,212.0,228.4,212.0,223.8,220.0343473511205,406436,6639,89429880.0,61650.0,15.17,16.4,11.8,223.8,230.33250000000004,243.86900000000003,Hold
TVS Motors,2015-08-26,220.0,229.75,220.0,227.45,226.87262432249665,198154,3042,44955718.0,42868.0,21.63,9.75,7.45,227.45,229.955,243.782,Hold
TVS Motors,2015-08-27,230.0,232.65,223.1,226.7,228.14307869655124,168292,3722,38394655.0,34613.0,20.57,9.55,-3.3,226.7,229.49249999999998,243.678,Hold
TVS Motors,2015-08-28,228.95,230.6,219.1,220.4,225.14809255914332,193217,3553,43502439.0,54809.0,28.37,11.5,-8.55,220.4,228.615,243.289,Hold
TVS Motors,2015-08-31,220.55,225.0,216.55,223.45,221.44866240041048,140326,3415,31075005.0,19216.0,13.69,8.45,2.9,223.45,228.28250000000003,242.86,Hold
TVS Motors,2015-09-01,224.6,225.9,202.6,216.75,215.96397895955113,307598,7127,66430088.0,35439.0,11.52,23.3,-7.85,216.75,227.45250000000001,242.338,Hold
TVS Motors,2015-09-02,220.0,222.5,216.35,220.25,218.74259223502847,269312,5542,58910005.0,34668.0,12.87,6.15,0.25,220.25,226.73250000000002,241.93599999999998,Hold
TVS Motors,2015-09-03,222.2,224.95,218.05,221.05,221.18374411438137,168419,3559,37251545.0,32099.0,19.06,6.9,-1.15,221.05,225.94250000000002,241.57899999999998,Hold
TVS Motors,2015-09-04,219.5,224.9,215.6,223.0,219.13793507558887,204792,4432,44877696.0,30219.0,14.76,9.3,3.5,223.0,225.13500000000005,241.13699999999997,Hold
TVS Motors,2015-09-07,224.0,226.4,216.7,218.05,221.06488407873096,131943,2880,29167964.0,21440.0,16.25,9.7,-5.95,218.05,224.32999999999998,240.66600000000003,Hold
TVS Motors,2015-09-08,218.6,221.95,215.15,220.45,218.60137510020348,162170,3640,35450585.0,13736.0,8.47,6.8,1.85,220.45,224.175,240.2,Hold
TVS Motors,2015-09-09,222.3,228.9,220.7,225.9,225.44732191298837,186159,3639,41969048.0,34026.0,18.28,8.2,3.6,225.9,224.29749999999999,239.80700000000002,Hold
TVS Motors,2015-09-10,220.0,230.4,220.0,228.2,227.0806498887925,173999,4198,39511806.0,20463.0,11.76,10.4,8.2,228.2,224.42999999999998,239.226,Hold
TVS Motors,2015-09-11,230.1,235.2,228.6,232.6,232.33375069961744,173309,3779,40265530.0,21989.0,12.69,6.6,2.5,232.6,224.56,238.72799999999998,Hold
TVS Motors,2015-09-14,234.3,235.65,231.0,231.95,232.52746196517825,109242,1715,25401765.0,22570.0,20.66,4.65,-2.35,231.95,224.66750000000002,238.079,Hold
TVS Motors,2015-09-15,231.65,233.15,229.1,231.0,231.087406461575,134704,2600,31128398.0,28679.0,21.29,4.05,-0.65,231.0,224.705,237.29600000000002,Hold
TVS Motors,2015-09-16,231.4,241.4,231.0,232.55,232.07030636352167,3931408,8243,912363059.0,3526607.0,89.7,10.4,1.15,232.55,224.88250000000002,236.64700000000002,Hold
TVS Motors,2015-09-18,234.0,238.0,231.45,235.65,235.08495490848844,127962,2678,30081941.0,22695.0,17.74,6.55,1.65,235.65,225.075,236.175,Hold
TVS Motors,2015-09-21,235.65,236.6,232.1,233.6,234.28562359011764,74031,1728,17344399.0,9803.0,13.24,4.5,-2.05,233.6,225.31750000000002,235.708,Hold
TVS Motors,2015-09-22,234.0,236.4,226.55,229.85,232.7791722154157,93865,1931,21849817.0,16295.0,17.36,9.85,-4.15,229.85,226.1325,234.892,Hold
TVS Motors,2015-09-23,229.85,232.65,224.6,230.05,229.7938584069277,116517,2813,26774891.0,16135.0,13.85,8.05,0.2,230.05,226.445,234.167,Hold
TVS Motors,2015-09-24,230.0,237.4,227.8,235.8,230.35351513118857,1162830,3848,267861978.0,1022726.0,87.95,9.6,5.8,235.8,226.8625,233.51800000000003,Hold
TVS Motors,2015-09-28,235.0,237.8,230.6,231.65,234.15039268164267,91168,1797,21347023.0,24676.0,27.07,7.2,-3.35,231.65,227.10999999999999,232.82,Hold
TVS Motors,2015-09-29,230.0,233.5,226.35,230.3,230.2030802553342,96031,2335,22106632.0,13503.0,14.06,7.15,0.3,230.3,227.60499999999996,232.15900000000002,Hold
TVS Motors,2015-09-30,231.4,232.5,228.45,230.2,230.21939371969728,110345,2520,25403559.0,15674.0,14.2,4.05,-1.2,230.2,227.94249999999997,231.487,Hold
TVS Motors,2015-10-01,232.1,233.85,228.1,229.6,230.42730326295583,87528,1733,20168841.0,11573.0,13.22,5.75,-2.5,229.6,228.58499999999998,230.92000000000004,Hold
TVS Motors,2015-10-05,232.0,232.0,227.4,229.0,229.2702954221448,101008,2193,23158134.0,19081.0,18.89,4.6,-3.0,229.0,229.02249999999998,230.22,Hold
TVS Motors,2015-10-06,232.0,234.8,229.0,230.2,232.06291006744175,131076,2709,30417878.0,17026.0,12.99,5.8,-1.8,230.2,229.47999999999996,229.55700000000002,Hold
TVS Motors,2015-10-07,230.2,244.7,228.0,241.3,233.907506505037,910064,8918,212870801.0,507280.0,55.74,16.7,11.1,241.3,230.39499999999998,229.354,Buy
TVS Motors,2015-10-08,243.3,247.95,239.4,240.6,244.29042126379136,259220,5950,63324963.0,48403.0,18.67,8.55,-2.7,240.6,231.52250000000004,229.335,Hold
TVS Motors,2015-10-09,241.0,243.25,237.2,238.6,239.82391533807512,144953,3832,34763196.0,26277.0,18.13,6.05,-2.4,238.6,232.42999999999998,229.456,Hold
TVS Motors,2015-10-12,241.0,243.9,237.6,238.65,240.54316843165375,131068,3321,31527512.0,18633.0,14.22,6.3,-2.35,238.65,233.06750000000002,229.52899999999997,Hold
TVS Motors,2015-10-13,240.5,245.4,239.1,242.15,242.4163245804116,148598,3960,36022581.0,26713.0,17.98,6.3,1.65,242.15,233.76500000000001,229.65300000000002,Hold
TVS Motors,2015-10-14,244.0,245.35,241.0,242.05,243.149594114214,113086,2778,27496815.0,24199.0,21.4,4.35,-1.95,242.05,234.2375,229.735,Hold
TVS Motors,2015-10-15,243.4,245.7,242.0,242.6,243.62765072168497,139396,3815,33960720.0,22605.0,16.22,3.7,-0.8,242.6,234.76999999999998,229.985,Hold
TVS Motors,2015-10-16,243.5,249.0,242.3,247.55,246.4602048582956,201017,4048,49542691.0,32659.0,16.25,6.7,4.05,247.55,235.5975,230.269,Hold
TVS Motors,2015-10-19,248.0,252.0,245.0,246.95,249.22002071889335,114871,2999,28628153.0,25195.0,21.93,7.0,-1.05,246.95,236.31749999999997,230.515,Hold
TVS Motors,2015-10-20,248.0,249.65,244.75,245.85,246.83108030142992,112663,2863,27808730.0,12515.0,11.11,4.9,-2.15,245.85,236.82750000000001,230.69500000000005,Hold
TVS Motors,2015-10-21,246.6,254.0,246.0,252.15,250.21541395201015,220255,4822,55111196.0,36406.0,16.53,8.0,5.55,252.15,237.75499999999997,230.955,Hold
TVS Motors,2015-10-23,255.1,257.0,250.0,251.5,252.89907506770916,156552,3846,39591856.0,37157.0,23.73,7.0,-3.6,251.5,238.8375,231.30200000000002,Hold
TVS Motors,2015-10-26,250.2,252.25,243.2,244.05,245.91994799405649,102296,2743,25156627.0,22959.0,22.44,9.05,-6.15,244.05,239.5375,231.71200000000002,Hold
TVS Motors,2015-10-27,244.05,282.65,241.0,276.15,267.07281402833587,1737797,27329,464118335.0,158029.0,9.09,41.65,32.1,276.15,241.555,232.766,Hold
TVS Motors,2015-10-28,275.35,275.35,266.0,271.8,271.4785826333367,790480,14350,214598390.0,91625.0,11.59,9.35,-3.55,271.8,243.5625,233.69100000000003,Hold
TVS Motors,2015-10-29,271.7,271.7,261.65,263.95,266.52106827325474,247315,6532,65914658.0,55734.0,22.54,10.05,-7.75,263.95,245.24500000000003,234.37,Hold
TVS Motors,2015-10-30,264.0,269.2,262.4,265.4,266.344741949375,169521,3763,45151027.0,26908.0,15.87,6.8,1.4,265.4,247.00500000000002,235.08199999999997,Hold
TVS Motors,2015-11-02,265.5,275.9,262.4,274.15,270.26881407833787,257985,5566,69725300.0,43877.0,17.01,13.5,8.65,274.15,249.2325,235.96,Hold
TVS Motors,2015-11-03,277.7,292.35,276.3,287.5,287.2834407724884,931535,17920,267614580.0,131600.0,14.13,16.05,9.8,287.5,252.15749999999997,237.13,Hold
TVS Motors,2015-11-04,289.0,289.5,283.3,285.6,286.05847032333077,203847,4569,58312161.0,32915.0,16.15,6.2,-3.4,285.6,254.9275,238.206,Hold
TVS Motors,2015-11-05,287.0,287.0,279.65,281.2,282.63077263834026,243801,2921,68905665.0,26895.0,11.03,7.35,-5.8,281.2,256.9225,239.255,Hold
TVS Motors,2015-11-06,280.55,287.75,279.3,282.85,283.3053376157833,187743,3657,53188594.0,33153.0,17.66,8.45,2.3,282.85,259.03499999999997,240.641,Hold
TVS Motors,2015-11-09,279.0,297.5,276.0,290.65,290.98317506306336,456287,7834,132771840.0,104823.0,22.97,21.5,11.65,290.65,261.6375,241.97799999999998,Hold
TVS Motors,2015-11-10,282.6,299.5,282.6,296.25,294.15600323716205,300263,5221,88324164.0,43124.0,14.36,16.9,13.65,296.25,264.5175,243.35399999999998,Hold
TVS Motors,2015-11-11,299.9,299.9,295.9,297.0,297.31283314488775,74292,1616,22087965.0,26684.0,35.92,4.0,-2.9,297.0,267.26,244.76,Hold
TVS Motors,2015-11-13,292.3,301.8,292.3,296.3,297.4640934036457,251639,3997,74853567.0,34940.0,13.88,9.5,4.0,296.3,269.97249999999997,246.27800000000002,Hold
TVS Motors,2015-11-16,296.0,298.35,292.6,296.25,295.7903344465983,171268,3061,50659419.0,28333.0,16.54,5.75,0.25,296.25,272.65500000000003,247.734,Hold
TVS Motors,2015-11-17,298.0,299.65,292.4,294.15,295.77476481216127,128408,2743,37979846.0,21428.0,16.69,7.25,-3.85,294.15,274.985,249.282,Hold
TVS Motors,2015-11-18,294.15,296.6,284.3,286.3,290.3516962274775,142080,3204,41253169.0,25590.0,18.01,12.3,-7.85,286.3,276.9525,250.60299999999998,Hold
TVS Motors,2015-11-19,289.0,295.35,287.4,294.4,292.4236245240329,217452,4428,63588102.0,33198.0,15.27,7.95,5.4,294.4,279.38,252.07,Hold
TVS Motors,2015-11-20,296.0,299.0,292.15,293.45,295.3349211570241,252337,4164,74523928.0,35272.0,13.98,6.85,-2.55,293.45,281.44500000000005,253.479,Hold
TVS Motors,2015-11-23,294.8,297.0,291.6,294.25,294.3203818274409,184586,3789,54327422.0,24719.0,13.39,5.4,-0.55,294.25,283.58250000000004,255.003,Hold
TVS Motors,2015-11-24,291.8,296.25,289.4,290.45,294.1424047331945,479338,2863,140993632.0,370264.0,77.24,6.85,-1.35,290.45,285.90250000000003,256.403,Hold
TVS Motors,2015-11-26,290.5,301.3,290.5,298.2,296.82244066303207,181590,4141,53899987.0,55739.0,30.69,10.8,7.7,298.2,287.005,257.849,Hold
TVS Motors,2015-11-27,300.1,307.0,298.1,305.45,303.65020615722926,363800,7404,110467945.0,64199.0,17.65,8.9,5.35,305.45,288.6875,259.394,Hold
TVS Motors,2015-11-30,307.9,309.3,305.5,306.9,307.5926268490685,160013,3147,49218819.0,31635.0,19.77,3.8,-1.0,306.9,290.835,260.88,Hold
TVS Motors,2015-12-01,308.1,309.1,302.1,304.0,304.2124371868964,129949,2830,39532102.0,22780.0,17.53,7.0,-4.1,304.0,292.765,262.32099999999997,Hold
TVS Motors,2015-12-02,299.8,299.8,285.75,289.2,290.6402752323225,433234,10149,125915249.0,85138.0,19.65,14.05,-10.6,289.2,293.51750000000004,263.48499999999996,Hold
TVS Motors,2015-12-03,287.0,287.4,280.05,283.3,282.9678197639943,269824,6821,76351509.0,56151.0,20.81,7.35,-3.7,283.3,293.3075,264.5,Hold
TVS Motors,2015-12-04,280.0,286.35,279.0,283.75,283.8925336830161,147181,2624,41783587.0,19281.0,13.1,7.35,3.75,283.75,293.21500000000003,265.462,Hold
TVS Motors,2015-12-07,287.1,287.9,280.2,281.8,282.76907897865055,126186,4424,35681499.0,27672.0,21.93,7.7,-5.3,281.8,293.245,266.426,Hold
TVS Motors,2015-12-08,280.2,283.4,272.9,275.15,278.47962953007766,130213,2710,36261668.0,29051.0,22.31,10.5,-5.05,275.15,292.86,267.332,Hold
TVS Motors,2015-12-09,273.8,276.0,267.5,270.4,271.67661702470383,136578,3079,37105049.0,,,8.5,-3.4,270.4,291.84749999999997,268.139,Hold
TVS Motors,2015-12-10,274.05,279.5,268.2,278.55,274.56637739857496,160981,3817,44199970.0,34783.0,21.61,11.3,4.5,278.55,290.9625,268.99399999999997,Hold
TVS Motors,2015-12-11,278.6,281.15,272.1,274.05,276.5218425973143,141192,3213,39042672.0,17185.0,12.17,9.05,-4.55,274.05,289.815,269.842,Hold
TVS Motors,2015-12-14,272.0,278.75,271.0,275.05,276.0655572649435,124151,3028,34273815.0,21771.0,17.54,7.75,3.05,275.05,288.7525,270.737,Hold
TVS Motors,2015-12-15,277.6,286.0,273.95,285.05,281.02774458980497,400078,4801,112433018.0,178548.0,44.63,12.05,7.45,285.05,288.1925,271.834,Hold
TVS Motors,2015-12-16,287.0,287.0,280.7,281.75,283.4072623364221,134034,3009,37986209.0,19369.0,14.45,6.3,-5.25,281.75,287.57250000000005,272.87699999999995,Hold
TVS Motors,2015-12-17,283.6,288.8,281.0,287.3,286.0058667832985,132611,3564,37927524.0,20419.0,15.4,7.8,3.7,287.3,287.6225,274.043,Hold
TVS Motors,2015-12-18,285.45,287.65,284.35,286.1,286.0392120720588,81378,1681,23277299.0,21973.0,27.0,3.3,0.65,286.1,287.2075,275.161,Hold
TVS Motors,2015-12-21,287.0,291.4,287.0,289.05,289.49956795741787,86797,2055,25127694.0,24881.0,28.67,4.4,2.05,289.05,286.9875,276.116,Hold
TVS Motors,2015-12-22,289.05,291.9,287.25,288.05,289.59205864987206,101620,1590,29428345.0,18441.0,18.15,4.65,-1.0,288.05,286.6775,277.065,Hold
TVS Motors,2015-12-23,289.75,293.5,288.85,290.1,290.9601458594968,66091,1306,19229847.0,13477.0,20.39,4.65,0.35,290.1,286.65999999999997,278.095,Hold
TVS Motors,2015-12-24,291.5,291.7,284.2,285.0,286.73325754029287,74765,1589,21437612.0,25796.0,34.5,7.5,-6.5,285.0,286.0,279.022,Hold
TVS Motors,2015-12-28,284.2,288.0,283.0,285.5,284.9393072859732,414399,2399,118078564.0,335600.0,80.98,5.0,1.3,285.5,285.0025,279.88899999999995,Hold
TVS Motors,2015-12-29,286.9,295.95,285.95,293.3,291.3372039745878,146229,3637,42601948.0,26806.0,18.33,10.0,6.4,293.3,284.3225,280.914,Hold
TVS Motors,2015-12-30,293.9,294.45,289.6,290.2,292.0091256558712,88432,1947,25822951.0,22647.0,25.61,4.85,-3.7,290.2,283.6325,281.866,Hold
TVS Motors,2015-12-31,290.9,292.85,288.35,289.65,290.86713678452566,60694,1393,17653890.0,15676.0,25.83,4.5,-1.25,289.65,283.65500000000003,282.70799999999997,Hold
TVS Motors,2016-01-01,289.1,292.15,285.6,287.1,288.5420764473284,98630,1779,28458905.0,26837.0,27.21,6.55,-2.0,287.1,283.84499999999997,283.51099999999997,Hold
TVS Motors,2016-01-04,288.25,290.85,283.9,286.45,287.53213561720247,147002,2539,42267799.0,30073.0,20.46,6.95,-1.8,286.45,283.97999999999996,284.323,Sell
TVS Motors,2016-01-05,286.5,289.15,282.45,286.95,285.5955506635525,111747,1773,31914446.0,26884.0,24.06,6.7,0.45,286.95,284.2375,285.019,Hold
TVS Motors,2016-01-06,289.5,294.0,284.9,286.55,290.05656405609966,658899,2620,191117980.0,534029.0,81.05,9.1,-2.95,286.55,284.8075,285.72,Hold
TVS Motors,2016-01-07,284.8,284.8,275.2,277.6,278.11662945116933,85090,2521,23664944.0,24431.0,28.71,9.6,-7.2,277.6,285.1675,286.39099999999996,Hold
TVS Motors,2016-01-08,277.95,287.15,277.95,284.6,282.560223266745,98716,2395,27893215.0,16474.0,16.69,9.2,6.65,284.6,285.47,286.56,Hold
TVS Motors,2016-01-11,283.0,289.15,278.9,285.85,285.6869737708326,115444,2235,32980847.0,43735.0,37.88,10.25,2.85,285.85,286.06,286.841,Hold
TVS Motors,2016-01-12,286.0,292.5,285.0,289.7,289.0197284233636,164889,3272,47656174.0,30112.0,18.26,7.5,3.7,289.7,286.79249999999996,287.356,Hold
TVS Motors,2016-01-13,293.45,294.3,273.35,288.1,286.2143793969205,507031,3576,145119563.0,325948.0,64.29,20.95,-5.35,288.1,286.945,287.81000000000006,Hold
TVS Motors,2016-01-14,281.6,284.4,276.4,281.4,280.81886513293085,109493,1963,30747700.0,24727.0,22.58,8.0,-0.2,281.4,286.92749999999995,287.955,Hold
TVS Motors,2016-01-15,283.85,285.55,273.55,277.65,280.95813579264285,115588,2162,32475389.0,21750.0,18.82,12.0,-6.2,277.65,286.44500000000005,287.758,Hold
TVS Motors,2016-01-18,273.5,280.0,263.1,274.0,271.7622048834684,198015,2928,53812993.0,42680.0,21.55,16.9,0.5,274.0,285.84000000000003,287.526,Hold
TVS Motors,2016-01-19,276.0,283.9,268.05,282.55,275.5843617955905,143418,2961,39523758.0,26637.0,18.57,15.85,6.55,282.55,285.515,287.553,Hold
TVS Motors,2016-01-20,280.0,280.0,265.95,274.1,271.4533515784791,206813,4343,56140082.0,37305.0,18.04,14.05,-5.9,274.1,284.8175,287.378,Hold
TVS Motors,2016-01-21,279.1,280.55,268.1,274.2,273.0642126357979,142215,3310,38833827.0,10889.0,7.66,12.45,-4.9,274.2,284.0225,287.04900000000004,Hold
TVS Motors,2016-01-22,275.0,286.65,274.6,285.05,281.93295088727893,162463,3455,45803673.0,36169.0,22.26,12.05,10.05,285.05,284.025,286.825,Hold
TVS Motors,2016-01-25,288.0,292.65,287.0,288.0,289.46497366440934,106320,2380,30775916.0,19197.0,18.06,5.65,0.0,288.0,284.15,286.645,Hold
TVS Motors,2016-01-27,289.6,292.95,287.4,289.85,290.6820705713774,89328,2448,25966048.0,18525.0,20.74,5.55,0.25,289.85,283.9775,286.516,Hold
TVS Motors,2016-01-28,291.0,296.3,290.0,291.65,293.57020852608355,140510,3105,41249550.0,32133.0,22.87,6.3,0.65,291.65,284.05,286.424,Hold
TVS Motors,2016-01-29,293.4,295.0,279.6,291.5,287.13445600104995,609560,10503,175025679.0,41040.0,6.73,15.4,-1.9,291.5,284.1425,286.371,Hold
TVS Motors,2016-02-01,292.1,302.6,291.15,295.35,297.249511450092,210828,4290,62668520.0,49196.0,23.33,11.45,3.25,295.35,284.555,286.552,Hold
TVS Motors,2016-02-02,299.0,300.5,290.0,293.1,297.02324133986747,178346,3918,52972907.0,29673.0,16.64,10.5,-5.9,293.1,284.8875,286.526,Hold
TVS Motors,2016-02-03,292.9,294.15,284.75,287.45,288.33332726941967,109940,2164,31699366.0,14098.0,12.82,9.4,-5.45,287.45,284.9125,286.406,Hold
TVS Motors,2016-02-04,290.0,290.0,276.25,281.35,281.8879297147992,150245,3568,42352252.0,21657.0,14.41,13.75,-8.65,281.35,284.65250000000003,286.14799999999997,Hold
TVS Motors,2016-02-05,280.8,292.0,278.5,288.4,285.5877915843176,146227,2487,41760646.0,33943.0,23.21,13.5,7.6,288.4,285.1925,286.107,Hold
TVS Motors,2016-02-08,288.0,294.85,284.2,287.05,291.1826988143905,107877,2048,31411916.0,12251.0,11.36,10.65,-0.95,287.05,285.31499999999994,285.884,Hold
TVS Motors,2016-02-09,280.0,288.25,278.2,285.75,283.5776850166884,115949,1779,32880549.0,22148.0,19.1,10.05,5.75,285.75,285.31000000000006,285.49,Hold
TVS Motors,2016-02-10,285.0,289.0,280.2,286.4,283.961955769456,93917,1596,26668855.0,13837.0,14.73,8.8,1.4,286.4,285.14500000000004,285.08,Buy
TVS Motors,2016-02-11,285.5,288.15,274.35,277.95,281.5422871411382,154586,3081,43522496.0,32371.0,20.94,13.8,-7.55,277.95,284.6375,284.559,Hold
TVS Motors,2016-02-12,277.5,283.6,269.7,276.15,275.2410908282151,175353,3466,48264351.0,39375.0,22.45,13.9,-1.35,276.15,284.375,284.298,Hold
TVS Motors,2016-02-15,278.55,289.0,278.55,285.05,284.96740514387574,129591,3672,36929211.0,31813.0,24.55,10.45,6.5,285.05,284.745,284.33299999999997,Hold
TVS Motors,2016-02-16,284.1,288.0,275.2,276.7,281.1003368789102,101817,2014,28620793.0,18817.0,18.48,12.8,-7.4,276.7,284.88,284.192,Hold
TVS Motors,2016-02-17,279.65,284.0,271.8,281.9,278.26906279639144,90674,1985,25231769.0,17049.0,18.8,12.2,2.25,281.9,284.84749999999997,284.194,Hold
TVS Motors,2016-02-18,284.0,289.0,281.65,284.9,285.18640085439654,84270,1953,24032658.0,15770.0,18.71,7.35,0.9,284.9,285.3875,284.389,Hold
TVS Motors,2016-02-19,284.6,289.5,282.6,287.45,286.7366736066077,146495,3186,42005489.0,36097.0,24.64,6.9,2.85,287.45,286.05,284.73,Hold
TVS Motors,2016-02-22,289.1,291.7,285.0,286.7,288.08654378990485,83010,1483,23914064.0,20253.0,24.4,6.7,-2.4,286.7,286.13250000000005,284.893,Hold
TVS Motors,2016-02-23,288.0,288.3,277.6,280.3,282.37399339086915,62338,1332,17602630.0,14124.0,22.66,10.7,-7.7,280.3,285.7475,285.01800000000003,Hold
TVS Motors,2016-02-24,278.5,278.65,268.5,270.35,272.63802205498547,151349,2573,41263492.0,57797.0,38.19,10.15,-8.15,270.35,284.7725,284.92400000000004,Sell
TVS Motors,2016-02-25,271.9,272.0,262.5,267.6,265.87583171871006,133158,2664,35403494.0,22643.0,17.0,9.5,-4.3,267.6,283.57000000000005,284.575,Hold
TVS Motors,2016-02-26,270.25,270.35,260.8,264.55,264.9315218305712,71322,1487,18895446.0,22637.0,31.74,9.55,-5.7,264.55,282.22249999999997,284.231,Hold
TVS Motors,2016-02-29,263.5,270.0,256.3,267.7,263.06583495257286,165201,3311,43458739.0,15086.0,9.13,13.7,4.2,267.7,280.84000000000003,283.839,Hold
TVS Motors,2016-03-01,269.5,285.4,266.5,283.7,277.1729855986382,206786,4451,57315493.0,42062.0,20.34,18.9,14.2,283.7,280.37,283.791,Hold
TVS Motors,2016-03-02,288.0,293.9,285.0,287.6,290.17761131108733,185022,4444,53689242.0,25443.0,13.75,8.9,-0.4,287.6,280.37749999999994,283.762,Hold
TVS Motors,2016-03-03,289.5,290.35,285.6,286.95,287.5968701637012,104031,2123,29918990.0,25260.0,24.28,4.75,-2.55,286.95,280.6575,283.74,Hold
TVS Motors,2016-03-04,289.0,294.9,284.1,288.2,289.98364138517104,155331,3110,45043449.0,50874.0,32.75,10.8,-0.8,288.2,280.6475,283.702,Hold
TVS Motors,2016-03-08,288.2,288.2,280.5,282.85,283.6113128250143,75189,1586,21324451.0,22809.0,30.34,7.7,-5.35,282.85,280.43749999999994,283.659,Hold
TVS Motors,2016-03-09,281.0,285.9,280.0,284.6,283.6809342740093,129127,2433,36630868.0,42526.0,32.93,5.9,3.6,284.6,280.38,283.641,Hold
TVS Motors,2016-03-10,287.3,287.6,282.0,283.5,284.62861746780504,76953,1475,21903026.0,14750.0,19.17,5.6,-3.8,283.5,280.235,283.445,Hold
TVS Motors,2016-03-11,284.0,289.3,282.25,288.0,286.9212959787852,174972,3285,50203193.0,70634.0,40.37,7.05,4.0,288.0,280.7375,283.401,Hold
TVS Motors,2016-03-14,290.0,292.6,286.8,288.65,289.592607270624,93362,2396,27036945.0,13799.0,14.78,5.8,-1.35,288.65,281.3625,283.38100000000003,Hold
TVS Motors,2016-03-15,289.95,290.5,284.5,285.95,286.026488478958,120996,1962,34608061.0,69424.0,57.38,6.0,-4.0,285.95,281.4075,283.358,Hold
TVS Motors,2016-03-16,282.55,287.55,282.55,283.9,284.56283422459893,46376,1269,13196886.0,14354.0,30.95,5.0,1.35,283.9,281.76750000000004,283.30699999999996,Hold
TVS Motors,2016-03-17,283.0,285.85,282.3,283.0,283.7385865513642,67070,1811,19030347.0,24349.0,36.3,3.55,0.0,283.0,281.8225,283.228,Hold
TVS Motors,2016-03-18,284.35,287.95,282.35,286.8,285.35130594165264,65470,1501,18681950.0,22103.0,33.76,5.6,2.45,286.8,281.9175,283.233,Hold
TVS Motors,2016-03-21,287.5,306.8,287.1,305.1,299.9014620390349,409223,7522,122726576.0,70467.0,17.22,19.7,17.6,305.1,282.8,283.783,Hold
TVS Motors,2016-03-22,306.8,318.4,306.0,317.15,312.9882077937212,583521,11521,182635192.0,81761.0,14.01,12.4,10.35,317.15,284.3225,284.434,Hold
TVS Motors,2016-03-23,317.0,317.05,307.5,309.3,310.9637416750176,208559,4622,64854287.0,41746.0,20.02,9.55,-7.7,309.3,285.77250000000004,284.903,Buy
TVS Motors,2016-03-28,310.6,320.4,310.0,314.3,315.976424451982,303959,6540,96043878.0,69893.0,22.99,10.4,3.7,314.3,287.96999999999997,285.395,Hold
TVS Motors,2016-03-29,318.5,319.35,313.2,315.25,315.95669156829246,196105,3861,61960687.0,30174.0,15.39,6.15,-3.25,315.25,290.35249999999996,285.938,Hold
TVS Motors,2016-03-30,316.9,326.1,316.9,321.5,322.6993415081995,189524,5171,61159270.0,40583.0,21.41,9.2,4.6,321.5,293.2,286.74,Hold
TVS Motors,2016-03-31,323.0,325.8,318.15,322.65,322.1568104775029,99413,2873,32026575.0,14550.0,14.64,7.65,-0.35,322.65,295.9475,287.64,Hold
TVS Motors,2016-04-01,324.0,329.5,320.75,324.85,325.32988405865177,638685,6400,207783317.0,436336.0,68.32,8.75,0.85,324.85,298.005,288.657,Hold
TVS Motors,2016-04-04,328.5,328.5,322.75,324.3,324.7244631554609,207602,2902,67413448.0,120482.0,58.04,5.75,-4.2,324.3,299.84000000000003,289.492,Hold
TVS Motors,2016-04-05,324.3,325.0,312.55,314.55,318.272522716198,139548,3917,44414294.0,28362.0,20.32,12.45,-9.75,314.55,301.21999999999997,290.30100000000004,Hold
TVS Motors,2016-04-06,316.0,318.5,314.1,316.6,316.4078983669877,76117,2859,24084020.0,15362.0,20.18,4.4,0.6,316.6,302.64,291.149,Hold
TVS Motors,2016-04-07,316.85,318.1,310.15,314.4,314.5254338491247,78714,3078,24757555.0,11204.0,14.23,7.95,-2.45,314.4,304.21750000000003,291.73600000000005,Hold
TVS Motors,2016-04-08,314.35,316.75,312.1,313.15,314.45700033220663,189641,2398,59633940.0,25980.0,13.7,4.65,-1.2,313.15,305.645,292.23900000000003,Hold
TVS Motors,2016-04-11,312.1,317.4,310.45,315.25,315.2440754687014,151109,4215,47636217.0,37913.0,25.09,6.95,3.15,315.25,307.23249999999996,292.747,Hold
TVS Motors,2016-04-12,319.0,322.25,316.95,318.65,320.071272035134,114533,2789,36658723.0,24592.0,21.47,5.3,-0.35,318.65,308.765,293.28700000000003,Hold
TVS Motors,2016-04-13,322.4,329.55,320.7,326.8,325.3707627962557,200840,4580,65347464.0,41016.0,20.42,8.85,4.4,326.8,310.6725,293.993,Hold
TVS Motors,2016-04-18,327.9,334.8,324.15,333.6,331.6152349191976,229696,5528,76170693.0,38465.0,16.75,10.65,5.7,333.6,313.05499999999995,294.758,Hold
TVS Motors,2016-04-20,335.0,340.9,333.0,335.9,337.81750502032617,163336,4343,55177760.0,36276.0,22.21,7.9,0.9,335.9,315.65500000000003,295.614,Hold
TVS Motors,2016-04-21,332.25,335.45,322.0,324.6,327.6067234677855,194245,4803,63635968.0,40620.0,20.91,13.45,-7.65,324.6,317.735,296.357,Hold
TVS Motors,2016-04-22,322.6,333.6,320.15,331.5,328.6879504413313,395168,4501,129886960.0,238963.0,60.47,13.45,8.9,331.5,319.96999999999997,297.36,Hold
TVS Motors,2016-04-25,330.0,331.0,321.15,323.1,324.02176592921603,106267,2444,34432821.0,24365.0,22.93,9.85,-6.9,323.1,320.87,298.05400000000003,Hold
TVS Motors,2016-04-26,323.0,331.0,317.65,329.75,326.1490619809876,154741,4296,50468632.0,28624.0,18.5,13.35,6.75,329.75,321.5,298.908,Hold
TVS Motors,2016-04-27,330.0,330.0,324.6,327.95,327.0995480356936,77661,1738,25402878.0,9595.0,12.35,5.4,-2.05,327.95,322.4325,299.752,Hold
TVS Motors,2016-04-28,328.15,328.25,317.5,318.7,322.09798458588125,110548,3606,35607288.0,31963.0,28.91,10.75,-9.45,318.7,322.65250000000003,300.39799999999997,Hold
TVS Motors,2016-04-29,319.9,322.8,314.8,320.0,318.39768639930344,96473,2716,30716780.0,14044.0,14.56,8.0,0.1,320.0,322.89,301.239,Hold
TVS Motors,2016-05-02,318.0,323.3,314.4,318.7,319.07706349491536,139145,3752,44397978.0,15357.0,11.04,8.9,0.7,318.7,322.75,302.09,Hold
TVS Motors,2016-05-03,321.9,325.35,279.3,287.9,297.79519789164226,1780343,22807,530177596.0,453767.0,25.49,46.05,-34.0,287.9,321.0125,302.147,Hold
TVS Motors,2016-05-04,279.3,295.45,277.95,289.85,289.5165960636047,1016717,19008,294356445.0,119509.0,11.75,17.5,10.55,289.85,319.2625,302.41,Hold
TVS Motors,2016-05-05,292.0,297.7,286.95,295.25,293.84007452512475,382153,9495,112291866.0,52279.0,13.68,10.75,3.25,295.25,317.81,302.677,Hold
TVS Motors,2016-05-06,296.25,301.6,294.25,300.0,298.6251826205651,281321,7965,84009535.0,47869.0,17.02,7.35,3.75,300.0,317.0825,302.97900000000004,Hold
TVS Motors,2016-05-09,302.5,304.2,299.6,301.0,301.40134655436646,152686,3901,46019766.0,37232.0,24.38,4.6,-1.5,301.0,316.30249999999995,303.25,Hold
TVS Motors,2016-05-10,302.0,302.35,295.1,298.2,298.24486772092325,107311,2958,32004955.0,25239.0,23.52,7.25,-3.8,298.2,315.4925,303.48,Hold
TVS Motors,2016-05-11,297.2,302.0,293.1,297.35,298.02377217024224,158715,4054,47300843.0,25911.0,16.33,8.9,0.15,297.35,314.7025,303.82099999999997,Hold
TVS Motors,2016-05-12,298.7,299.0,294.4,295.75,296.1577542059096,95877,3046,28394717.0,20539.0,21.42,4.6,-2.95,295.75,313.7275,304.329,Hold
TVS Motors,2016-05-13,295.5,299.0,293.3,296.65,295.582110050978,123779,2581,36586858.0,25906.0,20.93,5.7,1.15,296.65,312.6275,304.91,Hold
TVS Motors,2016-05-16,298.9,298.9,290.7,295.85,294.0963162416445,95446,2628,28070317.0,11857.0,12.42,8.2,-3.05,295.85,311.08,305.536,Hold
TVS Motors,2016-05-17,296.8,298.2,293.45,294.15,295.521155586195,92836,2442,27435002.0,18766.0,20.21,4.75,-2.65,294.15,309.1075,306.065,Hold
TVS Motors,2016-05-18,293.9,298.4,292.4,296.6,295.69437295044486,76541,2219,22632743.0,11647.0,15.22,6.0,2.7,296.6,307.1425,306.323,Hold
TVS Motors,2016-05-19,295.9,301.35,293.4,295.9,298.0789631731497,114889,2772,34245994.0,19267.0,16.77,7.95,0.0,295.9,305.70750000000004,306.489,Sell
TVS Motors,2016-05-20,296.0,301.4,295.5,296.95,298.1606094060499,90580,2152,27007388.0,18061.0,19.94,5.9,0.95,296.95,303.98,306.689,Hold
TVS Motors,2016-05-23,298.15,298.95,292.1,295.15,294.2328010133121,80528,1913,23693979.0,13985.0,17.37,6.85,-3.0,295.15,302.5825,306.828,Hold
TVS Motors,2016-05-24,295.2,297.0,291.8,294.35,293.7233500049034,71379,1696,20965679.0,9352.0,13.1,5.2,-0.85,294.35,300.8125,307.058,Hold
TVS Motors,2016-05-25,295.6,297.85,293.45,296.05,296.08486836904103,75894,2404,22471065.0,13402.0,17.66,4.4,0.45,296.05,299.21750000000003,307.287,Hold
TVS Motors,2016-05-26,296.2,303.4,295.65,298.55,299.68378912107374,176727,3814,52962217.0,26333.0,14.9,7.75,2.35,298.55,298.21,307.58799999999997,Hold
TVS Motors,2016-05-27,299.0,299.85,289.65,291.95,293.3038714590523,145759,4233,42751679.0,34413.0,23.61,10.2,-7.05,291.95,296.8075,307.667,Hold
TVS Motors,2016-05-30,292.1,294.0,284.6,288.95,287.7832558835893,173661,4185,49976728.0,30266.0,17.43,9.4,-3.15,288.95,295.32000000000005,307.673,Hold
TVS Motors,2016-05-31,289.1,289.1,284.2,285.75,285.8858545915463,131753,3970,37666319.0,26790.0,20.33,4.9,-3.35,285.75,295.2125,307.66900000000004,Hold
TVS Motors,2016-06-01,289.0,291.95,286.4,288.6,289.5213482672954,142494,3854,41255055.0,29559.0,20.74,5.55,-0.4,288.6,295.15,307.763,Hold
TVS Motors,2016-06-02,295.15,297.9,292.7,296.6,295.0679498470635,273643,5414,80743279.0,49513.0,18.09,5.2,1.45,296.6,295.21750000000003,308.035,Hold
TVS Motors,2016-06-03,299.0,307.7,295.45,297.1,302.6881022914129,309547,5632,93696194.0,92591.0,29.91,12.25,-1.9,297.1,295.07250000000005,308.241,Hold
TVS Motors,2016-06-06,302.0,302.0,293.5,295.45,295.9310518913851,83193,2781,24619392.0,14055.0,16.89,8.5,-6.55,295.45,294.795,308.048,Hold
TVS Motors,2016-06-07,298.0,298.0,292.45,294.55,294.6667525658684,112535,3558,33160323.0,23839.0,21.18,5.55,-3.45,294.55,294.6125,307.596,Hold
TVS Motors,2016-06-08,294.0,294.7,288.4,290.05,291.26436770361386,102191,3083,29764597.0,31924.0,31.24,6.3,-3.95,290.05,294.24750000000006,307.211,Hold
TVS Motors,2016-06-09,289.9,292.5,288.05,290.4,290.4544086766393,92386,3083,26833921.0,18061.0,19.55,4.45,0.5,290.4,293.98,306.733,Hold
TVS Motors,2016-06-10,290.5,292.2,286.0,287.0,288.81666597320464,96136,2905,27765679.0,22603.0,23.51,6.2,-3.5,287.0,293.4975,306.168,Hold
TVS Motors,2016-06-13,287.5,289.3,283.95,287.95,287.39855137440094,100371,2536,28846480.0,21416.0,21.34,5.35,0.45,287.95,293.1025,305.497,Hold
TVS Motors,2016-06-14,288.25,291.85,286.1,290.75,290.2737545920248,78669,1779,22835546.0,16030.0,20.38,5.75,2.5,290.75,292.9325,304.85900000000004,Hold
TVS Motors,2016-06-15,290.3,293.0,289.9,291.75,291.9222210180268,55362,871,16161398.0,14575.0,26.33,3.1,1.45,291.75,292.69,304.197,Hold
TVS Motors,2016-06-16,291.5,293.9,289.95,291.5,292.1948575925723,100381,2316,29330812.0,21836.0,21.75,3.95,0.0,291.5,292.46999999999997,303.541,Hold
TVS Motors,2016-06-17,292.9,293.9,289.0,292.4,291.7204211661853,88991,2443,25960492.0,13903.0,15.62,4.9,-0.5,292.4,292.24249999999995,303.098,Hold
TVS Motors,2016-06-20,291.55,294.9,289.0,292.9,292.1077520808814,70523,2095,20600315.0,17698.0,25.1,5.9,1.35,292.9,292.13,302.624,Hold
TVS Motors,2016-06-21,293.0,297.5,292.45,296.15,295.9963252557009,48983,1379,14498788.0,19327.0,39.46,5.05,3.15,296.15,292.21999999999997,302.25899999999996,Hold
TVS Motors,2016-06-22,296.5,300.4,292.9,294.9,297.55423849899415,106382,2979,31654415.0,30804.0,28.96,7.5,-1.6,294.9,292.1625,301.894,Hold
TVS Motors,2016-06-23,290.0,296.35,290.0,295.55,294.75383892196805,51056,1167,15048952.0,13926.0,27.28,6.35,5.55,295.55,292.0125,301.5,Hold
TVS Motors,2016-06-24,289.3,299.05,280.3,297.2,291.6553504931047,122185,3182,35635909.0,30752.0,25.17,18.75,7.9,297.2,292.275,301.07099999999997,Hold
TVS Motors,2016-06-27,294.65,301.95,294.6,296.95,298.9124080450775,102224,2497,30556022.0,18384.0,17.98,7.35,2.3,296.95,292.675,300.474,Hold
TVS Motors,2016-06-28,300.05,300.9,296.3,297.1,298.3068997140853,92685,1889,27648575.0,13472.0,14.54,4.6,-2.95,297.1,293.24249999999995,299.744,Hold
TVS Motors,2016-06-29,298.05,303.1,297.9,299.7,300.4287831796508,167987,3512,50468130.0,23577.0,14.04,5.2,1.65,299.7,293.7975,299.02,Hold
TVS Motors,2016-06-30,305.0,311.7,304.35,309.7,308.689310904278,292775,5917,90376513.0,69167.0,23.62,7.35,4.7,309.7,294.4525,298.722,Hold
TVS Motors,2016-07-01,309.9,315.75,308.1,310.55,312.7289531865357,213037,3921,66622838.0,63885.0,29.99,7.65,0.65,310.55,295.125,298.303,Hold
TVS Motors,2016-07-04,315.0,317.55,312.0,312.9,314.07971960042335,137946,2739,43326041.0,32627.0,23.65,5.55,-2.1,312.9,295.9975,298.099,Hold
TVS Motors,2016-07-05,312.2,313.85,305.5,306.5,307.6840486854725,101139,1915,31118857.0,33658.0,33.28,8.35,-5.7,306.5,296.59499999999997,297.63399999999996,Hold
TVS Motors,2016-07-07,307.5,310.0,298.65,299.8,301.1179787164801,122912,2989,37011013.0,32325.0,26.3,11.35,-7.7,299.8,297.08250000000004,297.07099999999997,Buy
TVS Motors,2016-07-08,299.05,301.0,294.0,297.5,296.7991804418568,107863,2445,32013650.0,24301.0,22.53,7.0,-1.55,297.5,297.4375,296.647,Hold
TVS Motors,2016-07-11,300.0,301.95,297.5,298.95,299.22748936774235,183169,4097,54809200.0,19335.0,10.56,4.45,-1.05,298.95,298.03499999999997,296.226,Hold
TVS Motors,2016-07-12,302.0,306.0,299.6,304.7,303.1936880357072,126585,2458,38379773.0,31713.0,25.05,6.4,2.7,304.7,298.8725,295.94599999999997,Hold
TVS Motors,2016-07-13,310.1,311.0,306.25,307.65,308.5763560242575,183201,3283,56531497.0,29362.0,16.03,4.75,-2.45,307.65,299.71750000000003,296.341,Hold
TVS Motors,2016-07-14,305.8,306.05,302.35,304.4,304.2973533280716,95025,2776,28915856.0,14832.0,15.61,3.7,-1.4,304.4,300.35,296.63199999999995,Hold
TVS Motors,2016-07-15,304.4,310.55,303.0,306.6,308.0803407302392,166466,3636,51284902.0,30414.0,18.27,7.55,2.2,306.6,301.105,296.859,Hold
TVS Motors,2016-07-18,307.0,311.4,301.2,302.85,305.88740138215024,216619,4176,66261023.0,35190.0,16.25,10.2,-4.15,302.85,301.6275,296.916,Hold
TVS Motors,2016-07-19,303.0,303.0,296.75,300.5,299.93568244822524,73588,1408,22071667.0,13036.0,17.71,6.25,-2.5,300.5,302.0075,296.906,Hold
TVS Motors,2016-07-20,302.35,303.9,300.45,302.9,302.05737059122305,250041,3674,75526727.0,139647.0,55.85,3.45,0.55,302.9,302.34499999999997,297.0,Hold
TVS Motors,2016-07-21,301.6,304.65,299.05,300.25,301.3256895584236,92668,2205,27923249.0,28647.0,30.91,5.6,-1.35,300.25,302.6125,297.058,Hold
TVS Motors,2016-07-22,300.0,303.15,297.5,301.5,300.5563922217625,48340,1247,14528896.0,9777.0,20.23,5.65,1.5,301.5,302.91,297.173,Hold
TVS Motors,2016-07-25,301.5,301.6,299.4,300.65,300.62940633559606,67176,1043,20195081.0,22723.0,33.83,2.2,-0.85,300.65,303.0825,297.253,Hold
TVS Motors,2016-07-26,305.0,314.75,289.4,291.4,300.918382419028,1435279,21400,431901835.0,246077.0,17.14,25.35,-13.6,291.4,302.80499999999995,297.164,Hold
TVS Motors,2016-07-27,294.8,295.5,285.85,287.8,289.6487162895392,397169,7635,115039491.0,149871.0,37.73,9.65,-7.0,287.8,302.34000000000003,297.03700000000003,Hold
TVS Motors,2016-07-28,289.0,291.1,287.0,290.2,289.17195760413085,195019,3634,56394026.0,52429.0,26.88,4.1,1.2,290.2,301.86499999999995,296.909,Hold
TVS Motors,2016-07-29,291.8,294.8,289.05,291.4,292.79221351971466,179131,2950,52448162.0,56538.0,31.56,5.75,-0.4,291.4,300.95,296.819,Hold
TVS Motors,2016-08-01,296.0,297.6,292.6,295.05,294.95278508162494,140337,2211,41392789.0,37740.0,26.89,5.0,-0.95,295.05,300.17499999999995,296.781,Hold
TVS Motors,2016-08-02,299.8,302.25,295.05,299.55,298.8372682479513,309706,4282,92551695.0,62369.0,20.14,7.2,-0.25,299.55,299.5075,296.869,Hold
TVS Motors,2016-08-03,300.4,300.85,295.75,297.45,298.0322327712437,105855,1654,31548202.0,20525.0,19.39,5.1,-2.95,297.45,299.05499999999995,296.931,Hold
TVS Motors,2016-08-04,302.0,303.0,293.85,298.6,298.8241723805693,213806,2891,63890401.0,25995.0,12.16,9.15,-3.4,298.6,298.995,296.982,Hold
TVS Motors,2016-08-05,300.3,304.9,300.25,303.05,303.0655799216209,167902,2856,50885317.0,40870.0,24.34,4.65,2.75,303.05,299.2725,297.07199999999995,Hold
TVS Motors,2016-08-08,305.0,307.7,303.05,304.1,305.65088162222514,99419,1453,30387505.0,23793.0,23.93,4.65,-0.9,304.1,299.53000000000003,297.315,Hold
TVS Motors,2016-08-09,303.5,304.9,296.7,298.9,300.23268867924526,84800,1254,25459732.0,14226.0,16.78,8.2,-4.6,298.9,299.24,297.51399999999995,Hold
TVS Motors,2016-08-10,298.3,299.65,293.5,295.65,296.0307308619013,118285,2000,35015995.0,32180.0,27.21,6.15,-2.65,295.65,298.64,297.712,Hold
TVS Motors,2016-08-11,295.65,300.3,293.3,296.75,297.50235617703066,103982,1687,30934890.0,13608.0,13.09,7.0,1.1,296.75,298.2575,297.875,Hold
TVS Motors,2016-08-12,297.05,302.3,296.85,298.3,299.75597915141367,114732,1815,34391603.0,13999.0,12.2,5.45,1.25,298.3,297.8425,297.909,Sell
TVS Motors,2016-08-16,303.0,303.0,297.1,298.8,298.779837468744,41592,961,12426851.0,11678.0,28.08,5.9,-4.2,298.8,297.64,297.943,Hold
TVS Motors,2016-08-17,300.5,314.4,300.0,313.1,310.08820700238385,310837,4830,96386888.0,72521.0,23.33,14.4,12.6,313.1,298.27,298.296,Hold
TVS Motors,2016-08-18,315.0,316.6,310.0,311.85,313.233734939759,213310,3180,66815888.0,44088.0,20.67,6.6,-3.15,311.85,298.71750000000003,298.642,Buy
TVS Motors,2016-08-19,311.65,316.9,309.3,311.6,313.1011716852841,98832,1548,30944415.0,22017.0,22.28,7.6,-0.05,311.6,299.285,299.073,Hold
TVS Motors,2016-08-22,311.0,311.7,304.55,306.3,307.11545528263343,97423,1768,29920109.0,16134.0,16.56,7.15,-4.7,306.3,299.52500000000003,299.39099999999996,Hold
TVS Motors,2016-08-23,306.5,310.65,305.0,307.0,307.136044645386,95329,1942,29278972.0,27362.0,28.7,5.65,0.5,307.0,299.84250000000003,299.791,Hold
TVS Motors,2016-08-24,305.4,309.65,305.15,306.65,306.7157086946512,456085,1313,139888434.0,410615.0,90.03,4.5,1.25,306.65,300.605,300.16499999999996,Hold
TVS Motors,2016-08-25,309.65,310.0,303.95,306.5,306.796834583248,107474,1408,32972683.0,30106.0,28.01,6.05,-3.15,306.5,301.54,300.47999999999996,Hold
TVS Motors,2016-08-26,306.5,307.0,301.9,303.15,303.64091003001835,82283,1480,24984485.0,23737.0,28.85,5.1,-3.35,303.15,302.1875,300.70799999999997,Hold
TVS Motors,2016-08-29,304.2,313.9,301.05,311.7,307.73877844346504,136367,1831,41965414.0,28811.0,21.13,12.85,7.5,311.7,303.2025,301.11199999999997,Hold
TVS Motors,2016-08-30,315.0,327.9,314.4,325.85,321.2031939114031,461190,5672,148135701.0,123279.0,26.73,13.5,10.85,325.85,304.7425,301.781,Hold
TVS Motors,2016-08-31,327.0,333.0,324.0,325.85,329.09426491721126,298531,4548,98244840.0,61361.0,20.55,9.0,-1.15,325.85,306.0575,302.44,Hold
TVS Motors,2016-09-01,328.0,329.5,323.0,327.5,326.17845523722116,146003,3769,47623033.0,39517.0,27.07,6.5,-0.5,327.5,307.56000000000006,303.067,Hold
TVS Motors,2016-09-02,335.0,339.9,331.0,331.85,334.28492767777453,237548,4429,79408716.0,47222.0,19.88,8.9,-3.15,331.85,309.22249999999997,303.80600000000004,Hold
TVS Motors,2016-09-06,334.0,335.25,329.95,333.0,332.82407627561935,84116,1672,27995830.0,22212.0,26.41,5.3,-1.0,333.0,310.71999999999997,304.555,Hold
TVS Motors,2016-09-07,333.0,333.9,328.55,330.4,330.47203748820266,91122,2094,30113273.0,30028.0,32.95,5.35,-2.6,330.4,312.03499999999997,305.219,Hold
TVS Motors,2016-09-08,330.5,342.5,328.15,337.95,338.13128576724995,272421,4087,92114063.0,41056.0,15.07,14.35,7.45,337.95,313.9875,306.039,Hold
TVS Motors,2016-09-09,338.0,338.05,327.6,330.0,330.9253040479216,143234,2321,47399755.0,24133.0,16.85,10.45,-8.0,330.0,315.70500000000004,306.69699999999995,Hold
TVS Motors,2016-09-12,312.0,324.0,310.9,320.9,319.4389749911941,170340,3070,54413235.0,23921.0,14.04,13.1,8.9,320.9,316.9125,307.12100000000004,Hold
TVS Motors,2016-09-14,320.0,328.25,320.0,326.15,325.42944131166183,84412,1446,27470150.0,10255.0,12.15,8.25,6.15,326.15,318.305,307.45,Hold
TVS Motors,2016-09-15,327.5,327.5,319.9,321.1,321.14587081973656,590214,2634,189544789.0,454982.0,77.09,7.6,-6.4,321.1,319.41999999999996,307.661,Hold
TVS Motors,2016-09-16,324.8,339.5,324.0,338.1,328.34883107667935,1152813,10209,378524801.0,617413.0,53.56,15.5,13.3,338.1,320.66999999999996,308.165,Hold
TVS Motors,2016-09-19,340.0,344.0,335.25,337.05,339.91872916295523,314344,4208,106851413.0,35984.0,11.45,8.75,-2.95,337.05,321.93,308.776,Hold
TVS Motors,2016-09-20,337.0,337.65,331.0,332.9,334.6531684242208,176097,3356,58931419.0,17609.0,10.0,6.65,-4.1,332.9,322.995,309.438,Hold
TVS Motors,2016-09-21,332.9,341.5,331.35,333.15,336.6963225404324,243864,3466,82108112.0,28314.0,11.61,10.15,0.25,333.15,324.3375,310.151,Hold
TVS Motors,2016-09-22,338.4,350.0,338.4,349.25,345.8595272116284,429706,7260,148617914.0,82556.0,19.21,11.6,10.85,349.25,326.45,311.157,Hold
TVS Motors,2016-09-23,352.0,354.5,348.1,350.45,351.7384864434123,358903,5127,126239998.0,141160.0,39.33,6.4,-1.55,350.45,328.64,312.072,Hold
TVS Motors,2016-09-26,349.5,353.7,345.65,347.4,349.19739870913384,132934,3040,46420207.0,28726.0,21.61,8.05,-2.1,347.4,330.685,312.867,Hold
TVS Motors,2016-09-27,350.9,351.45,346.5,347.75,348.7545672000229,104933,1914,36595863.0,26106.0,24.88,4.95,-3.15,347.75,332.915,313.73400000000004,Hold
TVS Motors,2016-09-28,347.6,357.0,345.0,351.7,352.32267737653217,148399,2430,52284333.0,26420.0,17.8,12.0,4.1,351.7,334.915,314.636,Hold
TVS Motors,2016-09-29,355.0,356.4,316.8,348.15,349.34512696862686,216077,5509,75485447.0,52247.0,24.18,39.6,-6.85,348.15,336.03000000000003,315.54200000000003,Hold
TVS Motors,2016-09-30,341.0,368.4,341.0,365.6,361.9086926421615,365447,7895,132258446.0,64269.0,17.59,27.4,24.6,365.6,338.0175,316.844,Hold
TVS Motors,2016-10-03,368.0,383.2,366.2,377.65,373.0416587019808,319117,5866,119043935.0,59646.0,18.69,17.0,9.65,377.65,340.525,318.339,Hold
TVS Motors,2016-10-04,382.0,385.0,374.5,377.45,379.24777214114766,303767,5209,115202958.0,72691.0,23.93,10.5,-4.55,377.45,342.805,319.883,Hold
TVS Motors,2016-10-05,378.0,384.7,374.0,379.55,379.94169938033286,154115,2928,58554715.0,32687.0,21.21,10.7,1.55,379.55,345.13250000000005,321.444,Hold
TVS Motors,2016-10-06,380.0,388.2,377.1,383.9,383.85194629303913,333737,6509,128105597.0,33575.0,10.06,11.1,3.9,383.9,347.8075,323.10900000000004,Hold
TVS Motors,2016-10-07,383.9,389.0,381.8,386.1,385.770000691866,130083,2754,50182119.0,19941.0,15.33,7.2,2.2,386.1,350.21500000000003,325.003,Hold
TVS Motors,2016-10-10,388.05,393.7,386.8,388.9,389.86674885844747,109500,2447,42690409.0,18112.0,16.54,6.9,0.85,388.9,353.15999999999997,327.025,Hold
TVS Motors,2016-10-13,387.1,388.0,380.2,384.15,383.210232671189,90514,1985,34685891.0,20349.0,22.48,7.8,-2.95,384.15,356.3225,328.904,Hold
TVS Motors,2016-10-14,386.0,391.9,383.1,390.95,388.8280717443391,118532,2240,46088569.0,20270.0,17.1,8.8,4.95,390.95,359.5625,330.895,Hold
TVS Motors,2016-10-17,391.0,394.0,385.1,388.3,389.5161949878775,89503,1850,34862868.0,12449.0,13.91,8.9,-2.7,388.3,362.9225,332.76,Hold
TVS Motors,2016-10-18,395.0,401.7,392.2,395.4,396.66527082598986,212775,4189,84400453.0,30152.0,14.17,9.5,0.4,395.4,365.7875,334.67699999999996,Hold
TVS Motors,2016-10-19,395.6,396.0,389.5,391.0,392.3151983202462,69534,1391,27279245.0,8403.0,12.08,6.5,-4.6,391.0,368.485,336.54799999999994,Hold
TVS Motors,2016-10-20,391.8,394.8,390.0,392.2,392.9942430436778,71913,1484,28261395.0,10402.0,14.46,4.8,0.4,392.2,371.45,338.42,Hold
TVS Motors,2016-10-21,393.0,397.0,390.3,395.7,394.2957122861142,70014,1856,27606220.0,12501.0,17.86,6.7,2.7,395.7,374.5775,340.273,Hold
TVS Motors,2016-10-24,397.0,398.95,393.35,395.25,395.642108910084,49068,1164,19413367.0,9282.0,18.92,5.6,-1.75,395.25,376.87749999999994,342.096,Hold
TVS Motors,2016-10-25,394.0,408.6,392.95,407.15,402.9626961835144,168401,3344,67859321.0,27619.0,16.4,15.65,13.15,407.15,379.7125,344.26099999999997,Hold
TVS Motors,2016-10-26,408.0,411.45,396.0,399.7,405.3084097084696,130278,3561,52802769.0,24951.0,19.15,15.45,-8.3,399.7,382.3275,346.342,Hold
TVS Motors,2016-10-27,407.0,417.9,387.3,411.4,401.3181198133682,833513,18115,334503870.0,75273.0,9.03,30.6,4.4,411.4,385.51,348.635,Hold
TVS Motors,2016-10-28,417.0,418.0,402.45,404.65,407.9271853255192,338874,7117,138235917.0,81840.0,24.15,15.55,-12.35,404.65,388.15749999999997,350.76199999999994,Hold
TVS Motors,2016-10-30,409.85,412.9,408.0,410.0,410.0970758042816,58717,1240,24079670.0,21391.0,36.43,4.9,0.15,410.0,391.24999999999994,352.986,Hold
TVS Motors,2016-11-01,412.0,412.0,402.8,403.95,405.7995887043506,146853,4653,59592887.0,33619.0,22.89,9.2,-8.05,403.95,393.1675,354.80299999999994,Hold
TVS Motors,2016-11-02,400.0,408.4,397.4,400.55,401.8168176029433,141340,2867,56792789.0,19625.0,13.88,11.0,0.55,400.55,394.31249999999994,356.577,Hold
TVS Motors,2016-11-03,405.0,405.5,390.8,392.25,396.62047909476985,276438,7089,109640972.0,75311.0,27.24,14.7,-12.75,392.25,395.05249999999995,358.19,Hold
TVS Motors,2016-11-04,393.25,397.75,387.25,392.45,392.1643563730103,126463,2374,49594281.0,33755.0,26.69,10.5,-0.8,392.45,395.6975,359.91299999999995,Hold
TVS Motors,2016-11-07,395.35,399.0,388.85,390.1,393.9312981096507,114582,2165,45137436.0,15901.0,13.88,10.15,-5.25,390.1,396.0075,361.575,Hold
TVS Motors,2016-11-08,392.0,394.1,385.6,390.0,389.68991577725393,84419,2464,32897233.0,18158.0,21.51,8.5,-2.0,390.0,396.2025,363.242,Hold
TVS Motors,2016-11-09,370.0,384.0,351.0,379.3,371.6287686841496,341399,8971,126873690.0,45215.0,13.24,33.0,9.3,379.3,395.72249999999997,364.69800000000004,Hold
TVS Motors,2016-11-10,386.2,389.75,377.2,379.2,384.3921311952293,110004,2502,42284672.0,26519.0,24.11,12.55,-7.0,379.2,395.475,366.219,Hold
TVS Motors,2016-11-11,374.5,374.5,352.6,360.55,358.9689695220004,425356,8568,152689605.0,100989.0,23.74,21.9,-13.95,360.55,393.955,367.19599999999997,Hold
TVS Motors,2016-11-15,361.0,363.0,338.9,347.6,344.9038914924401,173481,4101,59834272.0,43020.0,24.8,24.1,-13.4,347.6,391.92,367.631,Hold
TVS Motors,2016-11-16,364.9,368.5,346.25,359.2,354.82826594154085,243452,4069,86383651.0,33713.0,13.85,22.25,-5.7,359.2,390.11,368.298,Hold
TVS Motors,2016-11-17,360.0,367.4,345.2,362.1,357.3683622653024,183534,4277,65589245.0,14130.0,7.7,22.2,2.1,362.1,388.66499999999996,368.99,Hold
TVS Motors,2016-11-18,363.0,364.25,356.4,362.35,361.5101405597688,80962,2102,29268584.0,13773.0,17.01,7.85,-0.65,362.35,387.1725,369.6,Hold
TVS Motors,2016-11-21,362.35,362.35,342.0,344.65,349.40385862973517,141812,3585,49549660.0,37404.0,26.38,20.35,-17.7,344.65,384.62,369.83299999999997,Hold
TVS Motors,2016-11-22,345.0,352.7,344.6,349.25,347.80331067677,61498,1389,21389208.0,11687.0,19.0,8.1,4.25,349.25,382.32,370.21,Hold
TVS Motors,2016-11-23,350.0,356.3,347.0,354.25,351.96437718885574,76524,1849,26933722.0,9302.0,12.16,9.3,4.25,354.25,379.675,370.536,Hold
TVS Motors,2016-11-24,353.8,363.4,348.2,359.2,354.87190991369306,90491,1909,32112714.0,23219.0,25.66,15.2,5.4,359.2,377.65,371.12,Hold
TVS Motors,2016-11-25,355.9,358.15,353.25,356.0,355.50672737243497,78411,2046,27875638.0,12635.0,16.11,4.9,0.1,356.0,374.88,371.82199999999995,Hold
TVS Motors,2016-11-28,355.9,355.9,350.65,353.8,353.8654088261461,59573,1222,21080824.0,12074.0,20.27,5.25,-2.1,353.8,372.3375,372.375,Sell
TVS Motors,2016-11-29,353.0,362.3,352.8,358.6,359.26768907765813,82876,1612,29774669.0,20052.0,24.2,9.5,5.6,358.6,369.76750000000004,373.125,Hold
TVS Motors,2016-11-30,361.95,376.0,360.3,372.05,367.9431551369084,180157,3867,66287535.0,35800.0,19.87,15.7,10.1,372.05,368.1725,373.80400000000003,Hold
TVS Motors,2016-12-01,370.0,376.5,365.0,367.7,371.059561819838,104295,2352,38699657.0,24464.0,23.46,11.5,-2.3,367.7,366.53000000000003,374.41700000000003,Hold
TVS Motors,2016-12-02,360.5,365.9,356.9,358.25,360.0241220548956,96219,2127,34641161.0,13956.0,14.5,9.0,-2.25,358.25,364.83000000000004,374.92400000000004,Hold
TVS Motors,2016-12-05,360.9,362.55,352.75,357.15,356.54191043298107,76747,1966,27363522.0,14913.0,19.43,9.8,-3.75,357.15,363.06499999999994,375.40399999999994,Hold
TVS Motors,2016-12-06,357.55,360.1,354.0,355.55,356.7750584047169,44945,1430,16035255.0,11382.0,25.32,6.1,-2.0,355.55,361.3375,375.53,Hold
TVS Motors,2016-12-07,356.45,362.85,354.5,359.8,359.28569101453047,61388,1865,22055830.0,9934.0,16.18,8.35,3.35,359.8,359.8275,375.71700000000004,Hold
TVS Motors,2016-12-08,362.0,364.85,361.45,363.85,363.29162535995846,42366,1248,15391213.0,10082.0,23.8,3.4,1.85,363.85,359.055,376.046,Hold
TVS Motors,2016-12-09,365.0,366.2,360.5,363.0,363.4798777490436,46789,1234,17006860.0,7439.0,15.9,5.7,-2.0,363.0,358.245,376.351,Hold
TVS Motors,2016-12-12,363.0,367.5,357.85,366.3,363.13127601400174,57421,1712,20851361.0,9825.0,17.11,9.65,3.3,366.3,358.5325,376.643,Hold
TVS Motors,2016-12-13,367.5,384.8,367.0,381.95,377.11175946491994,239067,5538,90154977.0,61788.0,25.85,17.8,14.45,381.95,360.25,377.319,Hold
TVS Motors,2016-12-14,383.7,387.2,378.75,379.9,382.54917625660215,142945,3288,54683492.0,15045.0,10.53,8.45,-3.8,379.9,361.28499999999997,377.605,Hold
TVS Motors,2016-12-15,379.45,380.95,374.0,378.15,378.0798415676464,67158,2543,25391086.0,7783.0,11.59,6.95,-1.3,378.15,362.0875,377.615,Hold
TVS Motors,2016-12-16,378.0,383.55,374.0,376.5,378.48009259259254,64800,1353,24525510.0,11998.0,18.52,9.55,-1.5,376.5,362.79499999999996,377.596,Hold
TVS Motors,2016-12-19,379.8,381.0,373.0,374.95,377.0809679489138,32729,1115,12341483.0,8947.0,27.34,8.0,-4.85,374.95,364.31000000000006,377.504,Hold
TVS Motors,2016-12-20,377.0,377.45,369.0,369.95,370.59539924928765,132674,2711,49168374.0,55587.0,41.9,8.45,-7.05,369.95,365.345,377.225,Hold
TVS Motors,2016-12-21,369.95,372.9,369.0,370.4,371.16640116819326,30132,1207,11183986.0,9399.0,31.19,3.9,0.45,370.4,366.1525,376.91100000000006,Hold
TVS Motors,2016-12-22,368.3,374.5,365.3,366.85,369.18830012587114,65146,1720,24051141.0,18794.0,28.85,9.2,-1.45,366.85,366.53499999999997,376.47,Hold
TVS Motors,2016-12-23,366.5,372.0,364.0,370.35,369.0978014872292,43302,1027,15982673.0,12807.0,29.58,8.0,3.85,370.35,367.25249999999994,376.19399999999996,Hold
TVS Motors,2016-12-26,380.0,380.0,365.1,366.3,367.05753958174574,59055,1355,21676583.0,9781.0,16.56,14.9,-13.7,366.3,367.8775,375.7010000000001,Hold
TVS Motors,2016-12-27,360.0,363.3,349.5,352.4,354.4313541922237,154882,3166,54895037.0,16591.0,10.71,13.8,-7.6,352.4,367.5675,374.98299999999995,Hold
TVS Motors,2016-12-28,351.0,357.25,346.0,353.05,351.2253439477444,122475,2519,43016324.0,8931.0,7.29,11.25,2.05,353.05,366.6175,374.13599999999997,Hold
TVS Motors,2016-12-29,353.1,367.0,348.5,363.3,356.8263548969397,119105,3327,42499803.0,21681.0,18.2,18.5,10.2,363.3,366.3975,373.58200000000005,Hold
TVS Motors,2016-12-30,362.45,366.95,357.75,360.65,362.3342296368989,101900,2765,36921858.0,11410.0,11.2,9.2,-1.8,360.65,366.51750000000004,372.95099999999996,Hold
TVS Motors,2017-01-02,359.0,369.0,355.25,366.15,362.4072771367457,132772,2858,48117539.0,18799.0,14.16,13.75,7.15,366.15,366.96750000000003,372.36,Hold
TVS Motors,2017-01-03,358.15,383.2,355.0,377.4,370.72159313523946,206737,4941,76641870.0,32704.0,15.82,28.2,19.25,377.4,368.06,372.00299999999993,Hold
TVS Motors,2017-01-04,377.0,377.5,371.9,374.35,374.97523424345206,124123,3235,46543051.0,8482.0,6.83,5.6,-2.65,374.35,368.7875,371.34700000000004,Hold
TVS Motors,2017-01-05,377.05,389.85,377.05,384.75,386.08907093583,218747,4853,84455826.0,32247.0,14.74,12.8,7.7,384.75,369.8325,371.048,Hold
TVS Motors,2017-01-06,386.1,392.4,384.1,385.4,388.0423770034761,168582,4790,65416960.0,18440.0,10.94,8.3,-0.7,385.4,370.9525,370.52799999999996,Buy
TVS Motors,2017-01-09,388.0,389.9,382.8,384.35,384.3912748981114,174210,3612,66964804.0,6902.0,3.96,7.1,-3.65,384.35,371.85499999999996,370.12200000000007,Hold
TVS Motors,2017-01-10,385.3,388.6,381.65,383.1,385.4520209415476,194637,4894,75023225.0,8076.0,4.15,6.95,-2.2,383.1,371.9125,369.584,Hold
TVS Motors,2017-01-11,384.2,385.6,379.5,380.95,381.98775887481577,80058,2039,30581176.0,10825.0,13.52,6.1,-3.25,380.95,371.96500000000003,369.124,Hold
TVS Motors,2017-01-12,380.95,390.0,378.0,388.85,386.1177407888608,81586,2195,31501802.0,14221.0,17.43,12.0,7.9,388.85,372.5,368.89,Hold
TVS Motors,2017-01-13,390.0,390.5,382.05,383.55,385.0472972972973,39072,997,15044568.0,7395.0,18.93,8.45,-6.45,383.55,372.85249999999996,368.71600000000007,Hold
TVS Motors,2017-01-16,384.0,384.25,379.55,382.9,382.18257613893775,31784,1076,12147291.0,6151.0,19.35,4.7,-1.1,382.9,373.25,368.525,Hold
TVS Motors,2017-01-17,384.9,385.2,376.3,379.2,379.46494992846925,61512,2238,23341648.0,8107.0,13.18,8.9,-5.7,379.2,373.7125,368.30699999999996,Hold
TVS Motors,2017-01-18,383.0,384.5,377.5,383.2,381.6831750084482,26633,762,10165368.0,5879.0,22.07,7.0,0.2,383.2,374.3525,368.171,Hold
TVS Motors,2017-01-19,382.15,391.35,379.5,388.55,387.3625640697664,109451,3320,42397220.0,16301.0,14.89,11.85,6.4,388.55,375.4375,368.356,Hold
TVS Motors,2017-01-20,390.9,392.35,377.75,378.7,385.68439126373374,112405,2463,43352854.0,13585.0,12.09,14.6,-12.2,378.7,375.85499999999996,368.346,Hold
TVS Motors,2017-01-23,378.75,383.95,378.4,380.3,381.39268631064544,48293,1571,18418597.0,5502.0,11.39,5.55,1.55,380.3,376.555,368.741,Hold
TVS Motors,2017-01-24,382.5,402.85,378.7,401.2,395.2582291805557,712495,12611,281619512.0,65124.0,9.14,24.15,18.7,401.2,378.995,369.81300000000005,Hold
TVS Motors,2017-01-25,404.0,404.45,391.3,393.0,395.8816757034071,198818,3201,78708403.0,59808.0,30.08,13.15,-11.0,393.0,380.9925,370.48900000000003,Hold
TVS Motors,2017-01-27,394.9,397.6,389.5,391.65,392.80310800159583,102767,2120,40367197.0,27758.0,27.01,8.1,-3.25,391.65,382.40999999999997,371.08,Hold
TVS Motors,2017-01-30,394.8,394.8,386.0,387.45,388.1131559923051,81613,2534,31675079.0,25001.0,30.63,8.8,-7.35,387.45,383.75,371.582,Hold
TVS Motors,2017-01-31,386.4,388.0,383.85,385.35,385.6144026314759,51074,1516,19694870.0,12463.0,24.4,4.15,-1.05,385.35,384.71,372.3960000000001,Hold
TVS Motors,2017-02-01,385.9,396.0,381.5,394.1,389.49198832926766,83628,1606,32572436.0,14293.0,17.09,14.5,8.2,394.1,385.545,373.293,Hold
TVS Motors,2017-02-02,383.2,399.0,383.2,389.35,391.924939336262,110857,2840,43447623.0,20715.0,18.69,15.8,6.15,389.35,386.29499999999996,373.995,Hold
TVS Motors,2017-02-03,390.95,393.8,388.65,391.75,390.8907009678786,110861,2302,43334534.0,8516.0,7.68,5.15,0.8,391.75,386.645,374.64599999999996,Hold
TVS Motors,2017-02-06,391.0,406.4,390.55,395.95,398.061535457031,220182,4369,87645985.0,39157.0,17.78,15.85,4.95,395.95,387.1725,375.445,Hold
TVS Motors,2017-02-07,396.5,398.1,390.0,392.1,393.95549079348257,60392,1613,23791760.0,7724.0,12.79,8.1,-4.4,392.1,387.56,376.21100000000007,Hold
TVS Motors,2017-02-08,399.0,401.05,393.65,397.4,397.428702336014,73116,1912,29058397.0,8809.0,12.05,7.4,-1.6,397.4,388.275,376.98699999999997,Hold
TVS Motors,2017-02-09,397.0,409.9,394.6,408.0,403.91630803503614,138257,3331,55844257.0,41933.0,30.33,15.3,11.0,408.0,389.6275,377.70599999999996,Hold
TVS Motors,2017-02-10,413.5,418.7,410.25,411.1,414.24624861861287,225317,4632,93336722.0,53766.0,23.86,8.45,-2.4,411.1,390.74,378.574,Hold
TVS Motors,2017-02-13,411.0,415.05,407.8,411.45,411.48844730672545,70806,1736,29135851.0,16415.0,23.18,7.25,0.45,411.45,392.13500000000005,379.638,Hold
TVS Motors,2017-02-14,411.05,414.1,408.5,409.35,410.6532733852396,45595,1044,18723736.0,10191.0,22.35,5.6,-1.7,409.35,393.4575,380.682,Hold
TVS Motors,2017-02-15,414.0,416.45,408.9,410.6,412.291784515126,120918,2385,49853498.0,28434.0,23.52,7.55,-3.4,410.6,395.02750000000003,381.78299999999996,Hold
TVS Motors,2017-02-16,410.25,423.5,410.0,422.1,418.8017446172023,159118,3370,66638896.0,43002.0,27.03,13.5,11.85,422.1,396.97249999999997,383.029,Hold
TVS Motors,2017-02-17,427.0,429.3,423.5,425.5,426.131638151054,105790,2027,45080466.0,23956.0,22.64,5.8,-1.5,425.5,398.82,384.26200000000006,Hold
TVS Motors,2017-02-20,426.9,427.75,422.9,425.7,425.4951145077322,77986,1476,33182662.0,7033.0,9.02,4.85,-1.2,425.7,401.17,385.51599999999996,Hold
TVS Motors,2017-02-21,427.0,433.35,425.8,429.0,429.6357496223006,101271,2233,43509642.0,11375.0,11.23,7.55,2.0,429.0,403.605,386.77,Hold
TVS Motors,2017-02-22,428.0,432.7,424.9,426.95,428.0462176428896,94531,1771,40463637.0,8775.0,9.28,7.8,-1.05,426.95,404.89250000000004,387.67,Hold
TVS Motors,2017-02-23,425.05,436.0,425.05,433.35,431.5218763641248,89343,1766,38553459.0,23126.0,25.88,10.95,8.3,433.35,406.90999999999997,388.73900000000003,Hold
TVS Motors,2017-02-27,430.1,442.8,429.2,434.8,435.8108203219055,161973,2750,70589586.0,79470.0,49.06,13.6,4.7,434.8,409.0675,389.87200000000007,Hold
TVS Motors,2017-02-28,437.85,440.0,427.0,428.45,432.8545552320243,76242,1593,33001697.0,12572.0,16.49,13.0,-9.4,428.45,411.1175,390.91100000000006,Hold
TVS Motors,2017-03-01,436.4,436.4,422.7,424.85,425.59077455669774,75682,1448,32209561.0,19996.0,26.42,13.7,-11.55,424.85,413.09250000000003,391.909,Hold
TVS Motors,2017-03-02,428.1,432.0,422.45,426.2,428.0591364547276,82335,1525,35244249.0,16103.0,19.56,9.55,-1.9,426.2,414.69750000000005,393.034,Hold
TVS Motors,2017-03-03,423.0,435.95,423.0,429.35,427.78615417859646,37022,802,15837499.0,7413.0,20.02,12.95,6.35,429.35,416.69749999999993,394.21299999999997,Hold
TVS Motors,2017-03-06,432.0,433.15,425.35,426.7,428.5587276610093,62279,1508,26690209.0,10610.0,17.04,7.8,-5.3,426.7,418.445,395.41,Hold
TVS Motors,2017-03-07,427.2,428.65,421.2,424.65,425.5788319690564,88936,1659,37849279.0,7318.0,8.23,7.45,-2.55,424.65,419.88,396.49600000000004,Hold
TVS Motors,2017-03-08,425.2,425.2,414.0,417.7,418.9831450928116,109523,1397,45888291.0,49682.0,45.36,11.2,-7.5,417.7,421.16,397.52399999999994,Hold
TVS Motors,2017-03-09,417.0,422.4,416.0,419.9,419.7148552666845,89544,1109,37582947.0,41333.0,46.16,6.4,2.9,419.9,422.28499999999997,398.874,Hold
TVS Motors,2017-03-10,425.0,428.6,420.2,425.5,425.60295788363214,98584,1505,41957642.0,29669.0,30.1,8.4,0.5,425.5,423.15999999999997,400.32300000000004,Hold
TVS Motors,2017-03-14,429.0,438.0,428.0,435.8,433.70891596860366,121288,2222,52603687.0,41861.0,34.51,10.0,6.8,435.8,424.395,401.77299999999997,Hold
TVS Motors,2017-03-15,436.4,440.0,433.65,438.45,437.221983404462,96773,1972,42311283.0,12150.0,12.56,6.35,2.05,438.45,425.745,403.329,Hold
TVS Motors,2017-03-16,440.5,443.35,437.4,438.2,439.8056118396525,61691,1117,27132048.0,19345.0,31.36,5.95,-2.3,438.2,427.1875,404.77,Hold
TVS Motors,2017-03-17,438.5,444.8,435.3,442.45,441.14191613356365,105358,1839,46477830.0,18166.0,17.24,9.5,3.95,442.45,428.78000000000003,406.0710000000001,Hold
TVS Motors,2017-03-20,442.45,442.45,437.95,439.75,439.4656600994292,48879,1467,21480642.0,12271.0,25.1,4.5,-2.7,439.75,429.6625,407.379,Hold
TVS Motors,2017-03-21,440.05,440.95,436.0,439.55,438.564193197548,40456,2597,17742553.0,14945.0,36.94,4.95,-0.5,439.55,430.36500000000007,408.475,Hold
TVS Motors,2017-03-22,438.0,443.3,431.2,432.7,435.9086239754026,141153,4632,61529810.0,15597.0,11.05,12.1,-5.3,432.7,430.715,409.42100000000005,Hold
TVS Motors,2017-03-23,430.05,431.5,421.8,427.4,426.34348475241853,97786,2217,41690424.0,14529.0,14.86,9.7,-2.65,427.4,430.63499999999993,410.282,Hold
TVS Motors,2017-03-24,429.5,430.85,425.0,427.95,428.0362971522644,63173,1721,27040337.0,20249.0,32.05,5.85,-1.55,427.95,430.68499999999995,411.17900000000003,Hold
TVS Motors,2017-03-27,431.9,431.9,426.2,428.9,428.37500651618626,76732,1328,32870071.0,32717.0,42.64,5.7,-3.0,428.9,430.4625,412.13800000000003,Hold
TVS Motors,2017-03-28,430.75,434.35,430.35,432.3,431.83800374813694,67767,1060,29264366.0,19449.0,28.7,4.0,1.55,432.3,430.3375,413.00700000000006,Hold
TVS Motors,2017-03-29,434.0,437.15,425.0,430.8,432.3744824443813,151433,4256,65475765.0,15985.0,10.56,12.15,-3.2,430.8,430.45500000000004,413.952,Hold
TVS Motors,2017-03-30,430.0,440.0,427.0,434.75,432.99027286390407,107123,1662,46383217.0,18257.0,17.04,13.0,4.75,434.75,430.95,414.98900000000003,Hold
TVS Motors,2017-03-31,430.3,436.2,429.95,431.6,432.26718378581256,159860,2190,69102232.0,17165.0,10.74,6.25,1.3,431.6,431.21999999999997,416.037,Hold
TVS Motors,2017-04-03,430.0,436.45,430.0,435.2,434.3805270746556,24968,1454,10845613.0,5120.0,20.51,6.45,5.2,435.2,431.5125,417.077,Hold
TVS Motors,2017-04-05,438.0,452.9,438.0,450.45,447.2963770523576,144468,2720,64620013.0,28852.0,19.97,14.9,12.45,450.45,432.7,418.315,Hold
TVS Motors,2017-04-06,451.75,452.2,447.5,449.7,449.9773238430397,37793,783,17005993.0,7612.0,20.14,4.7,-2.05,449.7,433.95250000000004,419.735,Hold
TVS Motors,2017-04-07,440.05,474.4,440.05,468.5,464.798655783748,163069,3394,75794252.0,29140.0,17.87,34.35,28.45,468.5,436.4925,421.499,Hold
TVS Motors,2017-04-10,468.0,477.85,467.0,475.15,473.892046464108,90048,1659,42673031.0,16082.0,17.86,10.85,7.15,475.15,439.255,422.97799999999995,Hold
TVS Motors,2017-04-11,474.0,474.95,467.2,473.5,471.25751287372225,52044,1047,24526126.0,9320.0,17.91,7.75,-0.5,473.5,441.65500000000003,424.58799999999997,Hold
TVS Motors,2017-04-12,473.0,476.25,461.7,474.5,471.38128658254146,71243,1341,33582617.0,6201.0,8.7,14.55,1.5,474.5,443.59000000000003,426.245,Hold
TVS Motors,2017-04-13,472.05,476.85,468.95,474.0,472.1506863633196,28702,622,13551669.0,3414.0,11.89,7.9,1.95,474.0,445.3675,427.976,Hold
TVS Motors,2017-04-17,471.7,474.0,467.2,471.95,470.5332647020976,31084,681,14626056.0,5261.0,16.93,6.8,0.25,471.95,447.05499999999995,429.70799999999997,Hold
TVS Motors,2017-04-18,473.55,479.75,466.05,468.85,473.1297656713736,183631,4326,86881292.0,49921.0,27.19,13.7,-4.7,468.85,448.375,431.20300000000003,Hold
TVS Motors,2017-04-19,469.65,475.35,468.8,470.85,471.80548011214296,45656,1095,21540751.0,5763.0,12.62,6.55,1.2,470.85,449.93,432.833,Hold
TVS Motors,2017-04-20,472.65,492.25,472.15,489.45,485.0288555907707,159969,3193,77589581.0,20187.0,12.62,20.1,16.8,489.45,452.425,434.78700000000003,Hold
TVS Motors,2017-04-21,497.7,505.0,481.25,482.95,490.92978957986344,127887,2919,62783538.0,22540.0,17.62,23.75,-14.75,482.95,454.9375,436.52700000000004,Hold
TVS Motors,2017-04-24,485.6,489.0,480.95,485.45,485.443661971831,58362,1081,28331463.0,9106.0,15.6,8.05,-0.15,485.45,457.84000000000003,438.39399999999995,Hold
TVS Motors,2017-04-25,487.1,490.7,486.45,488.95,488.63495128587726,34179,775,16701054.0,8133.0,23.8,4.25,1.85,488.95,460.89,440.225,Hold
TVS Motors,2017-04-26,494.7,504.85,492.05,502.25,499.00832317312984,203408,3975,101502285.0,42510.0,20.9,12.8,7.55,502.25,464.5575,442.11,Hold
TVS Motors,2017-04-27,502.25,518.95,484.45,503.05,499.04028011595415,687858,12880,343268849.0,33229.0,4.83,34.5,0.8,503.05,468.09499999999997,443.94899999999996,Hold
TVS Motors,2017-04-28,494.9,502.0,490.45,495.6,496.13070496354527,154164,2667,76485494.0,30769.0,19.96,11.55,0.7,495.6,471.33500000000004,445.63200000000006,Hold
TVS Motors,2017-05-02,494.5,499.3,491.0,494.7,495.3551356993737,47900,1191,23727511.0,9624.0,20.09,8.3,0.2,494.7,474.3325,447.339,Hold
TVS Motors,2017-05-03,503.0,505.6,496.45,499.15,500.3221339950372,80600,1758,40325964.0,13748.0,17.06,9.15,-3.85,499.15,477.7099999999999,449.11,Hold
TVS Motors,2017-05-04,496.55,502.75,492.5,496.95,498.6282510494616,87664,1571,43711747.0,13750.0,15.68,10.25,0.4,496.95,480.7975,450.60699999999997,Hold
TVS Motors,2017-05-05,496.95,500.95,490.3,492.7,496.59271188000366,76069,1765,37775311.0,9892.0,13.0,10.65,-4.25,492.7,482.91,451.95099999999996,Hold
TVS Motors,2017-05-08,491.0,502.05,491.0,500.8,499.9821542383684,76881,1519,38439128.0,7585.0,9.87,11.05,9.8,500.8,485.465,453.45300000000003,Hold
TVS Motors,2017-05-09,501.45,502.25,497.0,499.3,499.62716354645,22648,532,11315556.0,4549.0,20.09,5.25,-2.15,499.3,487.00499999999994,454.85900000000004,Hold
TVS Motors,2017-05-10,499.0,501.85,493.15,497.05,498.89154045343616,53679,1039,26779999.0,6694.0,12.47,8.7,-1.95,497.05,488.1,456.26099999999997,Hold
TVS Motors,2017-05-11,495.0,504.0,495.0,499.25,499.93372752368873,53612,961,26802447.0,13194.0,24.61,9.0,4.25,499.25,489.3875,457.57899999999995,Hold
TVS Motors,2017-05-12,505.5,517.9,498.75,515.9,510.6541062963025,179931,2835,91882504.0,28900.0,16.06,19.15,10.4,515.9,491.4575,459.20099999999996,Hold
TVS Motors,2017-05-15,518.0,525.8,518.0,524.65,522.4184931106228,119677,1956,62521478.0,21609.0,18.06,7.8,6.65,524.65,493.98999999999995,461.125,Hold
TVS Motors,2017-05-16,524.85,536.95,524.85,532.8,531.3429220055425,97789,1481,51959493.0,18366.0,18.78,12.1,7.95,532.8,497.03249999999997,463.284,Hold
TVS Motors,2017-05-17,524.05,534.3,524.05,532.75,531.5921583952065,46062,906,24486198.0,12649.0,27.46,10.25,8.7,532.75,500.22749999999996,465.415,Hold
TVS Motors,2017-05-18,531.9,533.0,525.55,529.65,529.3908506131332,51457,1042,27240865.0,9787.0,19.02,7.45,-2.25,529.65,503.1675,467.421,Hold
TVS Motors,2017-05-19,535.0,535.0,520.0,525.1,527.3701571619225,50203,1068,26475564.0,10678.0,21.27,15.0,-9.9,525.1,504.94999999999993,469.389,Hold
TVS Motors,2017-05-22,534.0,534.0,523.3,526.55,526.8136612021858,23790,646,12532897.0,4261.0,17.91,10.7,-7.45,526.55,507.13,471.42699999999996,Hold
TVS Motors,2017-05-23,526.0,529.6,517.7,525.15,523.4661044314016,52647,1370,27558920.0,10296.0,19.56,11.9,-0.85,525.15,509.11499999999995,473.5760000000001,Hold
TVS Motors,2017-05-24,522.15,529.25,519.75,523.6,525.178459166123,50583,1361,26565102.0,7412.0,14.65,9.5,1.45,523.6,510.8475,475.65,Hold
TVS Motors,2017-05-25,538.0,544.75,528.0,541.95,537.0635715527734,86265,1799,46329789.0,17634.0,20.44,16.75,3.95,541.95,512.8325,477.97900000000004,Hold
TVS Motors,2017-05-26,545.0,549.0,533.0,534.0,540.1905554207541,86547,2070,46751872.0,20918.0,24.17,16.0,-11.0,534.0,514.3799999999999,479.94300000000004,Hold
TVS Motors,2017-05-29,534.0,541.0,528.0,533.9,534.713530265924,46141,1080,24672217.0,3515.0,7.62,13.0,-0.1,533.9,516.295,481.852,Hold
TVS Motors,2017-05-30,532.55,544.0,529.4,540.45,537.0457537372378,34183,733,18357835.0,6481.0,18.96,14.6,7.9,540.45,518.5825,483.897,Hold
TVS Motors,2017-05-31,540.35,544.75,535.5,538.1,539.7611590526867,36271,759,19577677.0,8746.0,24.11,9.25,-2.25,538.1,520.53,485.81,Hold
TVS Motors,2017-06-01,538.2,540.9,531.0,534.95,535.8210516091433,30886,932,16549369.0,6250.0,20.24,9.9,-3.25,534.95,522.4300000000001,487.71399999999994,Hold
TVS Motors,2017-06-02,553.0,565.0,538.55,541.55,552.9791416199695,392600,7758,217099611.0,48263.0,12.29,26.45,-11.45,541.55,524.8725000000001,489.754,Hold
TVS Motors,2017-06-05,541.9,546.35,535.05,542.15,541.0830670109682,78226,1664,42326764.0,8394.0,10.73,11.3,0.25,542.15,526.9399999999999,491.943,Hold
TVS Motors,2017-06-06,545.5,545.5,532.5,536.1,536.1282207013887,1565808,1389,839473857.0,16506.0,1.05,13.0,-9.4,536.1,528.78,494.117,Hold
TVS Motors,2017-06-07,536.85,538.2,533.9,536.15,536.4341535760768,33039,624,17723248.0,8721.0,26.4,4.3,-0.7,536.15,530.7349999999999,496.281,Hold
TVS Motors,2017-06-08,535.0,546.0,535.0,543.75,540.7881123198433,46973,973,25402440.0,9870.0,21.01,11.0,8.75,543.75,532.9599999999999,498.578,Hold
TVS Motors,2017-06-09,548.0,553.5,540.0,551.65,549.087207542274,92492,2083,50786174.0,18198.0,19.68,13.5,3.65,551.65,534.7475,500.965,Hold
TVS Motors,2017-06-12,558.0,558.0,549.15,552.25,554.0137933760177,50604,1164,28035314.0,12314.0,24.33,8.85,-5.75,552.25,536.1274999999999,503.394,Hold
TVS Motors,2017-06-13,560.0,562.5,552.6,555.75,558.516222409842,91201,1962,50937238.0,11992.0,13.15,9.9,-4.25,555.75,537.275,505.814,Hold
TVS Motors,2017-06-14,555.0,555.0,544.15,545.8,546.8109903967407,61854,1497,33822447.0,7706.0,12.46,10.85,-9.2,545.8,537.9275,508.098,Hold
TVS Motors,2017-06-15,546.1,546.85,540.0,542.0,542.6891249603922,59963,1357,32541268.0,15146.0,25.26,6.85,-4.1,542.0,538.545,510.23400000000004,Hold
TVS Motors,2017-06-16,552.0,552.0,541.45,550.2,548.4197165124652,43882,1032,24065754.0,10320.0,23.52,10.55,-1.8,550.2,539.8,512.229,Hold
TVS Motors,2017-06-19,550.0,556.75,549.1,551.05,552.7360993598442,62641,1371,34623942.0,12130.0,19.36,7.65,1.05,551.05,541.025,514.256,Hold
TVS Motors,2017-06-20,551.0,554.0,547.0,549.2,550.1810156839722,47692,1169,26239233.0,8333.0,17.47,7.0,-1.8,549.2,542.2275,515.87,Hold
TVS Motors,2017-06-21,555.0,555.0,543.35,544.95,545.4263859474273,40135,1077,21890688.0,6309.0,15.72,11.65,-10.05,544.95,543.295,517.2660000000001,Hold
TVS Motors,2017-06-22,546.0,549.35,540.3,542.1,544.7395737281661,37957,861,20676680.0,6588.0,17.36,9.05,-3.9,542.1,543.3025,518.638,Hold
TVS Motors,2017-06-23,543.0,543.8,531.25,536.55,535.9697828404691,35642,968,19103035.0,5960.0,16.72,12.55,-6.45,536.55,543.4300000000001,519.879,Hold
TVS Motors,2017-06-27,537.0,539.15,524.7,533.1,530.1923751025068,62191,2569,32973194.0,15687.0,25.22,14.45,-3.9,533.1,543.39,521.061,Hold
TVS Motors,2017-06-28,533.9,537.75,530.0,535.35,534.4316569282137,28752,699,15365979.0,5931.0,20.63,7.75,1.45,535.35,543.135,522.3290000000001,Hold
TVS Motors,2017-06-29,536.5,547.0,536.5,544.6,542.7643790450605,32756,991,17778790.0,7435.0,22.7,10.5,8.1,544.6,543.46,523.8439999999999,Hold
TVS Motors,2017-06-30,545.9,550.75,542.0,549.45,548.1511452475655,51037,1252,27975990.0,3920.0,7.68,8.75,3.55,549.45,544.185,525.4159999999999,Hold
TVS Motors,2017-07-03,549.45,557.6,547.4,552.1,551.715392214562,95152,2853,52496823.0,8106.0,8.52,10.2,2.65,552.1,544.7125,526.669,Hold
TVS Motors,2017-07-04,555.0,555.0,547.25,550.55,550.2883277962349,22575,591,12422759.0,4041.0,17.9,7.75,-4.45,550.55,545.1325,528.021,Hold
TVS Motors,2017-07-05,558.95,558.95,544.1,547.35,547.5951916181978,50204,933,27491469.0,18282.0,36.42,14.85,-11.6,547.35,545.6949999999999,529.259,Hold
TVS Motors,2017-07-06,547.85,557.0,547.85,553.7,553.5712592322421,32901,903,18213048.0,8119.0,24.68,9.15,5.85,553.7,546.5725,530.554,Hold
TVS Motors,2017-07-07,551.6,574.85,551.6,572.1,566.454394091404,93694,2305,53073378.0,23267.0,24.83,23.25,20.5,572.1,547.99,531.951,Hold
TVS Motors,2017-07-10,585.0,585.0,567.35,569.45,573.5284556748143,416648,14334,238959484.0,167189.0,40.13,17.65,-15.55,569.45,548.88,533.279,Hold
TVS Motors,2017-07-11,571.8,576.5,564.55,566.0,569.5349959958816,43705,991,24891527.0,10841.0,24.8,11.95,-5.8,566.0,549.5675,534.687,Hold
TVS Motors,2017-07-12,568.6,570.8,561.75,564.25,564.9764761290961,40342,751,22792281.0,12755.0,31.62,9.05,-4.35,564.25,549.9925000000001,536.078,Hold
TVS Motors,2017-07-13,568.0,572.95,566.0,571.5,569.4309261921129,64004,1294,36445857.0,7736.0,12.09,6.95,3.5,571.5,551.2774999999999,537.525,Hold
TVS Motors,2017-07-14,571.5,572.45,563.6,569.4,567.8861565459986,44447,859,25240836.0,10490.0,23.6,8.85,-2.1,569.4,552.6475,538.974,Hold
TVS Motors,2017-07-17,570.05,576.35,567.0,572.1,572.8447294250282,35480,907,20324531.0,9165.0,25.83,9.35,2.05,572.1,553.7425000000001,540.562,Hold
TVS Motors,2017-07-18,572.05,579.95,567.0,571.5,573.4250786022852,78242,1689,44865925.0,18301.0,23.39,12.95,-0.55,571.5,554.765,541.976,Hold
TVS Motors,2017-07-19,576.0,576.0,565.95,573.65,573.2051749075908,18667,521,10700021.0,4863.0,26.05,10.05,-2.35,573.65,555.9875000000001,543.4630000000001,Hold
TVS Motors,2017-07-20,573.6,575.6,570.1,572.4,573.125650260104,19992,588,11457928.0,4234.0,21.18,5.5,-1.2,572.4,557.36,544.97,Hold
TVS Motors,2017-07-21,571.9,575.7,565.7,570.65,570.5325399613561,22772,759,12992167.0,5271.0,23.15,10.0,-1.25,570.65,558.7875,546.398,Hold
TVS Motors,2017-07-24,574.0,580.15,571.95,576.95,575.8476881825911,30582,972,17610574.0,8498.0,27.79,8.2,2.95,576.95,560.8075000000001,547.619,Hold
TVS Motors,2017-07-25,578.0,579.15,568.25,570.3,574.3535332959889,58911,979,33835741.0,31380.0,53.27,10.9,-7.7,570.3,562.6675,548.5319999999999,Hold
TVS Motors,2017-07-26,576.0,576.0,569.05,570.9,570.9202213321221,24217,606,13825975.0,5192.0,21.44,6.95,-5.1,570.9,564.4449999999999,549.294,Hold
TVS Motors,2017-07-27,571.1,577.95,567.05,573.55,573.5412979762737,35825,971,20547117.0,6456.0,18.02,10.9,2.45,573.55,565.8924999999999,550.11,Hold
TVS Motors,2017-07-28,573.9,585.0,569.9,582.55,580.168106272711,50361,1522,29217846.0,11498.0,22.83,15.1,8.65,582.55,567.5475,551.168,Hold
TVS Motors,2017-07-31,584.9,586.0,579.6,582.15,583.5064964347115,35481,748,20703394.0,7857.0,22.14,6.4,-2.75,582.15,569.05,552.309,Hold
TVS Motors,2017-08-01,585.0,599.1,582.9,596.6,593.6994463319492,95364,2163,56617554.0,12579.0,13.19,16.2,11.6,596.6,571.3525000000001,553.71,Hold
TVS Motors,2017-08-02,594.4,595.0,586.6,590.65,589.8486504016365,40086,1083,23644673.0,9489.0,23.67,8.4,-3.75,590.65,573.5175,555.02,Hold
TVS Motors,2017-08-03,591.0,596.25,582.35,586.6,589.0455120601029,25290,700,14896961.0,4467.0,17.66,13.9,-4.4,586.6,575.1625,556.28,Hold
TVS Motors,2017-08-04,586.7,603.0,586.0,599.0,597.313078996814,61205,1676,36558547.0,10285.0,16.8,17.0,12.3,599.0,576.5074999999999,557.4209999999999,Hold
TVS Motors,2017-08-07,608.0,608.0,598.55,602.6,603.278036244406,22569,618,13615382.0,6478.0,28.7,9.45,-5.4,602.6,578.1650000000001,558.793,Hold
TVS Motors,2017-08-08,603.6,610.0,594.25,595.5,600.1154920525054,40453,960,24276472.0,8569.0,21.18,15.75,-8.1,595.5,579.6400000000001,560.025,Hold
TVS Motors,2017-08-09,590.4,599.55,588.4,589.95,593.7340562223824,31909,678,18945460.0,5458.0,17.1,11.15,-0.45,589.95,580.925,561.015,Hold
TVS Motors,2017-08-10,590.0,591.0,571.95,578.3,580.6109129771726,83277,1948,48351535.0,15165.0,18.21,19.05,-11.7,578.3,581.2650000000001,561.819,Hold
TVS Motors,2017-08-11,579.0,579.0,528.2,536.4,548.638821524092,288644,6263,158361304.0,25234.0,8.74,50.8,-42.6,536.4,579.615,561.8480000000001,Hold
TVS Motors,2017-08-14,536.0,558.7,535.0,553.75,550.2774459420149,103130,2268,56750113.0,17188.0,16.67,23.7,17.75,553.75,578.6975,562.092,Hold
TVS Motors,2017-08-16,559.0,589.6,557.9,585.75,577.8583808515724,146435,3268,84618692.0,24389.0,16.66,31.7,26.75,585.75,579.4100000000001,562.964,Hold
TVS Motors,2017-08-17,587.0,592.0,577.25,581.0,581.6872649342171,70459,1409,40985103.0,11510.0,16.34,14.75,-6.0,581.0,579.7774999999999,563.862,Hold
TVS Motors,2017-08-18,571.0,586.8,571.0,583.8,580.7892735461484,111239,4174,64606418.0,26813.0,24.1,15.8,12.8,583.8,580.3475,564.815,Hold
TVS Motors,2017-08-21,587.0,588.3,571.3,575.15,581.3093253276865,111921,10113,65060721.0,22288.0,19.91,17.0,-11.85,575.15,580.5725,565.443,Hold
TVS Motors,2017-08-22,580.0,584.9,572.1,582.25,577.9490612893612,50335,2507,29091066.0,10700.0,21.26,12.8,2.25,582.25,580.8374999999999,566.055,Hold
TVS Motors,2017-08-23,585.0,587.0,575.75,584.25,582.2372559848249,41647,857,24248435.0,4748.0,11.4,11.25,-0.75,584.25,581.535,566.695,Hold
TVS Motors,2017-08-24,584.0,597.0,578.5,593.4,587.1719010347387,71419,1436,41935230.0,13302.0,18.63,18.5,9.4,593.4,582.6600000000001,567.448,Hold
TVS Motors,2017-08-28,593.4,608.0,592.8,603.95,602.0665877867613,106491,1719,64114673.0,43724.0,41.06,15.2,10.55,603.95,584.1800000000001,568.611,Hold
TVS Motors,2017-08-29,600.85,602.1,592.1,594.75,596.4822816246962,37447,911,22336472.0,8529.0,22.78,10.0,-6.1,594.75,584.79,569.6659999999999,Hold
TVS Motors,2017-08-30,598.05,614.0,597.5,611.5,607.7664015209763,71533,1650,43475354.0,19716.0,27.56,16.5,13.45,611.5,586.2574999999999,570.8919999999999,Hold
TVS Motors,2017-08-31,614.7,614.7,602.35,604.2,605.3069776616522,309244,1704,187187551.0,238798.0,77.22,12.35,-10.5,604.2,586.6375,571.955,Hold
TVS Motors,2017-09-01,607.9,611.85,606.7,608.55,609.2505539663994,49642,1049,30244416.0,12714.0,25.61,5.15,0.65,608.55,587.5325,573.1419999999999,Hold
TVS Motors,2017-09-04,620.0,625.0,605.75,613.8,615.0104357303791,122943,2521,75611228.0,18764.0,15.26,19.25,-6.2,613.8,588.8925,574.5189999999999,Hold
TVS Motors,2017-09-05,614.0,617.0,610.0,612.65,612.6716221238639,29597,712,18133242.0,7039.0,23.78,7.0,-1.35,612.65,589.575,575.93,Hold
TVS Motors,2017-09-06,612.75,621.95,606.8,618.75,619.093286407535,397507,1172,246093915.0,356797.0,89.76,15.15,6.0,618.75,590.3824999999999,577.5740000000001,Hold
TVS Motors,2017-09-07,620.0,639.5,618.4,632.5,632.595322698285,106942,2393,67651009.0,13866.0,12.97,21.1,12.5,632.5,592.2325,579.562,Hold
TVS Motors,2017-09-08,630.05,640.9,630.05,635.4,635.1749780686956,44457,1018,28237974.0,11689.0,26.29,10.85,5.35,635.4,594.505,581.563,Hold
TVS Motors,2017-09-11,638.0,647.55,636.4,639.3,642.4809837251356,69125,1418,44411498.0,13866.0,20.06,11.15,1.3,639.3,597.555,583.457,Hold
TVS Motors,2017-09-12,641.0,648.0,639.3,641.3,642.6922823687175,331099,1082,212794772.0,308643.0,93.22,8.7,0.3,641.3,602.8,585.294,Hold
TVS Motors,2017-09-13,641.5,648.5,636.5,638.0,642.0471727574229,573191,910,368015661.0,10859.0,1.89,12.0,-3.5,638.0,607.0125,587.012,Hold
TVS Motors,2017-09-14,642.5,643.25,636.0,641.05,640.6026846382117,36057,832,23098211.0,11509.0,31.92,7.25,-1.45,641.05,609.7774999999999,588.822,Hold
TVS Motors,2017-09-15,639.5,653.05,638.0,649.95,645.1973379966968,51465,1320,33205081.0,11124.0,21.61,15.05,10.45,649.95,613.225,590.874,Hold
TVS Motors,2017-09-18,660.0,665.75,655.0,663.65,660.5572789913502,68210,1335,45056612.0,14485.0,21.24,10.75,3.65,663.65,617.2175,593.073,Hold
TVS Motors,2017-09-19,663.65,666.35,657.5,659.35,660.0342182744885,40417,802,26676603.0,8095.0,20.03,8.85,-4.3,659.35,621.4275,594.818,Hold
TVS Motors,2017-09-20,659.25,662.6,652.9,655.2,656.5195504861316,23759,461,15598248.0,4187.0,17.62,9.7,-4.05,655.2,625.075,596.533,Hold
TVS Motors,2017-09-21,655.35,659.85,649.2,650.4,651.9771711243912,195279,1311,127317450.0,148032.0,75.81,10.65,-4.95,650.4,628.3825,598.221,Hold
TVS Motors,2017-09-22,649.9,649.9,628.95,634.25,635.8131192581781,58235,1351,37026577.0,7851.0,13.48,20.95,-15.65,634.25,630.425,599.621,Hold
TVS Motors,2017-09-25,638.0,644.95,620.75,641.9,634.6621239244673,69268,1506,43961776.0,14232.0,20.55,24.2,3.9,641.9,632.3225,601.029,Hold
TVS Motors,2017-09-26,648.15,651.45,642.0,647.85,647.2576973993253,46834,993,30313667.0,9491.0,20.27,9.45,-0.3,647.85,634.9775000000001,602.598,Hold
TVS Motors,2017-09-27,652.0,661.5,639.8,644.6,651.375790969802,102722,1933,66910624.0,18623.0,18.13,21.7,-7.4,644.6,636.6324999999999,604.048,Hold
TVS Motors,2017-09-28,646.0,646.0,631.15,644.0,640.2911271323048,56453,1261,36146355.0,7089.0,12.56,14.85,-2.0,644.0,638.6225,605.498,Hold
TVS Motors,2017-09-29,647.3,661.0,645.0,658.5,658.2056482427109,707937,1423,465968132.0,13679.0,1.93,16.0,11.2,658.5,641.12,607.195,Hold
TVS Motors,2017-10-03,664.3,671.85,649.25,654.65,662.0166176021106,124326,2179,82305878.0,11854.0,9.53,22.6,-9.65,654.65,643.1625,608.84,Hold
TVS Motors,2017-10-04,669.0,669.0,651.95,653.8,654.3219252134362,26823,557,17550877.0,8220.0,30.65,17.05,-15.2,653.8,645.22,610.5029999999999,Hold
TVS Motors,2017-10-05,655.0,658.45,650.15,655.05,654.5387368959346,23466,540,15359406.0,4145.0,17.66,8.3,0.05,655.05,647.035,612.065,Hold
TVS Motors,2017-10-06,653.35,666.25,652.75,659.65,661.412884064849,65321,1007,43204151.0,16791.0,25.71,13.5,6.3,659.65,648.3924999999999,613.852,Hold
TVS Motors,2017-10-09,660.0,678.0,660.0,675.85,671.4346254756484,57553,1224,38643077.0,11786.0,20.48,18.0,15.85,675.85,650.415,615.951,Hold
TVS Motors,2017-10-10,678.0,690.35,678.0,685.8,686.5475555250538,116569,2332,80030162.0,23934.0,20.53,12.35,7.8,685.8,652.74,618.196,Hold
TVS Motors,2017-10-11,692.5,692.5,680.0,683.15,685.9722074833044,54655,1106,37491811.0,15830.0,28.96,12.5,-9.35,683.15,654.8325,620.208,Hold
TVS Motors,2017-10-12,680.0,712.05,676.0,696.45,692.300382635118,71086,1280,49212865.0,12637.0,17.78,36.05,16.45,696.45,657.7549999999999,622.4939999999999,Hold
TVS Motors,2017-10-13,695.75,702.35,693.9,699.0,699.8727405045744,288560,1074,201955278.0,251679.0,87.22,8.45,3.25,699.0,660.6524999999999,624.5419999999999,Hold
TVS Motors,2017-10-16,700.65,703.05,697.5,700.4,700.0048392219876,53521,1133,37464959.0,12459.0,23.28,5.55,-0.25,700.4,663.175,626.737,Hold
TVS Motors,2017-10-17,701.0,702.0,687.6,689.1,693.2966852307339,78467,9972,54400911.0,36755.0,46.84,14.4,-11.9,689.1,664.4475,628.7869999999999,Hold
TVS Motors,2017-10-18,690.75,697.15,687.55,690.05,692.5626462646264,22220,523,15388742.0,5864.0,26.39,9.6,-0.7,690.05,665.9825,630.608,Hold
TVS Motors,2017-10-19,690.05,691.45,680.0,685.9,686.7804493910122,9524,321,6540897.0,4440.0,46.62,11.45,-4.15,685.9,667.5175,632.274,Hold
TVS Motors,2017-10-23,684.15,691.2,682.3,685.6,686.4653926206244,26425,603,18139848.0,5138.0,19.44,8.9,1.45,685.6,669.2774999999999,634.076,Hold
TVS Motors,2017-10-24,686.0,696.0,684.5,693.85,693.1664637520753,36140,660,25051036.0,6436.0,17.81,11.5,7.85,693.85,672.2574999999999,636.154,Hold
TVS Motors,2017-10-25,699.8,699.8,689.55,693.4,693.1693196845765,20417,506,14152438.0,5567.0,27.27,10.25,-6.4,693.4,674.8325,638.456,Hold
TVS Motors,2017-10-26,690.0,725.0,686.0,720.6,709.5054282604449,71662,1758,50844578.0,18615.0,25.98,39.0,30.6,720.6,678.47,642.14,Hold
TVS Motors,2017-10-27,721.0,722.6,711.9,718.05,717.4083866288653,45501,974,32642799.0,7307.0,16.06,10.7,-2.95,718.05,682.1425,645.4259999999999,Hold
TVS Motors,2017-10-30,722.0,728.65,718.45,722.7,724.3020104086862,37853,694,27417004.0,14435.0,38.13,10.2,0.7,722.7,686.0775000000001,648.165,Hold
TVS Motors,2017-10-31,722.0,732.2,719.85,725.3,724.862874364287,26545,648,19241485.0,9134.0,34.41,12.35,3.3,725.3,689.4175,651.0509999999999,Hold
TVS Motors,2017-11-01,730.9,730.9,704.6,709.0,717.5900417010973,260185,5225,186706165.0,47947.0,18.43,26.3,-21.9,709.0,692.135,653.555,Hold
TVS Motors,2017-11-02,715.0,718.6,703.55,708.2,711.6751867403691,117409,3139,83557072.0,23658.0,20.15,15.05,-6.8,708.2,694.855,656.2159999999999,Hold
TVS Motors,2017-11-03,710.15,710.15,688.25,694.9,695.6695488317001,92870,1921,64606831.0,28489.0,30.68,21.9,-15.25,694.9,696.8475000000001,658.4689999999999,Hold
TVS Motors,2017-11-06,695.0,708.9,690.1,706.3,703.305087916199,53460,1613,37598690.0,15321.0,28.66,18.8,11.3,706.3,699.18,660.91,Hold
TVS Motors,2017-11-07,709.9,717.8,699.75,707.85,709.7916463287079,71705,1673,50895610.0,25492.0,35.55,18.05,-2.05,707.85,700.78,663.1990000000001,Hold
TVS Motors,2017-11-08,715.0,715.0,691.05,694.4,697.9303891059171,45309,1142,31622528.0,10403.0,22.96,23.95,-20.6,694.4,701.2099999999999,665.008,Hold
TVS Motors,2017-11-09,691.05,698.75,681.05,694.5,691.1494462093242,58235,1336,40249088.0,16254.0,27.91,17.7,3.45,694.5,701.7774999999999,667.003,Hold
TVS Motors,2017-11-10,688.0,711.85,675.0,707.9,701.3852030007727,80246,1912,56283357.0,17324.0,21.59,36.85,19.9,707.9,702.3499999999999,668.931,Hold
TVS Motors,2017-11-13,703.0,714.9,694.55,699.65,706.25972357163,31907,743,22534629.0,6925.0,21.7,20.35,-3.35,699.65,702.3825,670.84,Hold
TVS Motors,2017-11-14,695.05,708.6,695.05,701.0,701.7646187068636,23617,601,16573575.0,5547.0,23.49,13.55,5.95,701.0,702.4125,672.689,Hold
TVS Motors,2017-11-15,701.0,702.0,691.55,696.1,695.9201636254999,43514,780,30282270.0,10297.0,23.66,10.45,-4.9,696.1,702.7625,674.335,Hold
TVS Motors,2017-11-16,689.0,708.8,689.0,705.3,702.3628318584072,28250,606,19841750.0,6833.0,24.19,19.8,16.3,705.3,703.525,676.188,Hold
TVS Motors,2017-11-17,701.0,722.55,701.0,708.6,715.9359843248828,74513,1497,53346538.0,20734.0,27.83,21.55,7.6,708.6,704.6600000000001,677.985,Hold
TVS Motors,2017-11-20,702.05,714.2,702.05,708.7,709.7247412353923,29950,631,21256256.0,6754.0,22.55,12.15,6.65,708.7,705.8149999999999,679.5090000000001,Hold
TVS Motors,2017-11-21,704.05,713.4,699.75,708.3,706.9412586327306,25774,1100,18220704.0,7267.0,28.2,13.65,4.25,708.3,706.5375,680.967,Hold
TVS Motors,2017-11-22,708.0,721.8,708.0,718.75,718.0984625979866,49369,1409,35451803.0,21440.0,43.43,13.8,10.75,718.75,707.8050000000001,682.5559999999999,Hold
TVS Motors,2017-11-23,719.5,738.4,717.0,735.85,731.3396504966543,124634,2441,91149786.0,50514.0,40.53,21.4,16.35,735.85,708.5674999999999,684.4470000000001,Hold
TVS Motors,2017-11-24,740.9,743.85,737.0,739.3,740.4836374283014,75141,1938,55640681.0,19196.0,25.55,6.85,-1.6,739.3,709.63,686.4730000000001,Hold
TVS Motors,2017-11-27,740.0,746.7,730.0,745.25,741.9826562950159,34710,1002,25754218.0,9894.0,28.5,16.7,5.25,745.25,710.7574999999999,688.557,Hold
TVS Motors,2017-11-28,746.0,747.0,740.0,743.1,743.3869039343806,21579,484,16041546.0,5064.0,23.47,7.0,-2.9,743.1,711.6475,690.42,Hold
TVS Motors,2017-11-29,743.2,743.2,731.15,735.85,736.766973744818,21710,535,15995211.0,7034.0,32.4,12.05,-7.35,735.85,712.99,691.864,Hold
TVS Motors,2017-11-30,735.9,735.9,713.05,718.8,725.4515706806282,25212,838,18290085.0,8724.0,34.6,22.85,-17.1,718.8,713.52,693.053,Hold
TVS Motors,2017-12-01,726.0,730.95,721.85,724.45,726.8843872243475,46526,1166,33819023.0,16180.0,34.78,9.1,-1.55,724.45,714.9975,694.438,Hold
TVS Motors,2017-12-04,725.0,730.95,711.2,725.45,720.0145582635962,49113,1044,35362075.0,16213.0,33.01,19.75,0.45,725.45,715.955,695.939,Hold
TVS Motors,2017-12-05,728.65,742.0,721.25,737.3,730.3005218761282,30467,632,22250066.0,8728.0,28.65,20.75,8.65,737.3,717.4275,698.0,Hold
TVS Motors,2017-12-06,738.0,744.9,731.9,734.1,738.3876130828114,43110,1428,31831890.0,10288.0,23.86,13.0,-3.9,734.1,719.4125,699.844,Hold
TVS Motors,2017-12-07,737.0,753.55,737.0,748.8,748.4428617243038,74836,1537,56010470.0,17100.0,22.85,16.55,11.8,748.8,722.1275,701.8629999999998,Hold
TVS Motors,2017-12-08,760.0,760.0,745.35,747.2,751.9591649575642,59973,1524,45097247.0,15052.0,25.1,14.65,-12.8,747.2,724.0925,703.915,Hold
TVS Motors,2017-12-11,760.0,760.0,747.8,753.8,752.156269552096,27171,1092,20436838.0,9550.0,35.15,12.2,-6.2,753.8,726.8,706.1109999999999,Hold
TVS Motors,2017-12-12,745.05,765.65,745.05,760.0,760.9894693907821,188783,1434,143661875.0,159177.0,84.32,20.6,14.95,760.0,729.75,708.141,Hold
TVS Motors,2017-12-13,767.9,767.9,742.15,745.25,753.8315177216667,308436,947,232508778.0,289965.0,94.01,25.75,-22.65,745.25,732.2075000000001,709.9529999999999,Hold
TVS Motors,2017-12-14,745.0,753.55,742.0,750.3,746.8701617490941,223247,628,166736523.0,206042.0,92.29,11.55,5.3,750.3,734.4575,711.883,Hold
TVS Motors,2017-12-15,750.3,770.0,750.3,759.1,761.6330497550915,19395,710,14771873.0,4845.0,24.98,19.7,8.8,759.1,736.9825,713.9639999999999,Hold
TVS Motors,2017-12-18,765.0,770.1,745.65,761.3,759.1982578257021,49708,3239,37738227.0,20446.0,41.13,24.45,-3.7,761.3,739.6125,715.997,Hold
TVS Motors,2017-12-19,762.0,792.85,762.0,785.3,779.1840832710977,107120,1721,83466199.0,28104.0,26.24,30.85,23.3,785.3,743.4625,718.1859999999999,Hold
TVS Motors,2017-12-20,786.15,792.35,777.2,778.45,782.7209026394142,44669,1277,34963360.0,9900.0,22.16,15.15,-7.7,778.45,746.4475,720.0390000000001,Hold
TVS Motors,2017-12-21,780.0,782.0,775.0,777.4,778.0896982875781,14716,423,11450368.0,3119.0,21.19,7.0,-2.6,777.4,748.525,721.9240000000001,Hold
TVS Motors,2017-12-22,787.9,787.9,771.45,774.85,777.9926729627671,537052,1141,417822521.0,14132.0,2.63,16.45,-13.05,774.85,750.3025,723.492,Hold
TVS Motors,2017-12-26,778.9,778.9,768.0,769.95,770.776192417448,19624,444,15125712.0,4105.0,20.92,10.9,-8.95,769.95,751.5375,724.911,Hold
TVS Motors,2017-12-27,769.0,777.0,763.55,769.0,769.1953927138167,19187,514,14758552.0,5296.0,27.6,13.45,0.0,769.0,752.8325,726.283,Hold
TVS Motors,2017-12-28,782.9,782.9,760.0,763.05,765.4128547362964,15434,389,11813382.0,5342.0,34.61,22.9,-19.85,763.05,754.1925,727.762,Hold
TVS Motors,2017-12-29,763.05,777.5,763.05,771.3,771.1811786031569,111437,552,85938117.0,5697.0,5.11,14.45,8.25,771.3,756.8175,729.387,Hold
TVS Motors,2018-01-01,764.0,776.2,764.0,766.35,768.1720972740999,25166,474,19331819.0,7201.0,28.61,12.2,2.35,766.35,758.9125,730.9960000000001,Hold
TVS Motors,2018-01-02,786.4,794.9,766.95,775.6,782.6891326651408,177394,3296,138844356.0,35046.0,19.76,27.95,-10.8,775.6,761.42,732.796,Hold
TVS Motors,2018-01-03,783.8,783.8,767.05,770.4,773.3615234245577,60364,2959,46683195.0,13964.0,23.13,16.75,-13.4,770.4,763.075,734.3270000000001,Hold
TVS Motors,2018-01-04,775.0,775.0,761.35,765.95,765.6981286510364,89187,2267,68290319.0,8005.0,8.98,13.65,-9.05,765.95,764.6675,735.778,Hold
TVS Motors,2018-01-05,767.0,775.25,765.6,767.9,770.3084386321462,56585,1116,43587903.0,8866.0,15.67,9.65,0.9,767.9,765.6225,736.724,Hold
TVS Motors,2018-01-08,765.0,771.05,764.0,767.0,767.805743486397,55576,1059,42671572.0,9121.0,16.41,7.05,2.0,767.0,766.6125,737.703,Hold
TVS Motors,2018-01-09,769.45,783.0,767.55,771.65,775.9625843675159,91860,1593,71279923.0,16813.0,18.3,15.45,2.2,771.65,767.5049999999999,738.6820000000001,Hold
TVS Motors,2018-01-10,771.5,775.35,765.0,768.25,769.5033769954973,48860,1042,37597935.0,6296.0,12.89,10.35,-3.25,768.25,767.9174999999999,739.541,Hold
TVS Motors,2018-01-11,768.0,769.2,754.0,755.65,762.9656852517763,81481,1558,62167207.0,18651.0,22.89,15.2,-12.35,755.65,768.4375,740.4739999999999,Hold
TVS Motors,2018-01-12,750.0,766.0,740.3,750.85,746.5076721526242,61065,1520,45585491.0,15082.0,24.7,25.7,0.85,750.85,768.4649999999999,741.3270000000001,Hold
TVS Motors,2018-01-15,760.0,763.0,735.5,740.05,748.8406924081693,81917,1365,61342783.0,11099.0,13.55,27.5,-19.95,740.05,767.5125,742.23,Hold
TVS Motors,2018-01-16,741.1,741.1,717.3,722.65,727.4001881821603,53140,1197,38654046.0,13232.0,24.9,23.8,-18.45,722.65,765.58,742.557,Hold
TVS Motors,2018-01-17,720.0,733.0,707.95,730.9,724.6587319485161,119727,2149,86761216.0,20934.0,17.48,25.05,10.9,730.9,762.8599999999999,743.018,Hold
TVS Motors,2018-01-18,737.0,737.0,703.9,718.3,718.5535360248103,90285,2760,64874606.0,24897.0,27.58,33.1,-18.7,718.3,759.8525,743.4959999999999,Hold
TVS Motors,2018-01-19,719.0,721.2,708.4,715.4,715.1076888091568,39577,1609,28301817.0,11239.0,28.4,12.8,-3.6,715.4,756.7525,743.914,Hold
TVS Motors,2018-01-22,708.0,722.15,708.0,714.4,716.4133832794143,29365,1685,21037479.0,10436.0,35.54,14.15,6.4,714.4,753.73,744.044,Hold
TVS Motors,2018-01-23,719.75,720.45,705.2,707.0,711.7726739110803,66442,2219,47291600.0,27509.0,41.4,15.25,-12.75,707.0,750.5825,744.191,Hold
TVS Motors,2018-01-24,700.0,716.4,700.0,707.4,710.2421647271495,44255,872,31431767.0,13370.0,30.21,16.4,7.4,707.4,747.5024999999999,744.3190000000001,Hold
TVS Motors,2018-01-25,703.3,718.0,703.05,704.85,708.8557162311134,61684,1120,43725056.0,18277.0,29.63,14.95,1.55,704.85,744.5925,744.4939999999999,Hold
TVS Motors,2018-01-29,704.85,721.5,704.85,719.7,715.5827979701269,820938,1605,587449111.0,780742.0,95.1,16.65,14.85,719.7,742.0125,744.7819999999999,Sell
TVS Motors,2018-01-30,725.0,734.0,694.6,712.9,712.5615682427912,307886,6542,219387731.0,45069.0,14.64,39.4,-12.1,712.9,739.34,744.868,Hold
TVS Motors,2018-01-31,713.0,717.25,684.0,695.1,692.3489324540008,166035,3333,114954155.0,37969.0,22.87,33.25,-17.9,695.1,735.3149999999999,744.5959999999999,Hold
TVS Motors,2018-02-01,697.0,697.35,668.4,674.05,680.7973388438082,138887,3569,94553900.0,29494.0,21.24,28.95,-22.95,674.05,730.4975000000001,743.9110000000001,Hold
TVS Motors,2018-02-02,674.05,674.05,640.1,644.8,653.7151752969597,159786,3371,104454533.0,20487.0,12.82,33.95,-29.25,644.8,724.4399999999999,742.4320000000001,Hold
TVS Motors,2018-02-05,638.05,660.7,620.05,659.1,644.0322879743472,103537,2224,66681171.0,19798.0,19.12,40.65,21.05,659.1,719.0,740.8969999999999,Hold
TVS Motors,2018-02-06,648.0,662.4,602.05,649.35,635.9366114205045,179922,3795,114418987.0,28688.0,15.94,60.35,1.35,649.35,713.1175000000001,739.0980000000001,Hold
TVS Motors,2018-02-07,652.3,668.2,645.95,648.0,654.8445701429017,221341,2092,144943952.0,11905.0,5.38,22.25,-4.3,648.0,706.9350000000001,737.153,Hold
TVS Motors,2018-02-08,645.0,670.0,644.65,665.5,658.9730995599074,56579,1171,37284039.0,10679.0,18.87,25.35,20.5,665.5,701.7975,735.6010000000001,Hold
TVS Motors,2018-02-09,660.0,671.6,651.95,663.65,662.4613430599883,46059,1112,30512307.0,10284.0,22.33,19.65,3.65,663.65,697.1975,734.1569999999999,Hold
TVS Motors,2018-02-12,664.0,673.05,658.0,661.5,666.2282748963511,36421,840,24264700.0,8454.0,23.21,15.05,-2.5,661.5,692.73,733.0110000000001,Hold
TVS Motors,2018-02-14,655.0,668.7,647.7,651.75,658.7850209574233,54396,944,35835270.0,15308.0,28.14,21.0,-3.25,651.75,688.3149999999999,731.557,Hold
TVS Motors,2018-02-15,647.25,661.35,647.25,655.9,655.37811922366,43280,1353,28364765.0,7698.0,17.79,14.1,8.65,655.9,684.9775,730.166,Hold
TVS Motors,2018-02-16,656.0,660.85,643.0,652.45,650.1760888468698,514053,831,334224969.0,478085.0,93.0,17.85,-3.55,652.45,681.0550000000001,728.4689999999999,Hold
TVS Motors,2018-02-19,653.0,657.75,637.0,652.25,647.9331587049929,43521,984,28198699.0,5366.0,12.33,20.75,-0.75,652.25,677.7524999999999,726.832,Hold
TVS Motors,2018-02-20,652.35,654.45,645.3,650.2,649.8444076613857,38061,889,24733728.0,6028.0,15.84,9.15,-2.15,650.2,674.4925,724.86,Hold
TVS Motors,2018-02-21,653.2,653.45,628.0,635.5,636.9984223271287,81766,2312,52084813.0,15060.0,18.42,25.45,-17.7,635.5,670.5475,722.6259999999999,Hold
TVS Motors,2018-02-22,640.0,641.0,624.7,630.5,633.4942292015273,46614,1010,29529700.0,7165.0,15.37,16.3,-9.5,630.5,666.7225000000001,720.16,Hold
TVS Motors,2018-02-23,635.0,669.95,635.0,666.65,646.5339737724915,295110,2503,190798641.0,243681.0,82.57,34.95,31.65,666.65,664.6850000000001,718.293,Hold
TVS Motors,2018-02-26,668.0,681.65,667.9,679.3,676.2672429514536,54834,993,37082438.0,10135.0,18.48,13.75,11.3,679.3,663.4075,716.974,Hold
TVS Motors,2018-02-27,685.0,693.0,673.5,675.8,679.3417212735378,41051,845,27887657.0,7068.0,17.22,19.5,-9.2,675.8,661.2125,715.4839999999999,Hold
TVS Motors,2018-02-28,680.0,683.5,668.05,681.05,674.726082842725,152192,873,102687912.0,135814.0,89.24,15.45,1.05,681.05,659.62,713.923,Hold
TVS Motors,2018-03-01,681.0,687.3,674.1,676.8,679.5861412660369,42558,776,28921827.0,9215.0,21.65,13.2,-4.2,676.8,658.7049999999999,712.2330000000001,Hold
TVS Motors,2018-03-05,679.5,686.7,661.15,664.5,674.4168091901137,66071,1554,44559393.0,11222.0,16.98,25.55,-15.0,664.5,658.2275,709.8170000000001,Hold
TVS Motors,2018-03-06,664.85,670.2,641.05,645.1,652.5896317829457,45408,990,29632790.0,11679.0,25.72,29.15,-19.75,645.1,658.2425000000001,707.15,Hold
TVS Motors,2018-03-07,644.0,644.0,629.15,634.0,636.6864480055337,34696,824,22090473.0,5828.0,16.8,14.85,-10.0,634.0,656.9875,704.2819999999999,Hold
TVS Motors,2018-03-08,635.0,649.3,621.85,646.1,634.0082684643749,53698,1310,34044976.0,7685.0,14.31,27.45,11.1,646.1,656.825,701.707,Hold
TVS Motors,2018-03-09,650.0,650.45,636.2,645.7,643.725207879904,35838,907,23069824.0,4366.0,12.18,14.25,-4.3,645.7,656.7099999999999,699.222,Hold
TVS Motors,2018-03-12,652.0,656.5,642.55,650.0,649.264979093117,39939,831,25930994.0,10142.0,25.39,13.95,-2.0,650.0,655.935,696.842,Hold
TVS Motors,2018-03-13,645.0,657.55,636.8,642.7,646.2492783835792,49888,1089,32240084.0,7864.0,15.76,20.75,-2.3,642.7,654.8875,694.435,Hold
TVS Motors,2018-03-14,640.0,645.8,632.05,642.75,641.531319237397,73118,1446,46907487.0,12157.0,16.63,13.75,2.75,642.75,653.95,691.864,Hold
TVS Motors,2018-03-15,658.0,658.0,640.0,643.0,646.14593453778,54963,2281,35514119.0,14627.0,26.61,18.0,-15.0,643.0,653.5125,689.3969999999999,Hold
TVS Motors,2018-03-16,643.1,643.1,628.8,631.65,637.1451054365269,35519,1294,22630757.0,12707.0,35.78,14.3,-11.45,631.65,652.3,686.518,Hold
TVS Motors,2018-03-19,630.0,632.85,606.0,614.7,615.1600913937548,72215,1858,44423786.0,11351.0,15.72,26.85,-15.3,614.7,650.4125,683.404,Hold
TVS Motors,2018-03-20,610.0,627.0,608.1,623.2,619.7126087363202,42764,1317,26501390.0,6494.0,15.19,18.9,13.2,623.2,648.96,680.549,Hold
TVS Motors,2018-03-21,625.5,628.65,611.2,615.4,619.3534069912138,26519,790,16424633.0,5038.0,19.0,17.45,-10.1,615.4,647.22,677.4989999999999,Hold
TVS Motors,2018-03-22,612.0,625.0,602.65,605.55,608.5084622092505,56191,1217,34192699.0,10071.0,17.92,22.35,-6.45,605.55,645.7225000000001,674.27,Hold
TVS Motors,2018-03-23,600.0,614.7,588.45,609.4,603.5499931119989,108885,1673,65717541.0,55026.0,50.54,26.25,9.4,609.4,644.6675,671.025,Hold
TVS Motors,2018-03-26,603.5,627.4,602.5,619.75,615.3866483217244,34887,956,21468994.0,11310.0,32.42,24.9,16.25,619.75,642.3225,668.055,Hold
TVS Motors,2018-03-27,625.0,627.45,615.2,616.85,619.3670093157725,24904,705,15424716.0,7801.0,31.32,12.25,-8.15,616.85,639.2,665.279,Hold
TVS Motors,2018-03-28,611.0,621.0,606.65,616.95,614.1930460634845,55163,1483,33880731.0,16919.0,30.67,14.35,5.95,616.95,636.2575,662.6010000000001,Hold
TVS Motors,2018-04-02,622.3,666.1,620.0,662.3,651.3277545721381,141728,3566,92311380.0,17572.0,12.4,46.1,40.0,662.3,635.3199999999999,661.046,Hold
TVS Motors,2018-04-03,659.8,659.8,642.55,649.35,649.6874548891561,58190,1884,37805313.0,12489.0,21.46,17.25,-10.45,649.35,633.9475,659.58,Hold
TVS Motors,2018-04-04,650.0,654.55,640.0,645.35,648.3844055267095,45452,1166,29470368.0,6986.0,15.37,14.55,-4.65,645.35,632.99,657.8689999999999,Hold
TVS Motors,2018-04-05,643.15,656.15,643.15,648.8,648.9199146954008,35637,730,23125559.0,9599.0,26.94,13.0,5.65,648.8,633.175,656.4789999999999,Hold
TVS Motors,2018-04-06,651.0,653.95,638.0,645.4,643.439163270199,50052,1601,32205417.0,20711.0,41.38,15.95,-5.6,645.4,633.745,655.0790000000001,Hold
TVS Motors,2018-04-09,654.0,654.0,642.0,645.75,645.9338896973657,33671,1160,21749240.0,7407.0,22.0,12.0,-8.25,645.75,633.7275,653.706,Hold
TVS Motors,2018-04-10,642.0,651.8,639.35,641.3,643.0724712347587,34938,807,22467666.0,8990.0,25.73,12.45,-0.7,641.3,633.5075,652.3919999999999,Hold
TVS Motors,2018-04-11,636.05,642.35,628.8,630.0,630.3217036618565,546963,1473,344762650.0,493553.0,90.24,13.55,-6.05,630.0,632.5075,650.8439999999999,Hold
TVS Motors,2018-04-12,625.0,646.05,624.0,642.15,640.154096694764,76757,1700,49136308.0,32717.0,42.62,22.05,17.15,642.15,632.48,649.59,Hold
TVS Motors,2018-04-13,645.0,670.0,639.0,662.15,656.7290953370832,196272,5756,128897533.0,89024.0,45.36,31.0,17.15,662.15,633.45,648.439,Hold
TVS Motors,2018-04-16,654.8,677.3,652.15,675.5,669.3449708054349,107383,2318,71876271.0,23777.0,22.14,25.15,20.7,675.5,635.075,647.691,Hold
TVS Motors,2018-04-17,677.0,689.0,670.2,674.2,680.3496531248162,136072,4115,92576538.0,31810.0,23.38,18.8,-2.8,674.2,637.2025000000001,647.2729999999999,Hold
TVS Motors,2018-04-18,674.2,679.0,665.9,674.75,673.0060726156993,62576,2472,42114028.0,14766.0,23.6,13.1,0.55,674.75,640.205,647.2869999999999,Hold
TVS Motors,2018-04-19,674.75,681.85,671.4,674.7,675.470797740616,35939,3817,24275745.0,10270.0,28.58,10.45,-0.05,674.7,642.78,647.885,Hold
TVS Motors,2018-04-20,669.0,676.65,663.5,667.65,667.524947320891,26576,707,17740143.0,4818.0,18.13,13.15,-1.35,667.65,645.3924999999999,648.056,Hold
TVS Motors,2018-04-23,665.0,680.55,660.0,664.5,673.9993145990404,33557,776,22617395.0,6766.0,20.16,20.55,-0.5,664.5,648.3399999999999,648.359,Hold
TVS Motors,2018-04-24,661.1,670.85,659.15,663.9,664.6371695974847,54706,979,36359641.0,16043.0,29.33,11.7,2.8,663.9,651.065,648.677,Buy
TVS Motors,2018-04-25,660.15,668.5,654.45,655.75,656.7991817916167,92397,1158,60686274.0,56752.0,61.42,14.05,-4.4,655.75,652.865,648.482,Hold
TVS Motors,2018-04-26,655.25,662.75,645.3,651.75,656.0394124746,96949,1950,63602365.0,55485.0,57.23,17.45,-3.5,651.75,654.61,648.2439999999999,Hold
TVS Motors,2018-04-27,646.5,669.95,646.5,668.25,665.1016992031033,47434,1653,31548434.0,13486.0,28.43,23.45,21.75,668.25,657.175,648.3789999999999,Hold
TVS Motors,2018-04-30,693.4,693.4,664.75,667.75,668.9416330217724,54243,1526,36285401.0,13460.0,24.81,28.65,-25.65,667.75,657.4475,648.699,Hold
TVS Motors,2018-05-02,675.0,675.0,632.95,637.55,650.0938276458562,127180,2671,82678933.0,26391.0,20.75,42.05,-37.45,637.55,656.8575,648.332,Hold
TVS Motors,2018-05-03,636.0,644.0,630.0,637.9,635.454806287201,56114,1551,35657911.0,9903.0,17.65,14.0,1.9,637.9,656.4849999999999,648.0409999999999,Hold
TVS Motors,2018-05-04,640.0,643.05,608.1,616.25,618.1560991555434,91775,3020,56731276.0,32020.0,34.89,34.95,-23.75,616.25,654.8575,647.321,Hold
TVS Motors,2018-05-07,620.0,630.0,611.4,627.6,621.9576742783519,72958,1786,45376788.0,17004.0,23.31,18.6,7.6,627.6,653.9675,646.8689999999999,Hold
TVS Motors,2018-05-08,628.55,638.7,622.5,625.0,629.3340392511882,61858,1727,38929345.0,15128.0,24.46,16.2,-3.55,625.0,652.9300000000001,646.659,Hold
TVS Motors,2018-05-09,634.0,634.0,617.15,621.15,623.9473603672533,32675,739,20387480.0,7823.0,23.94,16.85,-12.85,621.15,651.9224999999999,646.472,Hold
TVS Motors,2018-05-10,629.9,629.9,614.15,617.6,619.9462215630783,146992,1139,91127135.0,122375.0,83.25,15.75,-12.3,617.6,651.3025,645.4910000000001,Hold
TVS Motors,2018-05-11,614.0,629.5,614.0,624.4,625.9356548601116,28487,740,17831029.0,7565.0,26.56,15.5,10.4,624.4,650.415,644.3929999999999,Hold
TVS Motors,2018-05-14,628.55,631.25,617.6,619.55,624.000803369282,82154,1379,51264162.0,22829.0,27.79,13.65,-9.0,619.55,648.2850000000001,643.2679999999999,Hold
TVS Motors,2018-05-15,614.0,628.5,614.0,621.35,621.9212789768186,31275,741,19450588.0,6853.0,21.91,14.5,7.35,621.35,645.5775,642.0740000000001,Hold
TVS Motors,2018-05-16,626.0,630.0,580.4,610.1,608.6904045357592,1371325,9778,834712369.0,858403.0,62.6,49.6,-15.9,610.1,642.3725,640.74,Hold
TVS Motors,2018-05-17,580.0,607.15,580.0,590.65,592.848593114576,303685,5298,180039225.0,35924.0,11.83,27.15,10.65,590.65,638.1674999999999,639.263,Sell
TVS Motors,2018-05-18,595.65,595.65,557.4,572.15,568.331675592961,203892,4059,115878282.0,45703.0,22.42,38.25,-23.5,572.15,633.0400000000001,637.804,Hold
TVS Motors,2018-05-21,585.0,585.0,553.55,562.6,561.9339115121104,82904,1510,46586569.0,18895.0,22.79,31.45,-22.4,562.6,627.7875,636.376,Hold
TVS Motors,2018-05-22,570.0,574.95,560.85,563.75,568.6354923139309,54254,1285,30850750.0,13998.0,25.8,14.1,-6.25,563.75,622.75,634.729,Hold
TVS Motors,2018-05-23,563.8,576.0,563.3,565.05,570.0958415575094,44584,994,25417153.0,8273.0,18.56,12.7,1.25,565.05,617.8075,633.116,Hold
TVS Motors,2018-05-24,566.0,569.6,537.75,542.05,549.392686221978,87342,1870,47985056.0,34651.0,39.67,31.85,-23.95,542.05,612.1225,630.957,Hold
TVS Motors,2018-05-25,540.0,568.4,536.9,564.45,553.4445362674726,127056,2033,70318449.0,27316.0,21.5,31.5,24.45,564.45,607.7574999999999,629.3919999999999,Hold
TVS Motors,2018-05-28,570.0,589.65,563.9,584.9,581.8750263198529,71239,1366,41452195.0,13515.0,18.97,25.75,14.9,584.9,603.5899999999999,628.2349999999999,Hold
TVS Motors,2018-05-29,584.0,600.4,579.95,594.1,593.944684183052,57470,1038,34134001.0,9279.0,16.15,20.45,10.1,594.1,599.9075,627.257,Hold
TVS Motors,2018-05-30,599.0,608.8,581.0,604.8,597.5280214270301,78779,1411,47072660.0,11842.0,15.03,27.8,5.8,604.8,598.27,626.72,Hold
TVS Motors,2018-05-31,604.0,607.65,585.0,587.85,595.5558642196572,55796,1579,33229635.0,12069.0,21.63,22.65,-16.15,587.85,595.7675,626.183,Hold
TVS Motors,2018-06-01,591.0,598.25,584.0,595.7,590.8635352487706,565963,2544,334406899.0,427776.0,75.58,14.25,4.7,595.7,594.74,625.6329999999999,Hold
TVS Motors,2018-06-04,600.0,602.9,556.85,566.15,575.8271366527066,128940,2548,74247151.0,13002.0,10.08,46.05,-33.85,566.15,591.6675,624.648,Hold
TVS Motors,2018-06-05,566.5,575.3,559.4,566.25,566.7468178781286,58373,1083,33082712.0,13234.0,22.67,15.9,-0.25,566.25,588.73,623.862,Hold
TVS Motors,2018-06-06,568.8,576.65,559.0,568.1,567.4716015858361,276195,1957,156732819.0,202930.0,73.47,17.65,-0.7,568.1,586.0775000000001,623.036,Hold
TVS Motors,2018-06-07,572.0,578.95,569.45,575.45,574.608958363912,40878,891,23488865.0,8796.0,21.52,9.5,3.45,575.45,583.97,622.15,Hold
TVS Motors,2018-06-08,579.9,584.1,569.35,580.2,576.5854206876073,47149,695,27185426.0,7735.0,16.41,14.75,0.3,580.2,581.76,621.4169999999999,Hold
TVS Motors,2018-06-11,585.0,593.25,577.85,584.05,587.1051074858973,65590,990,38508224.0,13193.0,20.11,15.4,-0.95,584.05,579.9849999999999,620.759,Hold
TVS Motors,2018-06-12,584.95,587.0,578.4,581.5,582.35516202742,19256,532,11213831.0,5892.0,30.6,8.6,-3.45,581.5,577.9925000000001,619.1429999999999,Hold
TVS Motors,2018-06-13,589.0,589.0,573.6,576.4,579.6390871728314,18492,704,10718686.0,5639.0,30.49,15.4,-12.6,576.4,576.3075,617.684,Hold
TVS Motors,2018-06-14,576.5,587.95,568.95,584.4,576.9697784718608,34578,668,19950461.0,9059.0,26.2,19.0,7.9,584.4,575.9950000000001,616.465,Hold
TVS Motors,2018-06-15,584.4,591.0,577.1,581.75,584.0091265485338,31885,672,18621131.0,6425.0,20.15,13.9,-2.65,581.75,576.475,615.1239999999999,Hold
TVS Motors,2018-06-18,588.0,600.7,588.0,594.45,594.955915448822,70206,1413,41769475.0,14874.0,21.19,12.7,6.45,594.45,578.0675,614.105,Hold
TVS Motors,2018-06-19,594.0,598.5,583.55,590.7,588.6436699485928,57385,1010,33779317.0,14407.0,25.11,14.95,-3.3,590.7,579.4150000000001,613.004,Hold
TVS Motors,2018-06-20,583.05,590.0,578.45,585.15,585.271507944934,28257,921,16538017.0,7043.0,24.92,11.55,2.1,585.15,580.42,611.8810000000001,Hold
TVS Motors,2018-06-21,584.8,589.95,575.6,580.25,580.7923923586219,71139,2257,41316990.0,23165.0,32.56,14.35,-4.55,580.25,582.33,610.8860000000001,Hold
TVS Motors,2018-06-22,580.5,585.15,576.95,582.6,582.2845433255269,24766,588,14420859.0,6185.0,24.97,8.2,2.1,582.6,583.2375,609.695,Hold
TVS Motors,2018-06-25,579.5,604.0,579.5,597.4,597.7674573975436,109266,2378,65315659.0,17443.0,15.96,24.5,17.9,597.4,583.8625,608.4,Hold
TVS Motors,2018-06-26,597.0,597.0,581.25,585.85,588.2249493750437,57284,1707,33695878.0,7992.0,13.95,15.75,-11.15,585.85,583.45,606.607,Hold
TVS Motors,2018-06-27,581.0,584.5,560.75,568.6,576.2927642633715,38683,1325,22292733.0,9901.0,25.6,23.75,-12.4,568.6,581.6400000000001,604.495,Hold
TVS Motors,2018-06-28,564.9,573.2,553.1,556.65,559.1609160107956,61877,1606,34599200.0,12483.0,20.17,20.1,-8.25,556.65,580.08,602.133,Hold
TVS Motors,2018-06-29,560.0,562.1,548.5,552.3,552.8110412209841,62638,2092,34626978.0,13164.0,21.02,13.6,-7.7,552.3,577.91,599.685,Hold
TVS Motors,2018-07-02,570.0,570.5,550.4,556.4,558.8413004919222,114449,2552,63958828.0,9501.0,8.3,20.1,-13.6,556.4,577.4224999999999,597.46,Hold
TVS Motors,2018-07-03,553.3,564.5,552.8,559.45,559.7172737583415,37913,1017,21220561.0,4736.0,12.49,11.7,6.15,559.45,577.0825,595.3589999999999,Hold
TVS Motors,2018-07-04,561.5,584.3,560.6,581.1,573.2684644867235,57922,1337,33204856.0,9173.0,15.84,23.7,19.6,581.1,577.7325,593.703,Hold
TVS Motors,2018-07-05,586.0,586.0,565.05,570.25,573.7159458422409,36486,893,20932600.0,4349.0,11.92,20.95,-15.75,570.25,577.4725000000001,591.993,Hold
TVS Motors,2018-07-06,570.0,587.25,567.05,577.45,581.2393987315976,61337,1567,35651481.0,7396.0,12.06,20.2,7.45,577.45,577.3349999999999,590.5070000000001,Hold
TVS Motors,2018-07-09,579.0,594.0,579.0,589.5,589.5614856069469,60689,1222,35779897.0,8561.0,14.11,15.0,10.5,589.5,577.6075,588.932,Hold
TVS Motors,2018-07-10,595.75,595.75,583.0,585.95,588.4761902348027,197272,2858,116089875.0,8252.0,4.18,12.75,-9.8,585.95,577.83,587.296,Hold
TVS Motors,2018-07-11,584.3,588.35,578.0,579.25,580.7137370652022,379113,2366,220156127.0,205630.0,54.24,10.35,-5.05,579.25,577.9725000000001,586.13,Hold
TVS Motors,2018-07-12,583.0,592.05,575.35,578.4,585.5469641294839,57150,1490,33464009.0,9234.0,16.16,16.7,-4.6,578.4,577.6724999999999,584.94,Hold
TVS Motors,2018-07-13,580.05,585.05,569.0,583.0,577.8227138643068,47460,1391,27423466.0,8318.0,17.53,16.05,2.95,583.0,577.7349999999999,584.275,Hold
TVS Motors,2018-07-16,583.05,589.0,563.6,571.4,581.6414695106365,70418,1792,40958029.0,6273.0,8.91,25.4,-11.65,571.4,576.5825,583.1510000000001,Hold
TVS Motors,2018-07-17,568.0,579.95,564.75,572.85,573.2475074190312,46839,1044,26850340.0,5316.0,11.35,15.2,4.85,572.85,575.6899999999999,582.1080000000001,Hold
TVS Motors,2018-07-18,575.25,577.9,560.8,568.7,570.0012512944425,46352,1008,26420698.0,7406.0,15.98,17.1,-6.55,568.7,574.8675000000001,581.059,Hold
TVS Motors,2018-07-19,568.0,575.5,561.65,563.7,566.9987931371909,30658,915,17383049.0,6402.0,20.88,13.85,-4.3,563.7,574.04,579.981,Hold
TVS Motors,2018-07-20,562.45,569.0,561.0,564.4,564.975352594824,36515,1018,20630075.0,3112.0,8.52,8.0,1.95,564.4,573.13,578.781,Hold
TVS Motors,2018-07-23,564.0,564.0,524.25,540.3,537.8702432109156,180584,5449,97130760.0,22633.0,12.53,39.75,-23.7,540.3,570.275,577.196,Hold
TVS Motors,2018-07-24,540.0,554.8,530.4,551.85,544.667724761089,119082,3436,64860122.0,16455.0,13.82,24.4,11.85,551.85,568.575,575.806,Hold
TVS Motors,2018-07-25,551.0,551.0,535.6,540.5,540.5515705698078,59055,2328,31922273.0,9033.0,15.3,15.4,-10.5,540.5,567.17,574.414,Hold
TVS Motors,2018-07-26,541.9,541.9,518.25,524.85,527.6123871744176,116330,3485,61377149.0,26732.0,22.98,23.65,-17.05,524.85,565.58,573.098,Hold
TVS Motors,2018-07-27,530.0,531.05,523.4,526.1,526.6294284420936,83946,1707,44208434.0,12081.0,14.39,7.65,-3.9,526.1,564.2700000000001,572.177,Hold
TVS Motors,2018-07-30,527.0,528.75,511.0,513.65,513.2858052348755,1083808,3068,556303262.0,976880.0,90.13,17.75,-13.35,513.65,562.1325,571.198,Hold
TVS Motors,2018-07-31,520.75,520.75,507.35,517.45,515.9609111148573,344062,2626,177522543.0,233599.0,67.89,13.4,-3.3,517.45,560.0325,570.2719999999999,Hold
